# Blender 5.1.2
# www.blender.org
o Suzanne
v 0.438531 0.161730 0.761176
v -0.438531 0.161730 0.761176
v 0.491537 0.103407 0.686198
v -0.491536 0.103407 0.686198
v 0.537109 0.063802 0.580078
v -0.537109 0.063802 0.580078
v 0.351563 -0.010417 0.616536
v -0.351563 -0.010417 0.616536
v 0.351617 0.045356 0.714898
v -0.351617 0.045356 0.714898
v 0.352159 0.128798 0.777886
v -0.352159 0.128798 0.777886
v 0.271105 0.161730 0.792915
v -0.271105 0.161730 0.792915
v 0.212185 0.103407 0.737033
v -0.212185 0.103407 0.737033
v 0.166016 0.063802 0.646484
v -0.166016 0.063802 0.646484
v 0.091146 0.242839 0.654948
v -0.091146 0.242839 0.654948
v 0.154080 0.242296 0.739475
v -0.154080 0.242296 0.739475
v 0.238173 0.242784 0.794271
v -0.238173 0.242784 0.794271
v 0.271105 0.329210 0.792915
v -0.271105 0.329210 0.792915
v 0.212185 0.382161 0.737033
v -0.212185 0.382161 0.737033
v 0.166016 0.427734 0.646484
v -0.166016 0.427734 0.646484
v 0.351563 0.502604 0.616536
v -0.351563 0.502604 0.616536
v 0.351617 0.440321 0.714898
v -0.351617 0.440321 0.714898
v 0.352159 0.362739 0.777886
v -0.352159 0.362739 0.777886
v 0.438531 0.329210 0.761176
v -0.438531 0.329210 0.761176
v 0.491536 0.382161 0.686198
v -0.491536 0.382161 0.686198
v 0.537109 0.427734 0.580078
v -0.537109 0.427734 0.580078
v 0.611979 0.242839 0.565104
v -0.611979 0.242839 0.565104
v 0.549696 0.242296 0.672418
v -0.549696 0.242296 0.672418
v 0.471571 0.242784 0.753364
v -0.471571 0.242784 0.753364
v 0.463180 0.242766 0.776837
v -0.463180 0.242766 0.776838
v 0.434010 0.325159 0.784089
v -0.434010 0.325159 0.784089
v 0.352141 0.359411 0.803729
v -0.352141 0.359411 0.803729
v 0.275318 0.325159 0.817708
v -0.275318 0.325159 0.817708
v 0.241645 0.242766 0.818866
v -0.241645 0.242766 0.818866
v 0.275318 0.165943 0.817708
v -0.275318 0.165943 0.817708
v 0.351913 0.242713 0.823217
v -0.351913 0.242713 0.823217
v 0.352141 0.132270 0.803729
v -0.352141 0.132270 0.803729
v 0.434010 0.165943 0.784089
v -0.434010 0.165943 0.784089
v 0.000000 0.431749 0.738498
v 0.000000 0.352036 0.811553
v -0.000000 -0.667752 0.735677
v 0.000000 -0.310764 0.779948
v 0.000000 -0.179253 0.793077
v 0.000000 -0.768012 0.716037
v 0.000000 0.427047 0.612413
v 0.000000 0.567393 0.550308
v 0.000000 0.870768 -0.508247
v 0.000000 0.531467 -0.799045
v 0.000000 0.085938 -0.790365
v 0.000000 -0.362305 -0.319878
v 0.218913 -0.180556 0.573297
v -0.218913 -0.180556 0.573296
v 0.296495 -0.441623 0.567166
v -0.296495 -0.441623 0.567166
v 0.333008 -0.674805 0.562446
v -0.333008 -0.674805 0.562446
v 0.348090 -0.859809 0.532227
v -0.348090 -0.859809 0.532227
v 0.311035 -0.936198 0.525228
v -0.311035 -0.936198 0.525228
v 0.174262 -0.962999 0.550836
v -0.174262 -0.962999 0.550836
v 0.000000 -0.977648 0.569879
v 0.430664 -0.124674 0.540961
v -0.430664 -0.124674 0.540961
v 0.628201 -0.021213 0.529026
v -0.628201 -0.021213 0.529026
v 0.802029 0.161513 0.470703
v -0.802029 0.161513 0.470703
v 0.830458 0.405165 0.579481
v -0.830458 0.405165 0.579481
v 0.699599 0.481283 0.624783
v -0.699599 0.481283 0.624783
v 0.491428 0.595757 0.684082
v -0.491428 0.595757 0.684082
v 0.321669 0.726725 0.729221
v -0.321669 0.726725 0.729221
v 0.168728 0.690321 0.751356
v -0.168728 0.690321 0.751356
v 0.071669 0.497559 0.745985
v -0.071669 0.497559 0.745985
v 0.166233 0.408854 0.778158
v -0.166233 0.408854 0.778158
v 0.123264 0.308594 0.771267
v -0.123264 0.308594 0.771267
v 0.209581 0.078016 0.747233
v -0.209581 0.078017 0.747233
v 0.372450 0.023926 0.705078
v -0.372450 0.023926 0.705078
v 0.501628 0.071235 0.672472
v -0.501628 0.071235 0.672472
v 0.620117 0.188531 0.649631
v -0.620117 0.188531 0.649631
v 0.640028 0.299425 0.653537
v -0.640028 0.299425 0.653537
v 0.594076 0.375760 0.675076
v -0.594076 0.375760 0.675076
v 0.435818 0.441352 0.726780
v -0.435818 0.441352 0.726780
v 0.247559 0.472548 0.766710
v -0.247559 0.472548 0.766710
v -0.000000 -0.752279 0.733182
v 0.111875 -0.733125 0.728359
v -0.111875 -0.733125 0.728359
v 0.120063 -0.835504 0.705132
v -0.120063 -0.835504 0.705132
v 0.068468 -0.882433 0.690213
v -0.068468 -0.882433 0.690213
v 0.000000 -0.892470 0.684570
v 0.000000 -0.181641 0.758092
v -0.000000 -0.135002 0.746094
v 0.097819 -0.148655 0.750651
v -0.097819 -0.148655 0.750651
v 0.123969 -0.225966 0.750054
v -0.123969 -0.225966 0.750054
v 0.088672 -0.297266 0.743555
v -0.088672 -0.297266 0.743555
v 0.395291 -0.044976 0.669596
v -0.395291 -0.044976 0.669596
v 0.600586 0.051921 0.622721
v -0.600586 0.051921 0.622721
v 0.718099 0.199436 0.599718
v -0.718099 0.199436 0.599718
v 0.736979 0.362033 0.650770
v -0.736979 0.362033 0.650770
v 0.667318 0.423503 0.713379
v -0.667318 0.423503 0.713379
v 0.450901 0.539714 0.778754
v -0.450901 0.539714 0.778754
v 0.315755 0.626899 0.817817
v -0.315755 0.626899 0.817817
v 0.204102 0.600260 0.834093
v -0.204102 0.600260 0.834093
v 0.104058 0.441949 0.828830
v -0.104058 0.441949 0.828830
v 0.139353 -0.096798 0.782079
v -0.139353 -0.096798 0.782079
v 0.209093 -0.454861 0.700575
v -0.209093 -0.454861 0.700575
v 0.245280 -0.689507 0.681478
v -0.245280 -0.689507 0.681478
v 0.257541 -0.815701 0.658366
v -0.257541 -0.815701 0.658366
v 0.228516 -0.904026 0.632704
v -0.228516 -0.904026 0.632704
v 0.150119 -0.928711 0.632053
v -0.150119 -0.928711 0.632053
v 0.000000 -0.941515 0.638021
v 0.000000 0.041963 0.737394
v 0.000000 0.209635 0.765408
v 0.329373 0.481988 0.750814
v -0.329373 0.481988 0.750814
v 0.153917 0.135959 0.750977
v -0.153917 0.135959 0.750977
v 0.126790 0.213162 0.760471
v -0.126790 0.213162 0.760471
v 0.115072 -0.671495 0.731662
v -0.115072 -0.671495 0.731662
v 0.085992 -0.452962 0.744792
v -0.085992 -0.452962 0.744792
v 0.000000 -0.454644 0.748047
v -0.000000 -0.331163 0.746094
v 0.087348 -0.272732 0.781250
v -0.087348 -0.272732 0.781250
v 0.125109 -0.222873 0.793023
v -0.125109 -0.222873 0.793023
v 0.103407 -0.142958 0.781847
v -0.103407 -0.142958 0.781847
v 0.039334 -0.134006 0.781847
v -0.039334 -0.134006 0.781847
v -0.000000 -0.202829 0.824219
v 0.046875 -0.153564 0.810547
v -0.046875 -0.153564 0.810547
v 0.090983 -0.161214 0.810547
v -0.090983 -0.161214 0.810547
v 0.098850 -0.221246 0.822320
v -0.098850 -0.221246 0.822320
v 0.073812 -0.254069 0.804606
v -0.073812 -0.254069 0.804606
v 0.000000 -0.278754 0.804688
v 0.250380 -0.314779 0.558485
v -0.250380 -0.314779 0.558485
v 0.164551 -0.236545 0.708171
v -0.164551 -0.236545 0.708171
v 0.179905 -0.315972 0.700738
v -0.179905 -0.315972 0.700738
v 0.225857 -0.246908 0.561740
v -0.225857 -0.246908 0.561740
v -0.000000 -0.873698 0.683051
v 0.048123 -0.863987 0.685330
v -0.048123 -0.863987 0.685330
v 0.091688 -0.818142 0.704698
v -0.091688 -0.818142 0.704698
v 0.087185 -0.750271 0.719998
v -0.087185 -0.750271 0.719998
v 0.000000 -0.782227 0.660699
v 0.082791 -0.764052 0.664677
v -0.082791 -0.764052 0.664677
v 0.088542 -0.810791 0.650906
v -0.088542 -0.810791 0.650906
v 0.049588 -0.843207 0.640318
v -0.049588 -0.843207 0.640318
v 0.000000 -0.852539 0.639432
v 0.172418 0.220106 0.776205
v -0.172418 0.220106 0.776204
v 0.188748 0.157552 0.770671
v -0.188748 0.157552 0.770671
v 0.337240 0.428440 0.758084
v -0.337240 0.428440 0.758084
v 0.272135 0.420573 0.770779
v -0.272135 0.420573 0.770779
v 0.426432 0.399523 0.759711
v -0.426432 0.399523 0.759711
v 0.553440 0.351020 0.696994
v -0.553440 0.351020 0.696994
v 0.585124 0.286567 0.683106
v -0.585124 0.286567 0.683106
v 0.571560 0.195692 0.680067
v -0.571560 0.195692 0.680067
v 0.476671 0.104384 0.712457
v -0.476671 0.104384 0.712457
v 0.371040 0.067871 0.738824
v -0.371040 0.067871 0.738824
v 0.235080 0.109212 0.772298
v -0.235080 0.109212 0.772298
v 0.178657 0.297580 0.777941
v -0.178657 0.297580 0.777941
v 0.211534 0.374240 0.777995
v -0.211534 0.374240 0.777995
v 0.235026 0.357422 0.758464
v -0.235026 0.357422 0.758464
v 0.198568 0.296224 0.757161
v -0.198568 0.296224 0.757162
v 0.250000 0.125651 0.754557
v -0.250000 0.125651 0.754557
v 0.371094 0.091797 0.727214
v -0.371094 0.091797 0.727214
v 0.460938 0.122396 0.702474
v -0.460938 0.122396 0.702474
v 0.540365 0.208984 0.674479
v -0.540365 0.208984 0.674479
v 0.552083 0.279948 0.672526
v -0.552083 0.279948 0.672526
v 0.523438 0.335938 0.684896
v -0.523438 0.335938 0.684896
v 0.417318 0.387370 0.744141
v -0.417318 0.387370 0.744141
v 0.281901 0.395833 0.763672
v -0.281901 0.395833 0.763672
v 0.337891 0.404297 0.751302
v -0.337891 0.404297 0.751302
v 0.205729 0.172526 0.750651
v -0.205729 0.172526 0.750651
v 0.195964 0.227865 0.750651
v -0.195964 0.227865 0.750651
v 0.122083 0.482565 0.612227
v -0.122083 0.482565 0.612227
v 0.199870 0.649089 0.630534
v -0.199870 0.649089 0.630534
v 0.332520 0.675619 0.609619
v -0.332520 0.675619 0.609619
v 0.464375 0.553125 0.556914
v -0.464375 0.553125 0.556914
v 0.671929 0.460124 0.489475
v -0.671929 0.460124 0.489475
v 0.785428 0.392198 0.454644
v -0.785428 0.392198 0.454644
v 0.771376 0.173937 0.366591
v -0.771376 0.173937 0.366591
v 0.614312 -0.000597 0.396647
v -0.614312 -0.000597 0.396647
v 0.422057 -0.106406 0.453268
v -0.422057 -0.106406 0.453268
v -0.000000 0.870334 0.272461
v 0.000000 0.961372 -0.083984
v -0.000000 -0.181532 -0.636285
v 0.000000 -0.444661 0.148003
v 0.000000 -0.957682 0.457682
v 0.000000 -0.792101 0.355035
v 0.000000 -0.576715 0.324436
v -0.000000 -0.478407 0.273655
v 0.826497 0.228082 0.095432
v -0.826497 0.228082 0.095432
v 0.841758 0.305156 -0.049766
v -0.841758 0.305156 -0.049766
v 0.765469 0.279102 -0.423594
v -0.765469 0.279102 -0.423594
v 0.425564 0.441298 -0.677246
v -0.425564 0.441298 -0.677246
v 0.707500 -0.036250 0.072188
v -0.707500 -0.036250 0.072188
v 0.611484 -0.113047 -0.166953
v -0.611484 -0.113047 -0.166953
v 0.646864 -0.000109 -0.409994
v -0.646864 -0.000109 -0.409993
v 0.329065 0.070313 -0.662724
v -0.329065 0.070312 -0.662724
v 0.236057 -0.370985 0.408040
v -0.236057 -0.370985 0.408040
v 0.167643 -0.422743 0.272352
v -0.167643 -0.422743 0.272352
v 0.282878 -0.728082 0.396159
v -0.282878 -0.728082 0.396159
v 0.250000 -0.524089 0.402615
v -0.250000 -0.524089 0.402615
v 0.303874 -0.898112 0.416585
v -0.303874 -0.898112 0.416585
v 0.141819 -0.755154 0.371691
v -0.141819 -0.755154 0.371691
v 0.130046 -0.546387 0.352159
v -0.130046 -0.546387 0.352159
v 0.163249 -0.931587 0.440213
v -0.163249 -0.931586 0.440213
v 0.231224 -0.283945 0.410951
v -0.231224 -0.283945 0.410951
v 0.229420 -0.219347 0.473126
v -0.229420 -0.219347 0.473126
v 0.230279 -0.171631 0.501112
v -0.230279 -0.171631 0.501112
v 0.212044 -0.374805 0.157865
v -0.212044 -0.374805 0.157865
v 0.280707 -0.300184 -0.255697
v -0.280707 -0.300184 -0.255697
v 0.321361 -0.138346 -0.536639
v -0.321361 -0.138346 -0.536639
v 0.431369 0.824978 -0.400336
v -0.431369 0.824978 -0.400336
v 0.430990 0.907498 -0.082628
v -0.430990 0.907498 -0.082628
v 0.431478 0.822645 0.215603
v -0.431478 0.822645 0.215603
v 0.439073 0.549696 0.422363
v -0.439073 0.549696 0.422363
v 0.738824 0.408529 0.303385
v -0.738824 0.408529 0.303385
v 0.631185 0.476020 0.296007
v -0.631185 0.476020 0.296007
v 0.637044 0.687229 0.072917
v -0.637044 0.687229 0.072917
v 0.783800 0.545030 0.102105
v -0.783800 0.545030 0.102105
v 0.785753 0.593642 -0.131402
v -0.785753 0.593642 -0.131402
v 0.638021 0.743869 -0.178440
v -0.638021 0.743869 -0.178440
v 0.636285 0.660156 -0.424262
v -0.636285 0.660156 -0.424262
v 0.774902 0.531169 -0.350260
v -0.774902 0.531169 -0.350260
v 0.607910 0.335612 -0.567763
v -0.607910 0.335612 -0.567763
v 0.483060 0.020234 -0.528372
v -0.483060 0.020234 -0.528372
v 0.823789 0.343047 -0.204844
v -0.823789 0.343047 -0.204844
v 0.407279 -0.178633 0.156224
v -0.407279 -0.178633 0.156224
v 0.435493 -0.180447 -0.209093
v -0.435493 -0.180447 -0.209093
v 0.895616 0.399306 -0.250217
v -0.895616 0.399306 -0.250217
v 0.786621 -0.128038 -0.162706
v -0.786621 -0.128038 -0.162706
v 1.036784 -0.085612 -0.331434
v -1.036784 -0.085612 -0.331434
v 1.263672 0.065592 -0.427409
v -1.263672 0.065592 -0.427409
v 1.330567 0.309408 -0.428060
v -1.330567 0.309408 -0.428060
v 1.223850 0.480903 -0.420736
v -1.223850 0.480903 -0.420736
v 1.029188 0.465007 -0.326986
v -1.029188 0.465007 -0.326986
v 1.023383 0.410807 -0.299316
v -1.023383 0.410807 -0.299316
v 1.182346 0.422526 -0.389920
v -1.182346 0.422526 -0.389920
v 1.258898 0.283203 -0.409722
v -1.258898 0.283203 -0.409722
v 1.204264 0.085178 -0.403103
v -1.204265 0.085178 -0.403103
v 1.030708 -0.033746 -0.305718
v -1.030707 -0.033746 -0.305718
v 0.835829 -0.066243 -0.156521
v -0.835829 -0.066243 -0.156521
v 0.922906 0.357422 -0.230903
v -0.922906 0.357422 -0.230903
v 0.945909 0.306098 -0.291775
v -0.945909 0.306098 -0.291775
v 0.885525 -0.023872 -0.227105
v -0.885525 -0.023872 -0.227105
v 1.038357 0.002713 -0.359972
v -1.038357 0.002713 -0.359972
v 1.182672 0.097276 -0.438802
v -1.182672 0.097276 -0.438802
v 1.229601 0.248535 -0.445204
v -1.229601 0.248535 -0.445204
v 1.167318 0.353895 -0.431586
v -1.167318 0.353895 -0.431586
v 1.029948 0.346300 -0.358832
v -1.029948 0.346300 -0.358832
v 0.848633 0.287760 -0.214735
v -0.848633 0.287760 -0.214735
v 0.831272 0.173286 -0.271430
v -0.831272 0.173286 -0.271430
v 0.767361 0.095486 -0.270942
v -0.767361 0.095486 -0.270942
v 0.815755 0.077474 -0.278402
v -0.815755 0.077474 -0.278402
v 0.830024 0.020454 -0.270671
v -0.830024 0.020454 -0.270671
v 0.813260 -0.014323 -0.263997
v -0.813260 -0.014323 -0.263997
v 0.735713 0.022208 -0.074363
v -0.735713 0.022208 -0.074363
v 0.724831 -0.026823 -0.169714
v -0.724831 -0.026823 -0.169714
v 0.733503 0.045951 -0.191432
v -0.733503 0.045951 -0.191432
v 0.801812 0.202637 -0.202040
v -0.801812 0.202637 -0.202040
v 0.887044 0.244737 -0.268012
v -0.887044 0.244737 -0.268012
v 0.897461 0.229221 -0.320204
v -0.897461 0.229221 -0.320204
v 0.826253 -0.011312 -0.308268
v -0.826253 -0.011312 -0.308268
v 0.852648 0.021756 -0.317166
v -0.852648 0.021756 -0.317166
v 0.829698 0.077799 -0.317057
v -0.829698 0.077799 -0.317057
v 0.782064 0.101156 -0.314535
v -0.782064 0.101156 -0.314535
v 0.844727 0.165744 -0.317112
v -0.844727 0.165744 -0.317112
v 1.045229 0.323278 -0.407552
v -1.045229 0.323278 -0.407552
v 1.173159 0.330440 -0.468859
v -1.173159 0.330440 -0.468859
v 1.234049 0.236382 -0.478624
v -1.234050 0.236382 -0.478624
v 1.187120 0.100098 -0.468262
v -1.187120 0.100098 -0.468262
v 1.042209 0.015788 -0.405599
v -1.042209 0.015788 -0.405599
v 0.894314 -0.008355 -0.283203
v -0.894314 -0.008355 -0.283203
v 0.959581 0.284397 -0.345323
v -0.959581 0.284397 -0.345323
v 0.890788 0.112847 -0.329319
v -0.890788 0.112847 -0.329319
v 0.928114 0.061306 -0.332086
v -0.928114 0.061306 -0.332086
v 1.000000 0.118978 -0.368707
v -1.000000 0.118978 -0.368707
v 0.957303 0.173123 -0.350315
v -0.957303 0.173123 -0.350315
v 1.014920 0.233019 -0.372776
v -1.014920 0.233019 -0.372776
v 1.063748 0.180556 -0.389648
v -1.063748 0.180556 -0.389648
v 1.117594 0.218587 -0.402181
v -1.117594 0.218587 -0.402181
v 1.086408 0.274070 -0.397732
v -1.086408 0.274070 -0.397732
v 1.029785 0.395942 -0.467339
v -1.029785 0.395942 -0.467339
v 1.242911 0.425130 -0.526783
v -1.242911 0.425130 -0.526783
v 1.345974 0.291911 -0.498183
v -1.345974 0.291911 -0.498183
v 1.287182 0.092394 -0.517940
v -1.287182 0.092394 -0.517940
v 1.039659 -0.035916 -0.468208
v -1.039659 -0.035916 -0.468207
v 0.801812 -0.073188 -0.336968
v -0.801812 -0.073188 -0.336968
v 0.862685 0.339138 -0.378906
v -0.862684 0.339138 -0.378906
v 0.507813 0.242513 0.716797
v 0.460286 0.199870 0.756185
v 0.462891 0.134440 0.727539
v 0.529297 0.169271 0.677409
v -0.529297 0.169271 0.677409
v -0.462891 0.134440 0.727539
v -0.460286 0.199870 0.756185
v -0.507813 0.242513 0.716797
v 0.582031 0.242513 0.619792
v 0.514974 0.082357 0.634440
v 0.585938 0.148438 0.570313
v -0.585938 0.148438 0.570313
v -0.514974 0.082357 0.634440
v -0.582031 0.242513 0.619792
v 0.425130 0.065755 0.700195
v 0.351563 0.015625 0.667318
v 0.449219 0.015625 0.597656
v -0.449219 0.015625 0.597656
v -0.351563 0.015625 0.667318
v -0.425130 0.065755 0.700195
v 0.397461 0.140299 0.769206
v 0.351888 0.089844 0.749675
v -0.351888 0.089844 0.749675
v -0.397461 0.140299 0.769206
v 0.309245 0.140299 0.786133
v 0.243815 0.134440 0.767904
v 0.278320 0.065755 0.727214
v -0.278320 0.065755 0.727214
v -0.243815 0.134440 0.767904
v -0.309245 0.140299 0.786133
v 0.188151 0.082357 0.693359
v 0.253906 0.015625 0.632813
v -0.253906 0.015625 0.632813
v -0.188151 0.082357 0.693359
v 0.174479 0.169271 0.739258
v 0.121094 0.242513 0.698568
v 0.117188 0.148438 0.652344
v -0.117188 0.148438 0.652344
v -0.121094 0.242513 0.698568
v -0.174479 0.169271 0.739258
v 0.249675 0.199870 0.794271
v 0.199219 0.242513 0.769531
v -0.199219 0.242513 0.769531
v -0.249674 0.199870 0.794271
v 0.249675 0.288086 0.794271
v 0.243815 0.353516 0.767904
v 0.174479 0.315755 0.739258
v -0.174479 0.315755 0.739258
v -0.243815 0.353516 0.767904
v -0.249674 0.288086 0.794271
v 0.188151 0.405599 0.693359
v 0.117188 0.339844 0.652344
v -0.117188 0.339844 0.652344
v -0.188151 0.405599 0.693359
v 0.278320 0.419922 0.727214
v 0.351563 0.472656 0.667318
v 0.253906 0.476563 0.632813
v -0.253906 0.476563 0.632813
v -0.351563 0.472656 0.667318
v -0.278320 0.419922 0.727214
v 0.309245 0.351237 0.786133
v 0.351888 0.398438 0.749675
v -0.351888 0.398438 0.749675
v -0.309245 0.351237 0.786133
v 0.397461 0.351237 0.769206
v 0.462891 0.353516 0.727539
v 0.425130 0.419922 0.700195
v -0.425130 0.419922 0.700195
v -0.462891 0.353516 0.727539
v -0.397461 0.351237 0.769206
v 0.514974 0.405599 0.634440
v 0.449219 0.476563 0.597656
v -0.449219 0.476563 0.597656
v -0.514974 0.405599 0.634440
v 0.529297 0.315755 0.677409
v 0.585938 0.339844 0.570313
v -0.585938 0.339844 0.570313
v -0.529297 0.315755 0.677409
v 0.460286 0.288086 0.756185
v -0.460286 0.288086 0.756185
v 0.467448 0.242839 0.766927
v 0.436523 0.327474 0.774414
v 0.450260 0.284453 0.781146
v -0.450260 0.284453 0.781146
v -0.436523 0.327474 0.774414
v -0.467448 0.242839 0.766927
v 0.352214 0.361328 0.792643
v 0.393828 0.344193 0.795078
v -0.393828 0.344193 0.795078
v -0.352214 0.361328 0.792643
v 0.273438 0.327474 0.807292
v 0.312839 0.344193 0.812552
v -0.312839 0.344193 0.812552
v -0.273438 0.327474 0.807292
v 0.240234 0.242839 0.808594
v 0.256641 0.284453 0.819635
v -0.256641 0.284453 0.819635
v -0.240234 0.242839 0.808594
v 0.273438 0.164063 0.807292
v 0.256641 0.203464 0.819635
v -0.256641 0.203464 0.819635
v -0.273438 0.164062 0.807292
v 0.352214 0.130859 0.792643
v 0.312839 0.147266 0.812552
v -0.312839 0.147266 0.812552
v -0.352214 0.130859 0.792643
v 0.436523 0.164063 0.774414
v 0.393828 0.147266 0.795078
v -0.393828 0.147266 0.795078
v -0.436523 0.164063 0.774414
v 0.450260 0.203464 0.781146
v -0.450260 0.203464 0.781146
v 0.418482 0.242740 0.798019
v 0.400647 0.196457 0.802478
v -0.418482 0.242740 0.798019
v -0.400647 0.196457 0.802478
v 0.352115 0.176373 0.814197
v -0.352115 0.176373 0.814197
v 0.305832 0.196457 0.822562
v -0.305832 0.196457 0.822562
v 0.285748 0.242740 0.823666
v -0.285748 0.242740 0.823667
v 0.305832 0.291825 0.822562
v -0.305832 0.291825 0.822562
v 0.352115 0.312461 0.814197
v -0.352115 0.312461 0.814197
v 0.400647 0.291825 0.802478
v -0.400647 0.291825 0.802478
v 0.088542 -0.972005 0.562500
v 0.166667 -0.948893 0.593750
v 0.078451 -0.936523 0.635417
v 0.000000 -0.962240 0.606771
v -0.078451 -0.936523 0.635417
v -0.166667 -0.948893 0.593750
v -0.088542 -0.972005 0.562500
v 0.248698 -0.951823 0.536784
v 0.275065 -0.925130 0.581055
v 0.194661 -0.919596 0.630859
v -0.194661 -0.919596 0.630859
v -0.275065 -0.925130 0.581055
v -0.248698 -0.951823 0.536784
v 0.336263 -0.904948 0.526042
v 0.312174 -0.848633 0.598633
v 0.246745 -0.863932 0.644531
v -0.246745 -0.863932 0.644531
v -0.312174 -0.848633 0.598633
v -0.336263 -0.904948 0.526042
v 0.343424 -0.774740 0.547526
v 0.298828 -0.690755 0.627279
v 0.254232 -0.759440 0.670247
v -0.254232 -0.759440 0.670247
v -0.298828 -0.690755 0.627279
v -0.343424 -0.774740 0.547526
v 0.316081 -0.555339 0.566732
v 0.261393 -0.452148 0.638997
v 0.227865 -0.572917 0.692057
v -0.227865 -0.572917 0.692057
v -0.261393 -0.452148 0.638997
v -0.316081 -0.555339 0.566732
v 0.188151 -0.148763 0.675781
v 0.315430 -0.153971 0.557943
v 0.414063 -0.089518 0.607096
v 0.268880 -0.070964 0.724284
v -0.268880 -0.070964 0.724284
v -0.414063 -0.089518 0.607096
v -0.315430 -0.153971 0.557943
v -0.188151 -0.148763 0.675781
v 0.531576 -0.078451 0.536784
v 0.620443 0.013346 0.578776
v 0.503906 -0.000977 0.642253
v -0.503906 -0.000977 0.642253
v -0.620443 0.013346 0.578776
v -0.531576 -0.078451 0.536784
v 0.722005 0.063151 0.494141
v 0.766602 0.180664 0.536784
v 0.667318 0.122396 0.607096
v -0.667318 0.122396 0.607096
v -0.766602 0.180664 0.536784
v -0.722005 0.063151 0.494141
v 0.829753 0.288737 0.520182
v 0.790365 0.387370 0.620768
v 0.735026 0.285156 0.621419
v -0.735026 0.285156 0.621419
v -0.790365 0.387370 0.620768
v -0.829753 0.288737 0.520182
v 0.775391 0.449544 0.605143
v 0.688151 0.455729 0.677083
v 0.712891 0.394857 0.681641
v -0.712891 0.394857 0.681641
v -0.688151 0.455729 0.677083
v -0.775391 0.449544 0.605143
v 0.596680 0.534505 0.653971
v 0.472005 0.574219 0.740234
v 0.561849 0.479492 0.747070
v -0.561849 0.479492 0.747070
v -0.472005 0.574219 0.740234
v -0.596680 0.534505 0.653971
v 0.403971 0.667643 0.708333
v 0.317383 0.686198 0.783203
v 0.377930 0.589518 0.800456
v -0.377930 0.589518 0.800456
v -0.317383 0.686198 0.783203
v -0.403971 0.667643 0.708333
v 0.242188 0.723958 0.742513
v 0.182943 0.653320 0.802409
v 0.258789 0.625000 0.827800
v -0.258789 0.625000 0.827800
v -0.182943 0.653320 0.802409
v -0.242188 0.723958 0.742513
v 0.116536 0.595052 0.750000
v 0.083333 0.472331 0.796224
v 0.153320 0.523438 0.833008
v -0.153320 0.523438 0.833008
v -0.083333 0.472331 0.796224
v -0.116536 0.595052 0.750000
v 0.034831 0.452799 0.741536
v 0.000000 0.402344 0.783854
v 0.056966 0.393880 0.819661
v -0.056966 0.393880 0.819661
v -0.034831 0.452799 0.741537
v 0.134766 0.424154 0.806966
v 0.205404 0.444661 0.773438
v 0.226563 0.534180 0.803711
v -0.226563 0.534180 0.803711
v -0.205404 0.444661 0.773438
v -0.134766 0.424154 0.806966
v 0.287760 0.481771 0.759115
v 0.321940 0.551758 0.787760
v -0.321940 0.551758 0.787760
v -0.287760 0.481771 0.759115
v 0.378581 0.464844 0.740560
v 0.441732 0.489583 0.755208
v -0.441732 0.489583 0.755208
v -0.378581 0.464844 0.740560
v 0.517578 0.409831 0.700846
v 0.630859 0.397786 0.696940
v -0.630859 0.397786 0.696940
v -0.517578 0.409831 0.700846
v 0.625000 0.339518 0.662109
v 0.686198 0.329102 0.653646
v -0.686198 0.329102 0.653646
v -0.625000 0.339518 0.662109
v 0.637044 0.246094 0.649740
v 0.666992 0.195638 0.629232
v -0.666992 0.195638 0.629232
v -0.637044 0.246094 0.649740
v 0.565430 0.127279 0.659505
v 0.550781 0.063802 0.649740
v -0.550781 0.063802 0.649740
v -0.565430 0.127279 0.659505
v 0.439128 0.039714 0.687826
v 0.382162 -0.008464 0.691732
v -0.382161 -0.008464 0.691732
v -0.439128 0.039714 0.687826
v 0.287760 0.046549 0.727539
v 0.175781 0.003255 0.766602
v -0.175781 0.003255 0.766602
v -0.287760 0.046549 0.727539
v 0.175456 0.106445 0.750651
v 0.087565 0.095378 0.743490
v 0.071615 -0.025065 0.765299
v -0.071615 -0.025065 0.765299
v -0.087565 0.095378 0.743490
v -0.175456 0.106445 0.750651
v 0.140951 0.360026 0.775716
v 0.068685 0.326172 0.791667
v -0.068685 0.326172 0.791667
v -0.140951 0.360026 0.775716
v 0.122070 0.259766 0.765951
v 0.000000 0.277344 0.787761
v 0.067383 0.210938 0.762370
v -0.067383 0.210938 0.762370
v -0.122070 0.259766 0.765951
v 0.000000 0.136719 0.747396
v 0.138672 0.172852 0.755208
v -0.138672 0.172852 0.755208
v 0.109049 -0.904622 0.664714
v 0.034831 -0.889648 0.686523
v 0.000000 -0.916016 0.664063
v -0.034831 -0.889648 0.686523
v -0.109049 -0.904622 0.664714
v 0.171549 -0.868815 0.673503
v 0.097331 -0.863281 0.696940
v -0.097331 -0.863281 0.696940
v -0.171549 -0.868815 0.673503
v 0.186198 -0.772135 0.697917
v 0.123047 -0.785156 0.716146
v -0.123047 -0.785156 0.716146
v -0.186198 -0.772135 0.697917
v 0.146810 -0.454102 0.728516
v 0.100586 -0.566732 0.738607
v 0.180664 -0.680664 0.711589
v -0.180664 -0.680664 0.711589
v -0.100586 -0.566732 0.738607
v -0.146810 -0.454102 0.728516
v 0.115885 -0.709635 0.729492
v -0.115885 -0.709635 0.729492
v 0.084635 -0.369792 0.743164
v 0.042969 -0.319010 0.746094
v 0.000000 -0.383464 0.746094
v 0.041016 -0.453776 0.748047
v -0.041016 -0.453776 0.748047
v -0.042969 -0.319010 0.746094
v -0.084635 -0.369792 0.743164
v 0.056641 -0.668620 0.735677
v 0.000000 -0.563151 0.742188
v -0.056641 -0.668620 0.735677
v 0.000000 -0.719401 0.734375
v 0.054362 -0.738607 0.733398
v -0.054362 -0.738607 0.733399
v 0.111654 -0.258789 0.746745
v 0.123698 -0.223958 0.771484
v 0.111003 -0.249674 0.787761
v 0.085612 -0.280273 0.762695
v -0.085612 -0.280273 0.762695
v -0.111003 -0.249674 0.787760
v -0.123698 -0.223958 0.771484
v -0.111654 -0.258789 0.746745
v 0.116536 -0.185547 0.750977
v 0.100260 -0.147135 0.762695
v 0.118815 -0.181315 0.788086
v -0.118815 -0.181315 0.788086
v -0.100260 -0.147135 0.762695
v -0.116536 -0.185547 0.750977
v 0.053711 -0.133464 0.747721
v 0.025065 -0.138346 0.762695
v 0.071940 -0.132161 0.780599
v -0.071940 -0.132161 0.780599
v -0.025065 -0.138346 0.762695
v -0.053711 -0.133464 0.747721
v 0.000000 -0.166016 0.753255
v 0.000000 -0.181641 0.771484
v 0.018229 -0.158854 0.788086
v -0.018229 -0.158854 0.788086
v 0.000000 -0.317057 0.761719
v 0.045898 -0.295573 0.779948
v -0.045898 -0.295573 0.779948
v 0.000000 -0.297526 0.792969
v 0.081706 -0.262370 0.794596
v 0.041016 -0.267253 0.804688
v -0.041016 -0.267253 0.804688
v -0.081706 -0.262370 0.794596
v 0.000000 -0.185547 0.809896
v 0.029622 -0.175456 0.817708
v 0.044271 -0.142253 0.798177
v -0.044271 -0.142253 0.798177
v -0.029622 -0.175456 0.817708
v 0.069336 -0.155599 0.811198
v 0.098307 -0.150716 0.798177
v -0.098307 -0.150716 0.798177
v -0.069336 -0.155599 0.811198
v 0.096680 -0.189128 0.817708
v 0.116536 -0.222656 0.809570
v -0.116536 -0.222656 0.809570
v -0.096680 -0.189128 0.817708
v 0.087565 -0.239909 0.814128
v -0.087565 -0.239909 0.814128
v 0.054688 -0.214193 0.824870
v -0.054688 -0.214193 0.824870
v 0.000000 -0.244792 0.816406
v 0.000000 -0.059896 0.741536
v 0.106445 -0.127604 0.769857
v -0.106445 -0.127604 0.769857
v 0.140951 -0.230794 0.734050
v 0.148112 -0.177083 0.743490
v -0.148112 -0.177083 0.743490
v -0.140951 -0.230794 0.734049
v 0.134766 -0.307292 0.727214
v 0.172526 -0.276042 0.700846
v -0.172526 -0.276042 0.700846
v -0.134766 -0.307292 0.727214
v 0.193359 -0.377604 0.701497
v -0.193359 -0.377604 0.701497
v 0.272786 -0.370443 0.562826
v 0.220703 -0.317708 0.633464
v -0.220703 -0.317708 0.633464
v -0.272786 -0.370443 0.562826
v 0.237305 -0.278646 0.558919
v 0.197917 -0.243164 0.637370
v -0.197917 -0.243164 0.637370
v -0.237305 -0.278646 0.558919
v 0.211589 -0.213216 0.569336
v -0.211589 -0.213216 0.569336
v 0.093424 -0.741862 0.728516
v 0.000000 -0.763021 0.727214
v 0.047526 -0.757161 0.718424
v -0.047526 -0.757161 0.718425
v -0.093424 -0.741862 0.728516
v 0.100911 -0.823893 0.710938
v 0.095378 -0.780925 0.713542
v -0.095378 -0.780925 0.713542
v -0.100911 -0.823893 0.710938
v 0.054362 -0.871745 0.692708
v 0.071940 -0.844076 0.694336
v -0.071940 -0.844076 0.694336
v -0.054362 -0.871745 0.692708
v 0.000000 -0.881510 0.688151
v 0.024089 -0.871094 0.683268
v -0.024089 -0.871094 0.683268
v 0.000000 -0.865885 0.660156
v 0.046875 -0.856445 0.661458
v 0.025391 -0.849284 0.639648
v -0.025391 -0.849284 0.639648
v -0.046875 -0.856445 0.661458
v 0.089844 -0.814128 0.676107
v 0.072500 -0.825078 0.643021
v -0.072500 -0.825078 0.643021
v -0.089844 -0.814128 0.676107
v 0.085938 -0.754557 0.693034
v 0.089375 -0.787813 0.654505
v -0.089375 -0.787812 0.654505
v -0.085938 -0.754557 0.693034
v 0.000000 -0.772135 0.688802
v 0.044922 -0.772461 0.663086
v -0.044922 -0.772461 0.663086
v 0.000000 -0.817057 0.645182
v 0.068281 -0.803047 0.647474
v -0.068281 -0.803047 0.647474
v 0.154297 0.216471 0.769206
v 0.177083 0.150065 0.762370
v 0.178711 0.187500 0.773112
v -0.178711 0.187500 0.773112
v -0.177083 0.150065 0.762370
v -0.154297 0.216471 0.769206
v 0.155273 0.301432 0.773438
v 0.173503 0.258138 0.777344
v -0.173503 0.258138 0.777344
v -0.155273 0.301432 0.773438
v 0.190755 0.390951 0.776042
v 0.192708 0.337240 0.778320
v -0.192708 0.337240 0.778320
v -0.190755 0.390951 0.776042
v 0.224935 0.100260 0.758464
v 0.206380 0.132812 0.772787
v -0.206380 0.132813 0.772787
v -0.224935 0.100260 0.758464
v 0.370768 0.047852 0.723633
v 0.300456 0.084961 0.756836
v -0.300456 0.084961 0.756836
v -0.370768 0.047852 0.723633
v 0.485026 0.087565 0.694987
v 0.425781 0.080078 0.725586
v -0.425781 0.080078 0.725586
v -0.485026 0.087565 0.694987
v 0.592773 0.190755 0.666992
v 0.527995 0.147786 0.694987
v -0.527995 0.147786 0.694987
v -0.592773 0.190755 0.666992
v 0.609701 0.290365 0.668620
v 0.583659 0.242513 0.679688
v -0.583659 0.242513 0.679688
v -0.609701 0.290365 0.668620
v 0.571615 0.361979 0.684245
v 0.575521 0.320638 0.687174
v -0.575521 0.320638 0.687174
v -0.571615 0.361979 0.684245
v 0.430990 0.416341 0.740885
v 0.492513 0.376628 0.729167
v -0.492513 0.376628 0.729167
v -0.430990 0.416341 0.740886
v 0.333984 0.449544 0.750977
v 0.378581 0.416341 0.761393
v -0.378581 0.416341 0.761393
v -0.333984 0.449544 0.750977
v 0.261393 0.441732 0.765299
v 0.303711 0.427734 0.763672
v -0.303711 0.427734 0.763672
v -0.261393 0.441732 0.765299
v 0.240560 0.400391 0.775065
v -0.240560 0.400391 0.775065
v 0.277669 0.407227 0.768229
v 0.224284 0.364909 0.769531
v 0.257813 0.378906 0.761719
v -0.257813 0.378906 0.761719
v -0.224284 0.364909 0.769531
v -0.277669 0.407227 0.768229
v 0.337891 0.415365 0.755859
v 0.308594 0.402344 0.757813
v -0.308594 0.402344 0.757813
v -0.337891 0.415365 0.755859
v 0.421875 0.392253 0.754883
v 0.375000 0.398438 0.750000
v -0.375000 0.398438 0.750000
v -0.421875 0.392253 0.754883
v 0.538086 0.343099 0.693034
v 0.472656 0.363281 0.714844
v -0.472656 0.363281 0.714844
v -0.538086 0.343099 0.693034
v 0.567708 0.283203 0.680013
v 0.542969 0.308594 0.675781
v -0.542969 0.308594 0.675781
v -0.567708 0.283203 0.680013
v 0.555339 0.202148 0.679036
v 0.550781 0.246094 0.671875
v -0.550781 0.246094 0.671875
v -0.555339 0.202148 0.679036
v 0.468750 0.114258 0.709961
v 0.503906 0.164063 0.687500
v -0.503906 0.164063 0.687500
v -0.468750 0.114258 0.709961
v 0.371094 0.080729 0.735352
v 0.417969 0.101563 0.714844
v -0.417969 0.101563 0.714844
v -0.371094 0.080729 0.735352
v 0.242839 0.117513 0.765951
v 0.308594 0.105469 0.742188
v -0.308594 0.105469 0.742188
v -0.242839 0.117513 0.765951
v 0.197591 0.165039 0.762695
v 0.222656 0.148438 0.753906
v -0.222656 0.148438 0.753906
v -0.197591 0.165039 0.762695
v 0.190104 0.296549 0.769206
v 0.214844 0.328125 0.757813
v -0.214844 0.328125 0.757813
v -0.190104 0.296549 0.769206
v 0.184896 0.223958 0.765625
v 0.195313 0.261719 0.753906
v -0.195313 0.261719 0.753906
v -0.184896 0.223958 0.765625
v 0.199219 0.199219 0.750000
v -0.199219 0.199219 0.750000
v 0.000000 0.427734 0.673177
v 0.086263 0.489583 0.679688
v 0.048177 0.447995 0.610625
v -0.048177 0.447995 0.610625
v -0.086263 0.489583 0.679688
v 0.180990 0.676107 0.684896
v 0.170247 0.570964 0.621745
v -0.170247 0.570964 0.621745
v -0.180990 0.676107 0.684896
v 0.328776 0.708008 0.662435
v 0.265951 0.666992 0.615234
v -0.265951 0.666992 0.615234
v -0.328776 0.708008 0.662435
v 0.492188 0.581055 0.619466
v 0.388346 0.621094 0.588867
v -0.388346 0.621094 0.588867
v -0.492188 0.581055 0.619466
v 0.689128 0.473633 0.561198
v 0.580729 0.505859 0.520508
v -0.580729 0.505859 0.520508
v -0.689128 0.473633 0.561198
v 0.814779 0.400391 0.520182
v 0.737305 0.431966 0.473633
v -0.737305 0.431966 0.473633
v -0.814779 0.400391 0.520182
v 0.787760 0.163411 0.425456
v 0.790365 0.288411 0.407878
v -0.790365 0.288411 0.407878
v -0.787760 0.163411 0.425456
v 0.617513 -0.013021 0.472982
v 0.699870 0.080729 0.375000
v -0.699870 0.080729 0.375000
v -0.617513 -0.013021 0.472982
v 0.432943 -0.114258 0.500651
v 0.525065 -0.055664 0.421549
v -0.525065 -0.055664 0.421549
v -0.432943 -0.114258 0.500651
v 0.065430 -0.564779 0.335286
v 0.000000 -0.518880 0.302083
v 0.088867 -0.456055 0.267578
v 0.147135 -0.476563 0.315430
v -0.147135 -0.476563 0.315430
v -0.088867 -0.456055 0.267578
v -0.065430 -0.564779 0.335286
v 0.070638 -0.777344 0.361979
v 0.000000 -0.680990 0.337240
v 0.133138 -0.648112 0.362630
v -0.133138 -0.648112 0.362630
v -0.070638 -0.777344 0.361979
v 0.081706 -0.947266 0.451172
v 0.000000 -0.884115 0.402344
v 0.152669 -0.851563 0.401367
v -0.152669 -0.851563 0.401367
v -0.081706 -0.947266 0.451172
v 0.170573 -0.956706 0.495117
v 0.000000 -0.976563 0.515625
v -0.170573 -0.956706 0.495117
v 0.315104 -0.921224 0.463542
v 0.244141 -0.915690 0.424479
v -0.244141 -0.915690 0.424479
v -0.315104 -0.921224 0.463542
v 0.325846 -0.794596 0.459310
v 0.298828 -0.824544 0.402995
v -0.298828 -0.824544 0.402995
v -0.325846 -0.794596 0.459310
v 0.300781 -0.597656 0.479167
v 0.265625 -0.624674 0.398437
v -0.265625 -0.624674 0.398438
v -0.300781 -0.597656 0.479167
v 0.215169 -0.732747 0.378581
v 0.191406 -0.526042 0.371419
v -0.191406 -0.526042 0.371419
v -0.215169 -0.732747 0.378581
v 0.206055 -0.390299 0.332682
v 0.242188 -0.441732 0.405273
v -0.242188 -0.441732 0.405273
v -0.206055 -0.390299 0.332682
v 0.272786 -0.403320 0.487956
v -0.272786 -0.403320 0.487956
v 0.239909 -0.300130 0.493490
v 0.234701 -0.246094 0.446289
v 0.222331 -0.238281 0.511719
v -0.222331 -0.238281 0.511719
v -0.234701 -0.246094 0.446289
v -0.239909 -0.300130 0.493490
v 0.228841 -0.328451 0.412760
v -0.228841 -0.328451 0.412760
v 0.224284 -0.179362 0.527018
v 0.229245 -0.190547 0.487370
v -0.229245 -0.190547 0.487370
v -0.224284 -0.179362 0.527018
v 0.310104 -0.143438 0.486667
v -0.310104 -0.143437 0.486667
v 0.000000 -0.059896 -0.725260
v 0.173503 0.079427 -0.736979
v 0.332943 -0.041250 -0.605365
v 0.169596 -0.166992 -0.592448
v -0.169596 -0.166992 -0.592448
v -0.332943 -0.041250 -0.605365
v -0.173503 0.079427 -0.736979
v -0.000000 -0.279297 -0.493490
v 0.305013 -0.223307 -0.409505
v 0.146810 -0.339518 -0.292969
v -0.146810 -0.339518 -0.292969
v -0.305013 -0.223307 -0.409505
v 0.000000 -0.410156 -0.076823
v 0.246419 -0.343424 -0.051758
v 0.107747 -0.421224 0.143229
v -0.107747 -0.421224 0.143229
v -0.246419 -0.343424 -0.051758
v -0.000000 -0.460938 0.230469
v 0.181641 -0.401042 0.230143
v -0.181641 -0.401042 0.230143
v 0.232240 -0.323438 0.285130
v -0.232240 -0.323437 0.285130
v 0.796224 0.197917 0.232422
v 0.659505 -0.013997 0.245443
v 0.784180 0.098307 0.080078
v -0.784180 0.098307 0.080078
v -0.659505 -0.013997 0.245443
v -0.796224 0.197917 0.232422
v 0.000000 0.304688 -0.813802
v 0.224935 0.495443 -0.748698
v 0.377930 0.246094 -0.686849
v -0.377930 0.246094 -0.686849
v -0.224935 0.495443 -0.748698
v 0.000000 0.932943 0.101563
v 0.226888 0.854492 0.253581
v 0.430990 0.881185 0.071289
v 0.226563 0.944010 -0.078776
v -0.226563 0.944010 -0.078776
v -0.430990 0.881185 0.071289
v -0.226888 0.854492 0.253581
v 0.000000 0.934245 -0.298177
v 0.430990 0.886719 -0.241536
v 0.226888 0.857096 -0.458333
v -0.226888 0.857096 -0.458333
v -0.430990 0.886719 -0.241536
v 0.000000 0.717448 -0.673177
v 0.433268 0.646484 -0.553711
v -0.433268 0.646484 -0.553711
v 0.649740 0.456380 0.396484
v 0.757161 0.392904 0.382161
v 0.687826 0.446615 0.304362
v -0.687826 0.446615 0.304362
v -0.757161 0.392904 0.382161
v -0.649740 0.456380 0.396484
v 0.632161 0.579427 0.186849
v 0.759115 0.474935 0.206380
v 0.715495 0.620117 0.087565
v -0.715495 0.620117 0.087565
v -0.759115 0.474935 0.206380
v -0.632161 0.579427 0.186849
v 0.638021 0.728841 -0.051432
v 0.787435 0.579102 -0.013021
v 0.718750 0.673177 -0.156250
v -0.718750 0.673177 -0.156250
v -0.787435 0.579102 -0.013021
v -0.638021 0.728841 -0.051432
v 0.638021 0.718750 -0.305664
v 0.783854 0.566081 -0.251953
v 0.716797 0.589518 -0.390951
v -0.716797 0.589518 -0.390951
v -0.783854 0.566081 -0.251953
v -0.638021 0.718750 -0.305664
v 0.774089 0.416667 -0.388346
v 0.686198 0.298828 -0.500651
v 0.627604 0.507813 -0.508138
v -0.627604 0.507813 -0.508138
v -0.686198 0.298828 -0.500651
v -0.774089 0.416667 -0.388346
v 0.528971 0.386719 -0.622070
v 0.546224 0.746419 -0.409831
v -0.546224 0.746419 -0.409831
v -0.528971 0.386719 -0.622070
v 0.546875 0.829102 -0.133138
v -0.546875 0.829102 -0.133138
v 0.546875 0.758464 0.138997
v -0.546875 0.758464 0.138997
v 0.433919 0.682292 0.326497
v 0.549805 0.513672 0.351888
v -0.549805 0.513672 0.351888
v -0.433919 0.682292 0.326497
v 0.453125 0.529948 0.491536
v -0.453125 0.529948 0.491536
v 0.000000 0.726563 0.413412
v 0.235677 0.570964 0.486979
v -0.235677 0.570964 0.486979
v 0.288737 0.525065 0.577148
v -0.288737 0.525065 0.577148
v 0.074661 0.506823 0.585078
v -0.074661 0.506823 0.585078
v 0.000000 0.484415 0.589252
v 0.791992 0.327474 0.200846
v -0.791992 0.327474 0.200846
v 0.837240 0.269531 0.022461
v 0.823242 0.433919 0.035482
v -0.823242 0.433919 0.035482
v -0.837240 0.269531 0.022461
v 0.834635 0.339844 -0.121419
v 0.808268 0.464193 -0.163411
v -0.808268 0.464193 -0.163411
v -0.834635 0.339844 -0.121419
v 0.803386 0.328451 -0.312500
v -0.803385 0.328451 -0.312500
v 0.303490 -0.279609 0.158099
v 0.362956 -0.240234 -0.230794
v 0.424805 -0.189453 -0.034180
v -0.424805 -0.189453 -0.034180
v -0.362956 -0.240234 -0.230794
v -0.303490 -0.279609 0.158099
v 0.648438 -0.087891 -0.051758
v 0.561198 -0.108398 0.112305
v 0.520833 -0.141927 -0.187826
v -0.520833 -0.141927 -0.187826
v -0.561198 -0.108398 0.112305
v -0.648438 -0.087891 -0.051758
v 0.425130 -0.133789 0.314779
v -0.425130 -0.133789 0.314779
v 0.312214 -0.165234 0.460885
v 0.303724 -0.237891 0.288177
v -0.303724 -0.237891 0.288177
v -0.312214 -0.165234 0.460885
v 0.703776 0.132812 -0.438151
v 0.569336 0.017904 -0.465169
v 0.551107 0.177734 -0.565104
v -0.551107 0.177734 -0.565104
v -0.569336 0.017904 -0.465169
v -0.703776 0.132812 -0.438151
v 0.411693 0.042188 -0.601615
v -0.411693 0.042187 -0.601615
v 0.617513 -0.073568 -0.297852
v 0.458984 -0.096354 -0.374023
v -0.458984 -0.096354 -0.374023
v -0.617513 -0.073568 -0.297852
v 0.403724 -0.063047 -0.535990
v -0.403724 -0.063047 -0.535990
v 1.026042 0.442383 -0.303385
v 0.956706 0.434245 -0.285156
v 0.909505 0.381836 -0.231120
v 0.969076 0.386068 -0.261393
v -0.969076 0.386068 -0.261393
v -0.909505 0.381836 -0.231120
v -0.956706 0.434245 -0.285156
v -1.026042 0.442383 -0.303385
v 1.127279 0.483398 -0.377279
v 1.103516 0.425130 -0.347005
v 1.203125 0.456380 -0.398112
v -1.203125 0.456380 -0.398112
v -1.103516 0.425130 -0.347005
v -1.127279 0.483398 -0.377279
v 1.288737 0.407227 -0.428385
v 1.230143 0.362630 -0.403971
v 1.295247 0.298828 -0.413737
v -1.295247 0.298828 -0.413737
v -1.230143 0.362630 -0.403971
v -1.288737 0.407227 -0.428385
v 1.311849 0.186198 -0.431641
v 1.242513 0.182943 -0.411133
v 1.233724 0.074870 -0.409180
v -1.233724 0.074870 -0.409180
v -1.242513 0.182943 -0.411133
v -1.311849 0.186198 -0.431641
v 1.158203 -0.019206 -0.388021
v 1.123698 0.018229 -0.361654
v 1.033203 -0.061849 -0.309245
v -1.033203 -0.061849 -0.309245
v -1.123698 0.018229 -0.361654
v -1.158203 -0.019206 -0.388021
v 0.908854 -0.114258 -0.241211
v 0.930339 -0.056641 -0.225260
v 0.808268 -0.099935 -0.147786
v -0.808268 -0.099935 -0.147786
v -0.930339 -0.056641 -0.225260
v -0.908854 -0.114258 -0.241211
v 1.033854 -0.013021 -0.329753
v 0.958659 -0.014974 -0.287760
v 0.862956 -0.042318 -0.189779
v -0.862956 -0.042318 -0.189779
v -0.958659 -0.014974 -0.287760
v -1.033854 -0.013021 -0.329753
v 1.189779 0.092448 -0.418294
v 1.115234 0.044271 -0.405924
v -1.115234 0.044271 -0.405924
v -1.189779 0.092448 -0.418294
v 1.239909 0.264974 -0.424805
v 1.215169 0.172201 -0.445638
v -1.215169 0.172201 -0.445638
v -1.239909 0.264974 -0.424805
v 1.172201 0.386068 -0.407552
v 1.206706 0.308594 -0.441732
v -1.206706 0.308594 -0.441732
v -1.172201 0.386068 -0.407552
v 1.025716 0.376628 -0.325846
v 1.099284 0.356445 -0.397786
v -1.099284 0.356445 -0.397786
v -1.025716 0.376628 -0.325846
v 0.935221 0.330404 -0.258464
v 0.984050 0.328125 -0.322917
v -0.984050 0.328125 -0.322917
v -0.935221 0.330404 -0.258464
v 0.734701 -0.002604 -0.013672
v 0.674479 -0.072591 -0.150716
v 0.718776 -0.011432 -0.122839
v -0.718776 -0.011432 -0.122839
v -0.674479 -0.072591 -0.150716
v -0.734701 -0.002604 -0.013672
v 0.693685 -0.120117 -0.164714
v 0.772135 -0.051758 -0.159180
v -0.772135 -0.051758 -0.159180
v -0.693685 -0.120117 -0.164714
v 0.790039 0.151367 -0.060221
v -0.790039 0.151367 -0.060221
v 0.854492 0.360026 -0.234375
v 0.837891 0.310872 -0.202148
v 0.883464 0.323568 -0.220378
v -0.883464 0.323568 -0.220378
v -0.837891 0.310872 -0.202148
v -0.854492 0.360026 -0.234375
v 0.841471 -0.021484 -0.238932
v 0.774414 -0.017904 -0.219076
v -0.774414 -0.017904 -0.219076
v -0.841471 -0.021484 -0.238932
v 0.819336 0.000651 -0.269531
v 0.780599 0.028646 -0.233398
v 0.726042 0.006615 -0.175104
v -0.726042 0.006615 -0.175104
v -0.780599 0.028646 -0.233398
v -0.819336 0.000651 -0.269531
v 0.789063 0.084310 -0.273763
v 0.752604 0.075195 -0.235026
v 0.824870 0.051758 -0.273763
v -0.824870 0.051758 -0.273763
v -0.752604 0.075195 -0.235026
v -0.789063 0.084310 -0.273763
v 0.794271 0.131836 -0.271159
v 0.814128 0.183919 -0.240885
v 0.763998 0.125326 -0.193685
v -0.763997 0.125326 -0.193685
v -0.814128 0.183919 -0.240885
v -0.794271 0.131836 -0.271159
v 0.868490 0.264648 -0.239909
v 0.825521 0.249349 -0.208659
v 0.860026 0.209961 -0.268880
v -0.860026 0.209961 -0.268880
v -0.825521 0.249349 -0.208659
v -0.868490 0.264648 -0.239909
v 0.915365 0.276693 -0.276693
v -0.915365 0.276693 -0.276693
v 0.819661 0.245443 -0.135417
v -0.819661 0.245443 -0.135417
v 0.728620 0.030052 -0.132917
v -0.728620 0.030052 -0.132917
v 0.951172 0.295247 -0.320313
v 0.891276 0.237630 -0.295247
v 0.927083 0.257813 -0.330078
v -0.927083 0.257813 -0.330078
v -0.891276 0.237630 -0.295247
v -0.951172 0.295247 -0.320313
v 0.837565 0.170898 -0.296549
v 0.871745 0.198242 -0.317708
v -0.871745 0.198242 -0.317708
v -0.837565 0.170898 -0.296549
v 0.773438 0.099284 -0.296875
v 0.808594 0.129557 -0.316732
v -0.808594 0.129557 -0.316732
v -0.773438 0.099284 -0.296875
v 0.820964 0.077474 -0.296875
v 0.802083 0.090820 -0.316732
v -0.802083 0.090820 -0.316732
v -0.820964 0.077474 -0.296875
v 0.842774 0.018555 -0.296875
v 0.845378 0.050456 -0.317383
v -0.845378 0.050456 -0.317383
v -0.842773 0.018555 -0.296875
v 0.821289 -0.013346 -0.291992
v 0.838216 0.001953 -0.314779
v -0.838216 0.001953 -0.314779
v -0.821289 -0.013346 -0.291992
v 0.890299 -0.017578 -0.256185
v 0.851563 -0.011393 -0.291667
v -0.851563 -0.011393 -0.291667
v -0.890299 -0.017578 -0.256185
v 1.036784 0.333984 -0.387044
v 0.999675 0.305339 -0.374675
v -0.999675 0.305339 -0.374674
v -1.036784 0.333984 -0.387044
v 1.172852 0.341471 -0.455404
v 1.109792 0.331042 -0.440703
v -1.109792 0.331042 -0.440703
v -1.172852 0.341471 -0.455404
v 1.236654 0.241862 -0.467773
v 1.210612 0.289714 -0.476237
v -1.210612 0.289714 -0.476237
v -1.236654 0.241862 -0.467773
v 1.190104 0.095378 -0.459310
v 1.219727 0.167643 -0.476237
v -1.219727 0.167643 -0.476237
v -1.190104 0.095378 -0.459310
v 1.042643 0.005859 -0.387370
v 1.119141 0.052734 -0.442708
v -1.119141 0.052734 -0.442708
v -1.042643 0.005859 -0.387370
v 0.964844 0.000326 -0.339844
v -0.964844 0.000326 -0.339844
v 0.857747 0.092448 -0.324219
v 0.887695 0.039063 -0.324870
v 0.913411 0.087891 -0.333333
v -0.913411 0.087891 -0.333333
v -0.887695 0.039062 -0.324870
v -0.857747 0.092448 -0.324219
v 0.924479 0.141927 -0.339193
v 0.964844 0.089193 -0.349935
v 0.979492 0.148438 -0.358724
v -0.979492 0.148438 -0.358724
v -0.964844 0.089193 -0.349935
v -0.924479 0.141927 -0.339193
v 0.986003 0.204102 -0.361654
v 1.032552 0.150716 -0.380534
v 1.035807 0.208333 -0.378255
v -1.035807 0.208333 -0.378255
v -1.032552 0.150716 -0.380534
v -0.986003 0.204102 -0.361654
v 1.048828 0.253906 -0.382813
v 1.092122 0.200846 -0.394857
v 1.102865 0.243815 -0.397786
v -1.102865 0.243815 -0.397786
v -1.092122 0.200846 -0.394857
v -1.048828 0.253906 -0.382813
v 1.069479 0.302448 -0.407422
v 0.986003 0.260091 -0.361003
v -0.986003 0.260091 -0.361003
v -1.069479 0.302448 -0.407422
v 0.925781 0.202799 -0.336914
v -0.925781 0.202799 -0.336914
v 0.866211 0.141276 -0.324870
v -0.866211 0.141276 -0.324870
v 0.913086 0.024740 -0.310221
v -0.913086 0.024740 -0.310221
v 1.023112 0.065430 -0.389974
v -1.023112 0.065430 -0.389974
v 1.127930 0.138021 -0.430990
v -1.127930 0.138021 -0.430990
v 1.175456 0.225911 -0.440430
v -1.175456 0.225911 -0.440430
v 1.130417 0.305495 -0.435547
v -1.130417 0.305495 -0.435547
v 1.039062 -0.084635 -0.400716
v 0.789062 -0.124023 -0.247721
v 0.915690 -0.063802 -0.396810
v -0.915690 -0.063802 -0.396810
v -0.789063 -0.124023 -0.247721
v -1.039063 -0.084635 -0.400716
v 1.280599 0.063477 -0.472982
v 1.171224 0.022786 -0.500977
v -1.171224 0.022786 -0.500977
v -1.280599 0.063477 -0.472982
v 1.344401 0.302409 -0.464518
v 1.330052 0.203828 -0.513151
v -1.330052 0.203828 -0.513151
v -1.344401 0.302409 -0.464518
v 1.233724 0.470703 -0.475260
v 1.308021 0.354062 -0.518073
v -1.308021 0.354062 -0.518073
v -1.233724 0.470703 -0.475260
v 1.029297 0.454427 -0.398112
v 1.139323 0.417318 -0.502930
v -1.139323 0.417318 -0.502930
v -1.029297 0.454427 -0.398112
v 0.880859 0.391602 -0.317057
v 0.940430 0.369792 -0.418294
v -0.940430 0.369792 -0.418294
v -0.880859 0.391602 -0.317057
v 1.034831 0.179036 -0.481445
v 0.831706 0.132813 -0.373047
v -0.831706 0.132813 -0.373047
v -1.034831 0.179036 -0.481445
v 1.274271 0.259844 -0.532370
v -1.274271 0.259844 -0.532370
v 0.811198 0.295247 -0.391602
v -0.811198 0.295247 -0.391602
v 0.720703 -0.039388 -0.361979
v -0.720703 -0.039388 -0.361979
v -0.699219 -0.099609 -0.261719
v 0.699219 -0.099609 -0.261719
v -0.765625 0.128906 -0.394531
v 0.765625 0.128906 -0.394531
v -0.835938 0.345703 -0.314453
v 0.835938 0.345703 -0.314453
v -1.156250 0.218750 -0.513672
v 1.156250 0.218750 -0.513672
v -0.927734 0.152344 -0.421875
v 0.927734 0.152344 -0.421875
v -0.949219 0.425781 -0.353516
v 0.949219 0.425781 -0.353516
v -1.132813 0.472656 -0.441406
v 1.132812 0.472656 -0.441406
v -1.300781 0.398438 -0.472656
v 1.300781 0.398438 -0.472656
v -1.328125 0.181641 -0.470703
v 1.328125 0.181641 -0.470703
v -1.167969 -0.019531 -0.445313
v 1.167969 -0.019531 -0.445313
v -0.910156 -0.113281 -0.318359
v 0.910156 -0.113281 -0.318359
v -1.160156 0.267578 -0.439453
v 1.160156 0.267578 -0.439453
v -1.158203 0.181641 -0.437500
v 1.158203 0.181641 -0.437500
v -1.078125 0.099609 -0.414063
v 1.078125 0.099609 -0.414063
v -0.966797 0.042969 -0.347656
v 0.966797 0.042969 -0.347656
v -0.871094 0.011719 -0.310547
v 0.871094 0.011719 -0.310547
v -0.832031 0.113281 -0.322266
v 0.832031 0.113281 -0.322266
v -0.896484 0.171875 -0.330078
v 0.896484 0.171875 -0.330078
v -0.955078 0.232422 -0.347656
v 0.955078 0.232422 -0.347656
v -1.023438 0.281250 -0.380859
v 1.023438 0.281250 -0.380859
v -1.066406 0.226563 -0.384766
v 1.066406 0.226563 -0.384766
v -1.007813 0.179688 -0.369141
v 1.007813 0.179688 -0.369141
v -0.947266 0.117188 -0.345703
v 0.947266 0.117188 -0.345703
v -0.876953 0.066406 -0.326172
v 0.876953 0.066406 -0.326172
v -0.962891 -0.009766 -0.316406
v 0.962891 -0.009766 -0.316406
v -1.121094 0.044922 -0.429688
v 1.121094 0.044922 -0.429688
v -1.222656 0.167969 -0.466797
v 1.222656 0.167969 -0.466797
v -1.212891 0.298828 -0.464844
v 1.212891 0.298828 -0.464844
v -1.105469 0.343750 -0.423828
v 1.105469 0.343750 -0.423828
v -0.990234 0.316406 -0.351563
v 0.990234 0.316406 -0.351563
v -0.847656 -0.017578 -0.267578
v 0.847656 -0.017578 -0.267578
v -0.830078 0.000000 -0.296875
v 0.830078 0.000000 -0.296875
v -0.835938 0.048828 -0.296875
v 0.835938 0.048828 -0.296875
v -0.792969 0.087891 -0.296875
v 0.792969 0.087891 -0.296875
v -0.800781 0.132813 -0.296875
v 0.800781 0.132813 -0.296875
v -0.865234 0.205078 -0.294922
v 0.865234 0.205078 -0.294922
v -0.919922 0.267578 -0.304688
v 0.919922 0.267578 -0.304688
v -0.775391 0.140625 -0.128906
v 0.775391 0.140625 -0.128906
v -0.830078 0.285156 -0.167969
v 0.830078 0.285156 -0.167969
v -0.900391 0.298828 -0.246094
v 0.900391 0.298828 -0.246094
v -0.841797 0.226563 -0.240234
v 0.841797 0.226563 -0.240234
v -0.777344 0.126953 -0.236328
v 0.777344 0.126953 -0.236328
v -0.785156 0.058594 -0.251953
v 0.785156 0.058594 -0.251953
v -0.773438 0.003906 -0.226563
v 0.773438 0.003906 -0.226563
v -0.810547 -0.033203 -0.197266
v 0.810547 -0.033203 -0.197266
v -0.869141 0.345703 -0.216797
v 0.869141 0.345703 -0.216797
v -0.792969 0.126953 0.001953
v 0.792969 0.126953 0.001953
v -0.728516 -0.089844 -0.148438
v 0.728516 -0.089844 -0.148438
v -0.693359 -0.048828 -0.083984
v 0.693359 -0.048828 -0.083984
v -0.976563 0.355469 -0.289063
v 0.976563 0.355469 -0.289063
v -1.099609 0.388672 -0.369141
v 1.099609 0.388672 -0.369141
v -1.214844 0.333984 -0.419922
v 1.214844 0.333984 -0.419922
v -1.224609 0.177734 -0.425781
v 1.224609 0.177734 -0.425781
v -1.117188 0.033203 -0.380859
v 1.117188 0.033203 -0.380859
v -0.945313 -0.033203 -0.253906
v 0.945313 -0.033203 -0.253906
v -0.917969 -0.087891 -0.222656
v 0.917969 -0.087891 -0.222656
v -1.140625 -0.001953 -0.367188
v 1.140625 -0.001953 -0.367188
v -1.277344 0.185547 -0.416016
v 1.277344 0.185547 -0.416016
v -1.259766 0.388672 -0.410156
v 1.259766 0.388672 -0.410156
v -1.115234 0.458984 -0.353516
v 1.115234 0.458984 -0.353516
v -0.962891 0.414062 -0.263672
v 0.962891 0.414062 -0.263672
v -0.388672 -0.158203 -0.390625
v 0.388672 -0.158203 -0.390625
v -0.537109 -0.076172 -0.337891
v 0.537109 -0.076172 -0.337891
v -0.474609 0.210938 -0.625000
v 0.474609 0.210938 -0.625000
v -0.628906 0.152344 -0.500000
v 0.628906 0.152344 -0.500000
v -0.318359 -0.193359 0.378906
v 0.318359 -0.193359 0.378906
v -0.544922 -0.078125 0.275391
v 0.544922 -0.078125 0.275391
v -0.541016 -0.134766 -0.039063
v 0.541016 -0.134766 -0.039063
v -0.335938 -0.267578 -0.041016
v 0.335938 -0.267578 -0.041016
v -0.796875 0.437500 -0.279297
v 0.796875 0.437500 -0.279297
v -0.818359 0.457031 -0.060547
v 0.818359 0.457031 -0.060547
v -0.808594 0.380859 0.117188
v 0.808594 0.380859 0.117188
v -0.787109 0.302734 0.306641
v 0.787109 0.302734 0.306641
v -0.263672 0.527344 0.541016
v 0.263672 0.527344 0.541016
v -0.281250 0.591797 0.593750
v 0.281250 0.591797 0.593750
v -0.228516 0.710938 0.380859
v 0.228516 0.710938 0.380859
v -0.564453 0.496094 0.439453
v 0.564453 0.496094 0.439453
v -0.546875 0.632813 0.250000
v 0.546875 0.632813 0.250000
v -0.546875 0.808594 0.005859
v 0.546875 0.808594 0.005859
v -0.546875 0.806641 -0.273438
v 0.546875 0.806641 -0.273438
v -0.542969 0.578125 -0.529297
v 0.542969 0.578125 -0.529297
v -0.707031 0.453125 -0.457031
v 0.707031 0.453125 -0.457031
v -0.718750 0.646484 -0.279297
v 0.718750 0.646484 -0.279297
v -0.718750 0.658203 -0.033203
v 0.718750 0.658203 -0.033203
v -0.699219 0.531250 0.199219
v 0.699219 0.531250 0.199219
v -0.708984 0.429688 0.392578
v 0.708984 0.429688 0.392578
v -0.228516 0.691406 -0.621094
v 0.228516 0.691406 -0.621094
v -0.226563 0.919922 -0.269531
v 0.226563 0.919922 -0.269531
v -0.226563 0.916016 0.093750
v 0.226563 0.916016 0.093750
v -0.199219 0.281250 -0.761719
v 0.199219 0.281250 -0.761719
v -0.740234 0.087891 0.228516
v 0.740234 0.087891 0.228516
v -0.210938 -0.359375 0.314453
v 0.210938 -0.359375 0.314453
v -0.097656 -0.437500 0.222656
v 0.097656 -0.437500 0.222656
v -0.126953 -0.386719 -0.066406
v 0.126953 -0.386719 -0.066406
v -0.160156 -0.259766 -0.457031
v 0.160156 -0.259766 -0.457031
v -0.169922 -0.054688 -0.675781
v 0.169922 -0.054688 -0.675781
v -0.320313 -0.148438 0.515625
v 0.320312 -0.148438 0.515625
v -0.212891 -0.208984 0.521484
v 0.212891 -0.208984 0.521484
v -0.255859 -0.345703 0.490234
v 0.255859 -0.345703 0.490234
v -0.230469 -0.267578 0.501953
v 0.230469 -0.267578 0.501953
v -0.287109 -0.496094 0.484375
v 0.287109 -0.496094 0.484375
v -0.197266 -0.451172 0.353516
v 0.197266 -0.451172 0.353516
v -0.230469 -0.832031 0.396484
v 0.230469 -0.832031 0.396484
v -0.201172 -0.626953 0.375000
v 0.201172 -0.626953 0.375000
v -0.314453 -0.699219 0.468750
v 0.314453 -0.699219 0.468750
v -0.328125 -0.865234 0.458984
v 0.328125 -0.865234 0.458984
v -0.250000 -0.943359 0.478516
v 0.250000 -0.943359 0.478516
v -0.085938 -0.968750 0.507813
v 0.085938 -0.968750 0.507813
v -0.076172 -0.871094 0.402344
v 0.076172 -0.871094 0.402344
v -0.066406 -0.667969 0.347656
v 0.066406 -0.667969 0.347656
v -0.076172 -0.501953 0.304688
v 0.076172 -0.501953 0.304688
v -0.527344 -0.068359 0.488281
v 0.527344 -0.068359 0.488281
v -0.708984 0.068359 0.443359
v 0.708984 0.068359 0.443359
v -0.814453 0.287109 0.468750
v 0.814453 0.287109 0.468750
v -0.761719 0.443359 0.542969
v 0.761719 0.443359 0.542969
v -0.591797 0.523438 0.589844
v 0.591797 0.523438 0.589844
v -0.408203 0.650391 0.642578
v 0.408203 0.650391 0.642578
v -0.251953 0.707031 0.675781
v 0.251953 0.707031 0.675781
v -0.130859 0.583984 0.683594
v 0.130859 0.583984 0.683594
v -0.042969 0.447266 0.675781
v 0.042969 0.447266 0.675781
v -0.189453 0.193359 0.763672
v 0.189453 0.193359 0.763672
v -0.185547 0.259766 0.767578
v 0.185547 0.259766 0.767578
v -0.205078 0.332031 0.769531
v 0.205078 0.332031 0.769531
v -0.214844 0.140625 0.765625
v 0.214844 0.140625 0.765625
v -0.304688 0.095703 0.751953
v 0.304688 0.095703 0.751953
v -0.421875 0.091797 0.722656
v 0.421875 0.091797 0.722656
v -0.515625 0.156250 0.693359
v 0.515625 0.156250 0.693359
v -0.566406 0.244141 0.677734
v 0.566406 0.244141 0.677734
v -0.558594 0.314453 0.683594
v 0.558594 0.314453 0.683594
v -0.482422 0.369141 0.724609
v 0.482422 0.369141 0.724609
v -0.376953 0.406250 0.757812
v 0.376953 0.406250 0.757813
v -0.306641 0.414062 0.761719
v 0.306641 0.414062 0.761719
v -0.250000 0.388672 0.769531
v 0.250000 0.388672 0.769531
v -0.224609 0.419922 0.771484
v 0.224609 0.419922 0.771484
v -0.296875 0.449219 0.757812
v 0.296875 0.449219 0.757812
v -0.378906 0.435547 0.748047
v 0.378906 0.435547 0.748047
v -0.503906 0.390625 0.712891
v 0.503906 0.390625 0.712891
v -0.597656 0.328125 0.673828
v 0.597656 0.328125 0.673828
v -0.607422 0.242188 0.666016
v 0.607422 0.242188 0.666016
v -0.542969 0.136719 0.679688
v 0.542969 0.136719 0.679688
v -0.429688 0.060547 0.708984
v 0.429688 0.060547 0.708984
v -0.294922 0.070312 0.742188
v 0.294922 0.070313 0.742188
v -0.195312 0.125000 0.761719
v 0.195312 0.125000 0.761719
v -0.169922 0.347656 0.775391
v 0.169922 0.347656 0.775391
v -0.152344 0.257813 0.771484
v 0.152344 0.257813 0.771484
v -0.164062 0.181641 0.765625
v 0.164062 0.181641 0.765625
v -0.035156 -0.810547 0.646484
v 0.035156 -0.810547 0.646484
v -0.046875 -0.761719 0.691406
v 0.046875 -0.761719 0.691406
v -0.093750 -0.781250 0.685547
v 0.093750 -0.781250 0.685547
v -0.070313 -0.837891 0.667969
v 0.070313 -0.837891 0.667969
v -0.023438 -0.863281 0.660156
v 0.023438 -0.863281 0.660156
v -0.027344 -0.878906 0.689453
v 0.027344 -0.878906 0.689453
v -0.080078 -0.851562 0.701172
v 0.080078 -0.851563 0.701172
v -0.103516 -0.779297 0.720703
v 0.103516 -0.779297 0.720703
v -0.050781 -0.750000 0.728516
v 0.050781 -0.750000 0.728516
v -0.181641 -0.195312 0.660156
v 0.181641 -0.195313 0.660156
v -0.208984 -0.279297 0.632812
v 0.208984 -0.279297 0.632813
v -0.240234 -0.376953 0.636719
v 0.240234 -0.376953 0.636719
v -0.138672 -0.373047 0.728516
v 0.138672 -0.373047 0.728516
v -0.138672 -0.267578 0.728516
v 0.138672 -0.267578 0.728516
v -0.128906 -0.179688 0.753906
v 0.128906 -0.179688 0.753906
v -0.056641 -0.085938 0.755859
v 0.056641 -0.085938 0.755859
v -0.046875 -0.242188 0.816406
v 0.046875 -0.242188 0.816406
v -0.062500 -0.183594 0.820313
v 0.062500 -0.183594 0.820313
v -0.103516 -0.244141 0.802734
v 0.103516 -0.244141 0.802734
v -0.111328 -0.185547 0.804688
v 0.111328 -0.185547 0.804688
v -0.072266 -0.140625 0.796875
v 0.072266 -0.140625 0.796875
v -0.021484 -0.166016 0.804688
v 0.021484 -0.166016 0.804688
v -0.042969 -0.283203 0.792969
v 0.042969 -0.283203 0.792969
v -0.044922 -0.302734 0.761719
v 0.044922 -0.302734 0.761719
v -0.009766 -0.162109 0.767578
v 0.009766 -0.162109 0.767578
v -0.062500 -0.136719 0.761719
v 0.062500 -0.136719 0.761719
v -0.117188 -0.183594 0.767578
v 0.117188 -0.183594 0.767578
v -0.109375 -0.253906 0.767578
v 0.109375 -0.253906 0.767578
v -0.056641 -0.712891 0.734375
v 0.056641 -0.712891 0.734375
v -0.048828 -0.564453 0.742188
v 0.048828 -0.564453 0.742188
v -0.041016 -0.376953 0.746094
v 0.041016 -0.376953 0.746094
v -0.185547 -0.732422 0.705078
v 0.185547 -0.732422 0.705078
v -0.164063 -0.570313 0.720703
v 0.164062 -0.570312 0.720703
v -0.181641 -0.822266 0.685547
v 0.181641 -0.822266 0.685547
v -0.144531 -0.890625 0.667969
v 0.144531 -0.890625 0.667969
v -0.056641 -0.912109 0.664063
v 0.056641 -0.912109 0.664063
v -0.074219 0.152344 0.750000
v 0.074219 0.152344 0.750000
v -0.064453 0.269531 0.777344
v 0.064453 0.269531 0.777344
v -0.097656 0.375000 0.800781
v 0.097656 0.375000 0.800781
v -0.123047 0.044922 0.757812
v 0.123047 0.044922 0.757813
v -0.275391 -0.009766 0.732422
v 0.275391 -0.009766 0.732422
v -0.470703 0.021484 0.667969
v 0.470703 0.021484 0.667969
v -0.615234 0.126953 0.636719
v 0.615234 0.126953 0.636719
v -0.683594 0.265625 0.638672
v 0.683594 0.265625 0.638672
v -0.667969 0.365234 0.673828
v 0.667969 0.365234 0.673828
v -0.539062 0.443359 0.726563
v 0.539063 0.443359 0.726563
v -0.376953 0.525391 0.773438
v 0.376953 0.525391 0.773438
v -0.273438 0.550781 0.796875
v 0.273438 0.550781 0.796875
v -0.179688 0.482422 0.806641
v 0.179688 0.482422 0.806641
v -0.041016 0.425781 0.789063
v 0.041016 0.425781 0.789063
v -0.130859 0.564453 0.800781
v 0.130859 0.564453 0.800781
v -0.248047 0.683594 0.794922
v 0.248047 0.683594 0.794922
v -0.390625 0.636719 0.763672
v 0.390625 0.636719 0.763672
v -0.582031 0.511719 0.708984
v 0.582031 0.511719 0.708984
v -0.750000 0.425781 0.650391
v 0.750000 0.425781 0.650391
v -0.789063 0.289063 0.574219
v 0.789063 0.289063 0.574219
v -0.701172 0.091797 0.552734
v 0.701172 0.091797 0.552734
v -0.521484 -0.042969 0.591797
v 0.521484 -0.042969 0.591797
v -0.291016 -0.119141 0.644531
v 0.291016 -0.119141 0.644531
v -0.281250 -0.570313 0.634766
v 0.281250 -0.570313 0.634766
v -0.308594 -0.777344 0.613281
v 0.308594 -0.777344 0.613281
v -0.298828 -0.892578 0.587891
v 0.298828 -0.892578 0.587891
v -0.226563 -0.939453 0.585938
v 0.226563 -0.939453 0.585938
v -0.085938 -0.957031 0.601563
v 0.085938 -0.957031 0.601563
v -0.457031 0.201172 0.769531
v 0.457031 0.201172 0.769531
v -0.396484 0.142578 0.783203
v 0.396484 0.142578 0.783203
v -0.310547 0.142578 0.800781
v 0.310547 0.142578 0.800781
v -0.251953 0.201172 0.808594
v 0.251953 0.201172 0.808594
v -0.251953 0.287109 0.808594
v 0.251953 0.287109 0.808594
v -0.310547 0.349609 0.800781
v 0.310547 0.349609 0.800781
v -0.396484 0.349609 0.783203
v 0.396484 0.349609 0.783203
v -0.457031 0.287109 0.769531
v 0.457031 0.287109 0.769531
v -0.492188 0.300781 0.720703
v 0.492188 0.300781 0.720703
v -0.558594 0.328125 0.625000
v 0.558594 0.328125 0.625000
v -0.437500 0.449219 0.650391
v 0.437500 0.449219 0.650391
v -0.410156 0.382813 0.738281
v 0.410156 0.382813 0.738281
v -0.294922 0.382813 0.759766
v 0.294922 0.382813 0.759766
v -0.265625 0.449219 0.681641
v 0.265625 0.449219 0.681641
v -0.144531 0.328125 0.697266
v 0.144531 0.328125 0.697266
v -0.214844 0.300781 0.769531
v 0.214844 0.300781 0.769531
v -0.214844 0.185547 0.769531
v 0.214844 0.185547 0.769531
v -0.144531 0.158203 0.697266
v 0.144531 0.158203 0.697266
v -0.265625 0.039062 0.681641
v 0.265625 0.039063 0.681641
v -0.294922 0.105469 0.759766
v 0.294922 0.105469 0.759766
v -0.410156 0.105469 0.738281
v 0.410156 0.105469 0.738281
v -0.437500 0.039063 0.650391
v 0.437500 0.039063 0.650391
v -0.558594 0.158203 0.625000
v 0.558594 0.158203 0.625000
v -0.492188 0.185547 0.720703
v 0.492188 0.185547 0.720703
v 0.486681 0.242669 0.737237
v 0.451219 0.179233 0.758396
v 0.477702 0.117988 0.707845
v 0.543321 0.205743 0.673977
v -0.513102 0.133694 0.681315
v -0.448615 0.150425 0.746270
v -0.468045 0.221103 0.754245
v -0.529650 0.242364 0.695380
v 0.566759 0.242364 0.646878
v 0.526042 0.073079 0.607259
v 0.603841 0.195394 0.566732
v -0.565186 0.102702 0.574463
v -0.503744 0.091946 0.661296
v -0.597005 0.242676 0.592448
v 0.388353 0.051731 0.707771
v 0.351563 0.002604 0.641927
v 0.496826 0.036296 0.588135
v -0.400391 -0.002279 0.607341
v -0.351569 0.029107 0.692308
v -0.461019 0.081936 0.692708
v 0.374586 0.132392 0.773587
v 0.351732 0.066216 0.733487
v -0.352044 0.112779 0.765042
v -0.419807 0.149448 0.764906
v 0.288608 0.149448 0.790032
v 0.227288 0.117988 0.753669
v 0.314948 0.051731 0.721280
v -0.242588 0.081936 0.732836
v -0.259800 0.150425 0.781406
v -0.330478 0.132392 0.782050
v 0.177083 0.073079 0.669922
v 0.302734 -0.002279 0.624919
v -0.206299 0.036296 0.640381
v -0.199456 0.091946 0.716397
v 0.160455 0.205743 0.739407
v 0.106120 0.242676 0.676758
v 0.137939 0.102702 0.650147
v -0.099284 0.195394 0.654134
v -0.136447 0.242364 0.720039
v -0.190667 0.133694 0.738858
v 0.241767 0.221103 0.794271
v 0.175510 0.242364 0.755520
v -0.222154 0.242669 0.782878
v -0.258823 0.179233 0.794101
v 0.258823 0.310438 0.794101
v 0.227288 0.368327 0.753669
v 0.160455 0.278985 0.739407
v -0.190667 0.351644 0.738858
v -0.259800 0.339247 0.781406
v -0.241767 0.265211 0.794271
v 0.177083 0.416667 0.669922
v 0.099284 0.291097 0.654134
v -0.137939 0.387451 0.650147
v -0.199456 0.394369 0.716397
v 0.314948 0.433946 0.721280
v 0.351563 0.487630 0.641927
v 0.206299 0.455811 0.640381
v -0.302734 0.494466 0.624919
v -0.351569 0.457384 0.692308
v -0.242588 0.403727 0.732836
v 0.330478 0.359144 0.782050
v 0.351732 0.420275 0.733487
v -0.352044 0.377374 0.765042
v -0.288608 0.342014 0.790032
v 0.419807 0.342014 0.764906
v 0.477702 0.368327 0.707845
v 0.388353 0.433946 0.707771
v -0.461019 0.403727 0.692708
v -0.448615 0.339247 0.746270
v -0.374586 0.359144 0.773587
v 0.526042 0.416667 0.607259
v 0.400391 0.494466 0.607341
v -0.496826 0.455811 0.588135
v -0.503744 0.394369 0.661296
v 0.543321 0.278985 0.673977
v 0.565186 0.387451 0.574463
v -0.603841 0.291097 0.566732
v -0.513102 0.351644 0.681315
v 0.468045 0.265211 0.754245
v -0.451219 0.310438 0.758396
v 0.466498 0.242832 0.762302
v 0.437552 0.328649 0.778675
v 0.460581 0.262810 0.777488
v -0.445107 0.308347 0.781351
v -0.435432 0.326226 0.769708
v -0.468379 0.242830 0.771096
v 0.352205 0.363774 0.798302
v 0.417656 0.337370 0.788099
v -0.372185 0.356192 0.799180
v -0.352207 0.358819 0.786526
v 0.272208 0.328649 0.812988
v 0.332810 0.356192 0.807654
v -0.290926 0.337370 0.815315
v -0.274611 0.326226 0.801100
v 0.237725 0.242830 0.814272
v 0.263628 0.308347 0.818765
v -0.244879 0.262810 0.818910
v -0.242662 0.242832 0.802409
v 0.272208 0.162833 0.812988
v 0.244879 0.223435 0.818910
v -0.263628 0.181551 0.818765
v -0.274611 0.165236 0.801100
v 0.352205 0.128350 0.798302
v 0.290926 0.154253 0.815315
v -0.332810 0.135504 0.807654
v -0.352207 0.133287 0.786526
v 0.437552 0.162833 0.778675
v 0.372185 0.135504 0.799180
v -0.417656 0.154253 0.788099
v -0.435432 0.165236 0.769708
v 0.445107 0.181551 0.781351
v -0.460581 0.223435 0.777488
v 0.386412 0.242659 0.811874
v 0.422431 0.176593 0.791517
v -0.447361 0.242671 0.785290
v -0.376856 0.218502 0.814256
v 0.352046 0.147423 0.808702
v -0.352014 0.208253 0.820134
v 0.285968 0.176593 0.820680
v -0.327865 0.218502 0.824496
v 0.256798 0.242671 0.821647
v -0.317616 0.242659 0.825363
v 0.285968 0.313533 0.820680
v -0.327865 0.267922 0.824496
v 0.352046 0.343186 0.808702
v -0.352014 0.278581 0.820134
v 0.422431 0.313533 0.791517
v -0.376856 0.267922 0.814256
v 0.132460 -0.967706 0.556892
v 0.160692 -0.939168 0.613431
v 0.039225 -0.939955 0.637207
v 0.000000 -0.971490 0.589952
v -0.116828 -0.932739 0.633531
v -0.171522 -0.957859 0.573493
v -0.044271 -0.975884 0.567573
v 0.283346 -0.945475 0.529846
v 0.252767 -0.915900 0.607897
v 0.174934 -0.924276 0.631253
v -0.213053 -0.914110 0.630846
v -0.296041 -0.933106 0.553691
v -0.212538 -0.957615 0.544034
v 0.343723 -0.886122 0.528280
v 0.286424 -0.833164 0.630392
v 0.239095 -0.886278 0.637682
v -0.253465 -0.840569 0.651632
v -0.335585 -0.861383 0.566040
v -0.327128 -0.922038 0.524475
v 0.338827 -0.726603 0.555983
v 0.273092 -0.690844 0.656637
v 0.257209 -0.788323 0.664490
v -0.250549 -0.728848 0.675924
v -0.322144 -0.688517 0.596592
v -0.347304 -0.821018 0.539022
v 0.306675 -0.494493 0.567396
v 0.236179 -0.453830 0.672940
v 0.237366 -0.635586 0.686829
v -0.218194 -0.510064 0.697028
v -0.284458 -0.449490 0.603773
v -0.325155 -0.616903 0.565586
v 0.205912 -0.167752 0.619270
v 0.374390 -0.140910 0.548252
v 0.404148 -0.066494 0.642131
v 0.204117 -0.081994 0.754525
v -0.333754 -0.059658 0.694377
v -0.423706 -0.111369 0.571608
v -0.258809 -0.166694 0.567430
v -0.168699 -0.127848 0.732695
v 0.580153 -0.052375 0.535448
v 0.613322 0.035136 0.602336
v 0.451267 -0.024665 0.653361
v -0.555054 0.023824 0.632121
v -0.626051 -0.007941 0.554491
v -0.482463 -0.103149 0.537672
v 0.766920 0.109626 0.475586
v 0.742594 0.192166 0.571384
v 0.636759 0.085510 0.614543
v -0.695882 0.160102 0.600681
v -0.788974 0.169115 0.501790
v -0.675368 0.018426 0.514126
v 0.835334 0.353706 0.552985
v 0.763428 0.375414 0.638312
v 0.729736 0.241482 0.607842
v -0.738444 0.327725 0.635952
v -0.815640 0.398383 0.601813
v -0.820794 0.222419 0.488607
v 0.740038 0.463399 0.614068
v 0.679199 0.439006 0.700175
v 0.727376 0.382575 0.666063
v -0.695719 0.406616 0.697327
v -0.695930 0.471619 0.651991
v -0.808153 0.434109 0.595466
v 0.542386 0.564134 0.669576
v 0.460334 0.558431 0.765313
v 0.620199 0.448934 0.730042
v -0.502814 0.510579 0.763848
v -0.483466 0.588386 0.712952
v -0.650682 0.505880 0.638482
v 0.362556 0.702983 0.719489
v 0.315837 0.658034 0.806573
v 0.410855 0.565592 0.790541
v -0.346354 0.611891 0.809828
v -0.319261 0.712016 0.757412
v -0.446031 0.630703 0.696757
v 0.203464 0.712918 0.747891
v 0.193400 0.628011 0.824070
v 0.286784 0.629632 0.823500
v -0.231079 0.617513 0.831638
v -0.173353 0.676622 0.778327
v -0.281664 0.731140 0.736579
v 0.093350 0.541362 0.748033
v 0.092760 0.455960 0.817634
v 0.178345 0.566732 0.834242
v -0.128486 0.479560 0.831387
v -0.075039 0.488057 0.772610
v -0.140639 0.648465 0.751634
v 0.017415 0.438327 0.739448
v -0.000000 0.382525 0.802626
v 0.080309 0.414781 0.824714
v -0.032976 0.374014 0.814806
v -0.052497 0.470235 0.743802
v 0.151150 0.416748 0.790059
v 0.226664 0.460354 0.770155
v 0.215210 0.568441 0.824721
v -0.237732 0.500475 0.781874
v -0.184516 0.427979 0.776469
v -0.118476 0.431871 0.823005
v 0.307855 0.483507 0.755147
v 0.318115 0.590814 0.808852
v -0.325921 0.513373 0.765808
v -0.267843 0.478909 0.762994
v 0.404900 0.453851 0.734809
v 0.445197 0.516113 0.772800
v -0.438673 0.463291 0.737006
v -0.353265 0.475043 0.745870
v 0.560099 0.392999 0.686761
v 0.650553 0.410034 0.710103
v -0.611125 0.386000 0.683099
v -0.474399 0.426344 0.714952
v 0.634203 0.320713 0.657376
v 0.711344 0.346280 0.654751
v -0.661628 0.312330 0.652167
v -0.613810 0.357842 0.667392
v 0.632121 0.217658 0.648750
v 0.692790 0.199653 0.617608
v -0.641724 0.191210 0.639716
v -0.640225 0.274000 0.651191
v 0.533407 0.096958 0.665765
v 0.578491 0.060364 0.637817
v -0.523153 0.066684 0.661126
v -0.596314 0.158251 0.653632
v 0.407478 0.028219 0.695964
v 0.388197 -0.025967 0.684448
v -0.376553 0.008525 0.697917
v -0.470256 0.053175 0.679925
v 0.244541 0.062568 0.738912
v 0.156875 -0.041480 0.778950
v -0.194411 0.045559 0.754049
v -0.331794 0.031637 0.715820
v 0.164096 0.120511 0.750448
v 0.048360 0.071503 0.740173
v 0.101289 -0.057590 0.781364
v -0.041670 0.006934 0.748436
v -0.124790 0.118151 0.746867
v -0.188388 0.092516 0.750468
v 0.152290 0.385661 0.777608
v 0.098090 0.316406 0.779351
v -0.038042 0.336660 0.803914
v -0.130561 0.334066 0.773573
v 0.121121 0.283936 0.768690
v 0.000000 0.243978 0.776177
v 0.100077 0.211948 0.760424
v -0.033691 0.210042 0.764459
v -0.123759 0.235874 0.763191
v 0.000000 0.098016 0.739695
v 0.132060 0.192417 0.757819
v -0.145704 0.153714 0.752726
v 0.086277 -0.892449 0.679620
v 0.017415 -0.891588 0.685181
v 0.000000 -0.929213 0.651530
v -0.052097 -0.887160 0.688083
v -0.131883 -0.917033 0.648912
v 0.142775 -0.850125 0.691739
v 0.083347 -0.873976 0.693292
v -0.110548 -0.851508 0.700772
v -0.201009 -0.887743 0.654121
v 0.148812 -0.749898 0.714638
v 0.123406 -0.812446 0.710375
v -0.121112 -0.757741 0.722026
v -0.223436 -0.794915 0.680033
v 0.114916 -0.453349 0.737874
v 0.109111 -0.625359 0.734687
v 0.214010 -0.685798 0.698792
v -0.147196 -0.675490 0.723131
v -0.092048 -0.506978 0.742432
v -0.178887 -0.454807 0.717699
v 0.114439 -0.720490 0.728994
v -0.116760 -0.696811 0.730130
v 0.085809 -0.332589 0.741795
v 0.021484 -0.327365 0.746094
v 0.000000 -0.415555 0.747803
v 0.062019 -0.453186 0.747640
v -0.020508 -0.454373 0.748047
v -0.064606 -0.309582 0.745830
v -0.084073 -0.408508 0.744710
v 0.085185 -0.669468 0.735175
v 0.000000 -0.620416 0.738444
v -0.028320 -0.668023 0.735677
v -0.000000 -0.737915 0.734226
v 0.081683 -0.729950 0.733016
v -0.027181 -0.748006 0.733249
v 0.119663 -0.243089 0.748623
v 0.125339 -0.223334 0.782722
v 0.100844 -0.261224 0.784017
v 0.084504 -0.284714 0.752910
v -0.087172 -0.276767 0.772461
v -0.119968 -0.237657 0.791348
v -0.122267 -0.224698 0.760261
v -0.102489 -0.274928 0.744877
v 0.109558 -0.165066 0.751058
v 0.102607 -0.143928 0.772536
v 0.123874 -0.203478 0.791511
v -0.112617 -0.159553 0.784498
v -0.098002 -0.150011 0.753744
v -0.122104 -0.206468 0.750739
v 0.028358 -0.129852 0.746113
v 0.033074 -0.134996 0.772536
v 0.089179 -0.134976 0.780755
v -0.054559 -0.130927 0.780755
v -0.016123 -0.140916 0.753186
v -0.078145 -0.139025 0.749430
v 0.000000 -0.177965 0.755873
v 0.000000 -0.179633 0.782728
v 0.027703 -0.144274 0.784499
v -0.009115 -0.172879 0.791517
v -0.000000 -0.320530 0.752441
v 0.022949 -0.306017 0.779948
v -0.068292 -0.284173 0.780111
v 0.000000 -0.304796 0.786947
v 0.077814 -0.257197 0.800406
v 0.020508 -0.275160 0.804688
v -0.060579 -0.259140 0.804675
v -0.085219 -0.267816 0.788411
v 0.000000 -0.190536 0.817552
v 0.039537 -0.162077 0.813826
v 0.042677 -0.136949 0.790277
v -0.045589 -0.148060 0.805607
v -0.018650 -0.189376 0.821444
v 0.082236 -0.158108 0.811086
v 0.101630 -0.145718 0.790276
v -0.094629 -0.156165 0.805607
v -0.056294 -0.153699 0.811086
v 0.099026 -0.206448 0.821215
v 0.121758 -0.222683 0.801765
v -0.110175 -0.222480 0.816901
v -0.093833 -0.172285 0.813826
v 0.080235 -0.247543 0.808625
v -0.094469 -0.231839 0.819424
v 0.079251 -0.218248 0.824551
v -0.029131 -0.209765 0.824822
v 0.000000 -0.263197 0.810547
v -0.000000 -0.099819 0.742271
v 0.113944 -0.113990 0.781930
v -0.101095 -0.140245 0.757324
v 0.151835 -0.233588 0.725322
v 0.139809 -0.143734 0.764196
v -0.157125 -0.208686 0.723206
v -0.130893 -0.228116 0.741543
v 0.157742 -0.312283 0.717801
v 0.169332 -0.258165 0.701884
v -0.175646 -0.293972 0.700711
v -0.111827 -0.302143 0.735301
v 0.186062 -0.344754 0.701036
v -0.200941 -0.412408 0.701748
v 0.260708 -0.340780 0.560208
v 0.200711 -0.317491 0.670926
v -0.239305 -0.317342 0.595039
v -0.285027 -0.402045 0.565443
v 0.231845 -0.262960 0.559882
v 0.180318 -0.239773 0.676982
v -0.214837 -0.246195 0.597154
v -0.242967 -0.294881 0.558255
v 0.206889 -0.196316 0.573127
v -0.218987 -0.230245 0.565091
v 0.098278 -0.737233 0.730032
v 0.000000 -0.765598 0.723131
v 0.070306 -0.750197 0.719964
v -0.023763 -0.764621 0.716783
v -0.089837 -0.746453 0.725986
v 0.107456 -0.827664 0.710456
v 0.095039 -0.800592 0.709262
v -0.094232 -0.762078 0.717523
v -0.095608 -0.820855 0.709913
v 0.058933 -0.876011 0.693617
v 0.060052 -0.855231 0.689182
v -0.083320 -0.832167 0.699660
v -0.050774 -0.867845 0.690565
v 0.000000 -0.885810 0.687948
v 0.012044 -0.872884 0.683119
v -0.036126 -0.868741 0.683648
v -0.000000 -0.869792 0.673272
v 0.047214 -0.851983 0.648318
v 0.012695 -0.851522 0.639499
v -0.037937 -0.846693 0.639854
v -0.047031 -0.860196 0.674940
v 0.089612 -0.812335 0.660178
v 0.060137 -0.837267 0.641347
v -0.082732 -0.818080 0.646296
v -0.090074 -0.815972 0.692498
v 0.085544 -0.756965 0.677649
v 0.090431 -0.800951 0.651578
v -0.089808 -0.770886 0.661803
v -0.086093 -0.752801 0.708245
v 0.000000 -0.774862 0.673571
v 0.066501 -0.765917 0.664628
v -0.022461 -0.779175 0.661445
v 0.000000 -0.836873 0.639825
v 0.076345 -0.779355 0.655555
v -0.055919 -0.826956 0.640927
v 0.143534 0.214715 0.763841
v 0.183180 0.153809 0.768046
v 0.174873 0.203295 0.774841
v -0.183017 0.172038 0.771464
v -0.169549 0.145494 0.756307
v -0.163886 0.218269 0.774353
v 0.141385 0.304036 0.770237
v 0.175246 0.277839 0.777663
v -0.172268 0.238614 0.776957
v -0.168084 0.299242 0.776930
v 0.179145 0.400147 0.774597
v 0.201165 0.356757 0.778402
v -0.184848 0.317390 0.778151
v -0.201898 0.381904 0.777995
v 0.230231 0.104797 0.767273
v 0.196852 0.144694 0.771301
v -0.217292 0.121073 0.773946
v -0.218987 0.094062 0.749980
v 0.370924 0.058533 0.732978
v 0.264330 0.097148 0.765971
v -0.337233 0.073669 0.747382
v -0.370856 0.036682 0.713867
v 0.480808 0.096625 0.705594
v 0.399896 0.071228 0.731757
v -0.451186 0.090441 0.719428
v -0.490275 0.078566 0.683750
v 0.581699 0.193081 0.674852
v 0.502292 0.124295 0.704129
v -0.552728 0.171841 0.686164
v -0.604614 0.188768 0.658597
v 0.596741 0.288425 0.677511
v 0.580560 0.219204 0.678514
v -0.585429 0.265476 0.681336
v -0.623379 0.292962 0.659654
v 0.562263 0.356215 0.692186
v 0.581360 0.304538 0.685079
v -0.568122 0.336277 0.689989
v -0.581502 0.368096 0.676751
v 0.428711 0.407037 0.752516
v 0.526618 0.364271 0.710985
v -0.457764 0.388645 0.747145
v -0.433302 0.426670 0.729845
v 0.335856 0.438239 0.755405
v 0.400798 0.408502 0.763258
v -0.357178 0.423591 0.758904
v -0.331943 0.462267 0.747416
v 0.267253 0.430420 0.768792
v 0.319743 0.429287 0.760044
v -0.287923 0.425374 0.767490
v -0.255147 0.454251 0.762668
v 0.256348 0.411703 0.773187
v -0.225091 0.388333 0.776774
v 0.275391 0.413167 0.770257
v 0.229655 0.361165 0.763997
v 0.269613 0.388346 0.763428
v -0.246175 0.368897 0.759847
v -0.218662 0.368883 0.774740
v -0.279785 0.401530 0.765951
v 0.337809 0.421149 0.757847
v 0.322510 0.404053 0.754069
v -0.295003 0.400065 0.761475
v -0.337891 0.409831 0.753581
v 0.424154 0.394992 0.759515
v 0.394938 0.394124 0.749268
v -0.355713 0.402100 0.750163
v -0.419596 0.389811 0.749512
v 0.545498 0.346775 0.696581
v 0.500977 0.349609 0.697917
v -0.443766 0.376546 0.731690
v -0.530762 0.339518 0.688965
v 0.575745 0.284844 0.683207
v 0.548503 0.294759 0.673910
v -0.536133 0.322266 0.678385
v -0.559896 0.281576 0.676270
v 0.562982 0.198778 0.680874
v 0.548014 0.228271 0.672201
v -0.552409 0.263509 0.671956
v -0.547852 0.205566 0.676758
v 0.472670 0.109972 0.713081
v 0.482422 0.141276 0.695231
v -0.524577 0.187256 0.680013
v -0.464844 0.118327 0.706218
v 0.371087 0.074972 0.738837
v 0.395996 0.094482 0.720785
v -0.439453 0.110026 0.708903
v -0.371094 0.086263 0.731283
v 0.239183 0.113424 0.771017
v 0.276367 0.115316 0.749593
v -0.341309 0.096436 0.734456
v -0.246419 0.121582 0.760254
v 0.193434 0.161296 0.768209
v 0.213216 0.160238 0.752035
v -0.233398 0.136800 0.755453
v -0.201660 0.168783 0.756673
v 0.194336 0.296387 0.763184
v 0.224691 0.343506 0.757894
v -0.205485 0.312419 0.757731
v -0.185499 0.296800 0.774814
v 0.190430 0.225911 0.758138
v 0.195719 0.279216 0.755778
v -0.195394 0.244303 0.752035
v -0.179186 0.222012 0.772563
v 0.197347 0.213053 0.750081
v -0.201497 0.185628 0.750081
v 0.000000 0.432875 0.707709
v 0.098275 0.482447 0.645108
v 0.023236 0.431731 0.612832
v -0.077827 0.459263 0.615854
v -0.076504 0.496684 0.714342
v 0.190605 0.662286 0.651690
v 0.152005 0.522633 0.618676
v -0.186689 0.618195 0.625024
v -0.172377 0.688016 0.719571
v 0.332107 0.691078 0.629596
v 0.227053 0.658719 0.622284
v -0.304929 0.673683 0.609845
v -0.324958 0.722921 0.697028
v 0.487843 0.568811 0.586722
v 0.356572 0.654345 0.598726
v -0.421965 0.586450 0.578292
v -0.493557 0.591804 0.652568
v 0.680996 0.465963 0.527330
v 0.530239 0.530470 0.537985
v -0.628750 0.481344 0.503567
v -0.696418 0.480571 0.594048
v 0.800001 0.395460 0.488064
v 0.707038 0.444397 0.480130
v -0.765415 0.418084 0.466743
v -0.827847 0.404894 0.551521
v 0.775703 0.167413 0.403083
v 0.791945 0.346307 0.433865
v -0.785794 0.229180 0.382575
v -0.799554 0.160489 0.446126
v 0.611376 -0.004388 0.441834
v 0.740546 0.125339 0.366136
v -0.657437 0.037604 0.385518
v -0.624586 -0.021125 0.501594
v 0.431461 -0.104810 0.482374
v 0.570035 -0.030592 0.408793
v -0.478846 -0.080020 0.435029
v -0.433146 -0.123739 0.518385
v 0.032715 -0.572984 0.327827
v 0.000000 -0.496487 0.289252
v 0.132039 -0.439318 0.264757
v 0.136698 -0.508484 0.336256
v -0.158000 -0.446642 0.293810
v -0.044434 -0.471422 0.271756
v -0.098043 -0.555766 0.343499
v 0.035319 -0.787489 0.357205
v 0.000000 -0.624498 0.331733
v 0.137275 -0.702630 0.365228
v -0.129700 -0.594259 0.359857
v -0.106025 -0.766269 0.367099
v 0.040853 -0.954427 0.455648
v 0.000000 -0.839898 0.375922
v 0.158264 -0.896722 0.419284
v -0.147040 -0.804355 0.384596
v -0.122538 -0.939447 0.446140
v 0.173476 -0.961765 0.524177
v 0.000000 -0.972249 0.486410
v -0.167216 -0.949293 0.466159
v 0.316060 -0.931152 0.494934
v 0.281797 -0.907235 0.417377
v -0.203756 -0.923659 0.432794
v -0.311840 -0.909945 0.434040
v 0.342421 -0.834364 0.496379
v 0.290975 -0.776964 0.398722
v -0.304990 -0.869326 0.408425
v -0.306681 -0.754666 0.423462
v 0.323120 -0.641968 0.522536
v 0.257080 -0.572673 0.400669
v -0.274373 -0.677029 0.396444
v -0.276123 -0.553792 0.436639
v 0.178290 -0.743971 0.375400
v 0.221436 -0.517985 0.382765
v -0.161031 -0.536397 0.361566
v -0.251343 -0.723741 0.383097
v 0.220425 -0.375800 0.369934
v 0.245361 -0.481201 0.404087
v -0.239224 -0.403714 0.406474
v -0.190633 -0.406440 0.297309
v 0.290154 -0.425076 0.528253
v -0.253791 -0.382311 0.447571
v 0.231000 -0.291533 0.460296
v 0.232942 -0.232008 0.460752
v 0.227044 -0.243754 0.534329
v -0.218944 -0.231520 0.490537
v -0.235446 -0.261293 0.431143
v -0.248908 -0.308553 0.525052
v 0.226077 -0.309894 0.414714
v -0.232551 -0.347073 0.410217
v 0.223979 -0.183051 0.544888
v 0.222044 -0.180785 0.496428
v -0.225143 -0.207795 0.481791
v -0.225023 -0.174820 0.511612
v 0.371018 -0.122669 0.478685
v -0.258805 -0.159422 0.495979
v 0.000000 0.006185 -0.761719
v 0.258011 0.074626 -0.697668
v 0.322888 -0.094967 -0.576757
v 0.084798 -0.176988 -0.622586
v -0.252166 -0.155233 -0.560814
v -0.321139 0.009946 -0.640803
v -0.086751 0.083903 -0.773682
v 0.000000 -0.232652 -0.569933
v 0.293796 -0.264899 -0.337301
v 0.073405 -0.355184 -0.311469
v -0.218601 -0.321784 -0.273173
v -0.315235 -0.180705 -0.478375
v 0.000000 -0.389526 -0.204861
v 0.228339 -0.360458 0.054980
v 0.053874 -0.437337 0.146512
v -0.160945 -0.402538 0.142015
v -0.264499 -0.324958 -0.158427
v 0.000000 -0.454509 0.202582
v 0.175252 -0.408881 0.251166
v -0.189609 -0.393027 0.206035
v 0.229080 -0.303835 0.353562
v -0.222478 -0.354996 0.226080
v 0.779934 0.184665 0.306566
v 0.687030 -0.024118 0.160672
v 0.812541 0.166043 0.079312
v -0.752107 0.030380 0.082116
v -0.632372 -0.004876 0.328064
v -0.813192 0.211941 0.157925
v -0.000000 0.421902 -0.816840
v 0.334364 0.468411 -0.711446
v 0.350215 0.151855 -0.676753
v -0.405490 0.342760 -0.692729
v -0.112467 0.520209 -0.783312
v 0.000000 0.909248 0.189819
v 0.337545 0.841600 0.238213
v 0.430990 0.898756 -0.005202
v 0.113281 0.955946 -0.082357
v -0.337077 0.929681 -0.076328
v -0.431051 0.859585 0.146579
v -0.113444 0.865384 0.266561
v 0.000000 0.953017 -0.188395
v 0.431037 0.866794 -0.321445
v 0.113444 0.866496 -0.492649
v -0.337531 0.845391 -0.423008
v -0.430990 0.901523 -0.161614
v -0.000000 0.802531 -0.594944
v 0.433160 0.542955 -0.626160
v -0.432176 0.746677 -0.477532
v 0.661302 0.457336 0.444973
v 0.744371 0.395955 0.344482
v 0.661825 0.460544 0.294162
v -0.713121 0.431600 0.313395
v -0.771193 0.391717 0.419054
v -0.638631 0.458347 0.347059
v 0.629842 0.519870 0.242242
v 0.773431 0.513360 0.155260
v 0.677368 0.653287 0.072673
v -0.752353 0.585951 0.102444
v -0.745348 0.436971 0.256592
v -0.634969 0.639533 0.130859
v 0.637899 0.714240 0.011719
v 0.786614 0.590318 -0.072008
v 0.679362 0.707160 -0.173672
v -0.756422 0.638089 -0.138496
v -0.787591 0.565443 0.045559
v -0.638021 0.740119 -0.114916
v 0.638021 0.735074 -0.242032
v 0.781652 0.547169 -0.309943
v 0.677436 0.623372 -0.412082
v -0.753298 0.556854 -0.368594
v -0.784824 0.583808 -0.191474
v -0.637804 0.698242 -0.368218
v 0.769348 0.347192 -0.408528
v 0.647115 0.315877 -0.535407
v 0.632595 0.592773 -0.469455
v -0.621236 0.420369 -0.543789
v -0.725125 0.283699 -0.465016
v -0.777542 0.484089 -0.367543
v 0.486382 0.414049 -0.648132
v 0.592150 0.701823 -0.421522
v -0.497199 0.790053 -0.398756
v -0.568502 0.359823 -0.596117
v 0.593424 0.785122 -0.162116
v -0.497233 0.872226 -0.103509
v 0.593058 0.722460 0.098389
v -0.497538 0.793586 0.180922
v 0.435662 0.605415 0.376933
v 0.592814 0.494073 0.317925
v -0.503126 0.533068 0.387675
v -0.432516 0.760139 0.274184
v 0.460757 0.535699 0.522859
v -0.445265 0.529243 0.459452
v -0.000000 0.645801 0.480036
v 0.346063 0.561713 0.455221
v -0.122336 0.577661 0.518261
v 0.200262 0.505651 0.592431
v -0.378190 0.542959 0.563403
v 0.108926 0.488361 0.594905
v -0.056678 0.535993 0.570394
v -0.000000 0.446419 0.597680
v 0.765205 0.372030 0.261637
v -0.816447 0.280626 0.139696
v 0.840025 0.290650 -0.007448
v 0.806227 0.492852 0.076402
v -0.837842 0.373379 -0.007468
v -0.833700 0.247748 0.052945
v 0.827882 0.343716 -0.159632
v 0.801181 0.533597 -0.142076
v -0.814336 0.395860 -0.185877
v -0.841019 0.332686 -0.084423
v 0.791280 0.311392 -0.368781
v -0.813699 0.341841 -0.256519
v 0.259860 -0.330585 0.145258
v 0.398024 -0.208347 -0.219903
v 0.420112 -0.184399 0.055250
v -0.428948 -0.191989 -0.122572
v -0.326674 -0.272142 -0.242086
v -0.355300 -0.227053 0.141200
v 0.677393 -0.068938 0.007012
v 0.486023 -0.138917 0.129803
v 0.564972 -0.125926 -0.177357
v -0.476963 -0.159193 -0.198419
v -0.635527 -0.077795 0.095228
v -0.621813 -0.104031 -0.109635
v 0.420502 -0.152837 0.239579
v -0.427776 -0.116437 0.387864
v 0.262637 -0.197641 0.462753
v 0.355172 -0.204009 0.230153
v -0.261465 -0.258941 0.358657
v -0.370882 -0.134143 0.451348
v 0.672736 0.060777 -0.431946
v 0.529478 0.023117 -0.494175
v 0.582987 0.255330 -0.572272
v -0.518168 0.100838 -0.554116
v -0.608446 0.010891 -0.436910
v -0.735256 0.206011 -0.439463
v 0.377242 0.064022 -0.633909
v -0.452747 0.043882 -0.573389
v 0.608036 -0.100688 -0.231919
v 0.472045 -0.043825 -0.453828
v -0.446038 -0.145440 -0.292494
v -0.629605 -0.042413 -0.361796
v 0.440824 -0.028000 -0.526853
v -0.368124 -0.110700 -0.526864
v 1.027900 0.456808 -0.310730
v 0.924289 0.417182 -0.265896
v 0.916307 0.369873 -0.228407
v 0.993808 0.399414 -0.279439
v -0.945360 0.372233 -0.244276
v -0.902642 0.392931 -0.236193
v -0.990546 0.450785 -0.305277
v -1.024245 0.426839 -0.298482
v 1.075833 0.475362 -0.351339
v 1.145840 0.429199 -0.371168
v 1.214505 0.471897 -0.406433
v -1.191739 0.439697 -0.391595
v -1.061028 0.418945 -0.322245
v -1.178535 0.488824 -0.402364
v 1.259264 0.450738 -0.427918
v 1.248752 0.324870 -0.407254
v 1.314921 0.305766 -0.418823
v -1.275445 0.291260 -0.409939
v -1.209154 0.397949 -0.399652
v -1.315328 0.360697 -0.427857
v 1.326884 0.250183 -0.429484
v 1.227356 0.131171 -0.410251
v 1.249919 0.069560 -0.415731
v -1.217590 0.080309 -0.404148
v -1.254937 0.235026 -0.410834
v -1.293132 0.122538 -0.432821
v 1.216309 0.019836 -0.411011
v 1.077894 -0.010484 -0.335985
v 1.035116 -0.076050 -0.315925
v -1.031426 -0.047106 -0.304898
v -1.167948 0.048815 -0.385512
v -1.098104 -0.055949 -0.362881
v 0.973429 -0.103475 -0.289476
v 0.880195 -0.063700 -0.184197
v 0.795186 -0.116998 -0.148675
v -0.822089 -0.082174 -0.149855
v -0.981215 -0.047919 -0.267788
v -0.844991 -0.123183 -0.194411
v 1.036126 -0.003974 -0.345127
v 0.919366 -0.020481 -0.250638
v 0.849433 -0.053365 -0.170851
v -0.875909 -0.031955 -0.209215
v -0.998773 -0.008369 -0.326328
v -1.031752 -0.022692 -0.315152
v 1.184862 0.095493 -0.428548
v 1.077060 0.021254 -0.385410
v -1.152229 0.068719 -0.424805
v -1.195618 0.089098 -0.408705
v 1.233127 0.255839 -0.434801
v 1.202196 0.132684 -0.444661
v -1.225885 0.211894 -0.445706
v -1.247776 0.274333 -0.415473
v 1.168783 0.368130 -0.419590
v 1.221653 0.280090 -0.443753
v -1.189697 0.335253 -0.438877
v -1.176276 0.404541 -0.396315
v 1.027588 0.359775 -0.342787
v 1.135986 0.359178 -0.416904
v -1.062419 0.352125 -0.378025
v -1.024082 0.393962 -0.309713
v 0.941074 0.316990 -0.275567
v 1.004802 0.337965 -0.340590
v -0.964267 0.317803 -0.305840
v -0.929165 0.344157 -0.242079
v 0.731016 -0.016865 0.020033
v 0.700912 -0.049303 -0.156416
v 0.723502 -0.004629 -0.092375
v -0.714750 -0.021311 -0.146766
v -0.646644 -0.095398 -0.148654
v -0.735682 0.010751 -0.044940
v 0.737407 -0.126112 -0.156162
v 0.745269 -0.041075 -0.168268
v -0.801093 -0.061259 -0.151157
v -0.651520 -0.114143 -0.173695
v 0.820352 0.227051 -0.055859
v -0.759445 0.078215 -0.065041
v 0.837116 0.342397 -0.227001
v 0.842407 0.299316 -0.207262
v 0.902554 0.340983 -0.223768
v -0.864950 0.305908 -0.217597
v -0.833077 0.323273 -0.198695
v -0.873183 0.380073 -0.240506
v 0.824151 -0.018636 -0.253296
v 0.750958 -0.020518 -0.194702
v -0.796726 -0.015869 -0.243123
v -0.860772 -0.023736 -0.226223
v 0.826165 0.009474 -0.269918
v 0.752666 0.034247 -0.213350
v 0.727201 -0.008615 -0.176393
v -0.729109 0.022659 -0.184319
v -0.808750 0.023960 -0.253072
v -0.813083 -0.007568 -0.268595
v 0.773655 0.087538 -0.272068
v 0.743960 0.062563 -0.215355
v 0.820218 0.067777 -0.275784
v -0.828932 0.035027 -0.272034
v -0.760797 0.086887 -0.253920
v -0.805149 0.081476 -0.275784
v 0.813544 0.153008 -0.271559
v 0.805142 0.191020 -0.224067
v 0.744579 0.083740 -0.190008
v -0.784227 0.166850 -0.198025
v -0.823717 0.177829 -0.256666
v -0.776259 0.111301 -0.270766
v 0.857707 0.276204 -0.226142
v 0.814989 0.228861 -0.205512
v 0.873413 0.227614 -0.267551
v -0.846422 0.192071 -0.270420
v -0.835978 0.268799 -0.211738
v -0.879110 0.253493 -0.254042
v 0.929925 0.292087 -0.282728
v -0.901083 0.260980 -0.271457
v 0.807909 0.221781 -0.171332
v -0.831979 0.270885 -0.097651
v 0.728734 0.042481 -0.161756
v -0.733834 0.029612 -0.101537
v 0.949049 0.299411 -0.306491
v 0.892293 0.235114 -0.308499
v 0.942620 0.271634 -0.336378
v -0.911906 0.243741 -0.324449
v -0.890503 0.239983 -0.281711
v -0.953688 0.291083 -0.333693
v 0.839803 0.170132 -0.308031
v 0.884237 0.213955 -0.318264
v -0.859090 0.182339 -0.317390
v -0.835436 0.171319 -0.284498
v 0.776245 0.099500 -0.307865
v 0.827515 0.147997 -0.316901
v -0.790995 0.112083 -0.316244
v -0.771213 0.098931 -0.284844
v 0.823520 0.076294 -0.308187
v 0.788256 0.095804 -0.316244
v -0.817010 0.085653 -0.316895
v -0.818753 0.078576 -0.285757
v 0.845351 0.018833 -0.308200
v 0.838657 0.065470 -0.317220
v -0.851047 0.035272 -0.317478
v -0.839837 0.018914 -0.284810
v 0.822249 -0.012893 -0.302848
v 0.847466 0.011020 -0.316176
v -0.829417 -0.006298 -0.312661
v -0.820163 -0.013590 -0.279582
v 0.890924 -0.015205 -0.269694
v 0.835056 -0.011937 -0.302912
v -0.870334 -0.010403 -0.281331
v -0.889581 -0.019586 -0.242418
v 1.033122 0.338454 -0.373386
v 1.021116 0.314905 -0.391113
v -0.978916 0.295397 -0.358676
v -1.040647 0.329716 -0.399740
v 1.169108 0.345832 -0.443515
v 1.146255 0.335879 -0.458311
v -1.074085 0.329070 -0.423792
v -1.175942 0.337285 -0.465997
v 1.231500 0.244283 -0.456285
v 1.225871 0.264493 -0.477878
v -1.193601 0.313359 -0.473972
v -1.240601 0.239590 -0.477797
v 1.185025 0.096958 -0.449056
v 1.206740 0.131978 -0.473897
v -1.230428 0.203457 -0.477878
v -1.193882 0.094625 -0.468119
v 1.040521 0.005466 -0.373935
v 1.080716 0.032247 -0.426839
v -1.156447 0.074524 -0.457133
v -1.044176 0.007100 -0.399658
v 0.926975 -0.004544 -0.305420
v -1.003567 0.006042 -0.375407
v 0.841912 0.083781 -0.321859
v 0.908251 0.049655 -0.327481
v 0.902283 0.100043 -0.331367
v -0.923550 0.075534 -0.334642
v -0.867812 0.029087 -0.322198
v -0.874207 0.101834 -0.326321
v 0.907573 0.126573 -0.333808
v 0.982666 0.103902 -0.359972
v 0.969272 0.160312 -0.354987
v -0.989502 0.135966 -0.362657
v -0.946825 0.074721 -0.340013
v -0.941277 0.157545 -0.344733
v 0.972039 0.188633 -0.355964
v 1.048414 0.166531 -0.385457
v 1.026116 0.220452 -0.376105
v -1.046380 0.195828 -0.381144
v -1.016520 0.134664 -0.375271
v -0.999993 0.219313 -0.367316
v 1.031406 0.244215 -0.377896
v 1.105898 0.209982 -0.397552
v 1.095437 0.259682 -0.397536
v -1.110262 0.228557 -0.398762
v -1.078200 0.191596 -0.392619
v -1.066709 0.263507 -0.388340
v 1.052583 0.313549 -0.408050
v 1.001214 0.246331 -0.367479
v -0.971103 0.273505 -0.354038
v -1.075960 0.286700 -0.399661
v 0.942417 0.187493 -0.344082
v -0.909546 0.217699 -0.329332
v 0.878683 0.126736 -0.327135
v -0.854126 0.155321 -0.322191
v 0.923387 0.043959 -0.323086
v -0.902317 0.005954 -0.296712
v 1.011312 0.094462 -0.378282
v -1.034410 0.036886 -0.400960
v 1.092441 0.160672 -0.407511
v -1.162794 0.115946 -0.453959
v 1.140878 0.220687 -0.416730
v -1.210002 0.231615 -0.464125
v 1.108421 0.286878 -0.413655
v -1.159169 0.319315 -0.458272
v 1.038045 -0.087443 -0.361661
v 0.793830 -0.113152 -0.297329
v 0.976963 -0.052748 -0.436130
v -0.855679 -0.072544 -0.358934
v -0.785584 -0.129042 -0.198642
v -1.039870 -0.075860 -0.439548
v 1.273356 0.063863 -0.447632
v 1.235768 0.056390 -0.511764
v -1.104730 -0.009454 -0.488213
v -1.286549 0.066969 -0.498255
v 1.339498 0.307556 -0.444214
v 1.344337 0.253721 -0.503227
v -1.316089 0.136059 -0.516850
v -1.347516 0.296725 -0.484581
v 1.229804 0.479058 -0.445007
v 1.277321 0.405071 -0.525271
v -1.334371 0.322473 -0.505345
v -1.237558 0.457926 -0.505138
v 1.029527 0.462830 -0.358093
v 1.082662 0.407077 -0.486396
v -1.195240 0.425863 -0.517996
v -1.029114 0.440036 -0.437893
v 0.888319 0.397814 -0.279161
v 0.899095 0.355706 -0.393717
v -0.983215 0.383314 -0.444078
v -0.872972 0.379795 -0.354329
v 1.037754 0.055976 -0.479913
v 0.848396 0.250400 -0.382324
v -0.815152 0.015266 -0.359992
v -1.031881 0.302341 -0.479560
v 1.280197 0.156366 -0.528113
v -1.252473 0.358087 -0.534399
v 0.788811 0.274994 -0.405049
v -0.834480 0.318434 -0.380371
v 0.684129 -0.017754 -0.385315
v -0.758186 -0.060337 -0.341519
v 0.529650 0.242364 0.695380
v 0.468045 0.221103 0.754245
v 0.448615 0.150425 0.746270
v 0.513102 0.133694 0.681315
v -0.543321 0.205743 0.673977
v -0.477702 0.117988 0.707845
v -0.451219 0.179233 0.758396
v -0.486681 0.242669 0.737237
v 0.597005 0.242676 0.592448
v 0.503744 0.091946 0.661296
v 0.565186 0.102702 0.574463
v -0.603841 0.195394 0.566732
v -0.526042 0.073079 0.607259
v -0.566759 0.242364 0.646878
v 0.461019 0.081936 0.692708
v 0.351569 0.029107 0.692308
v 0.400391 -0.002279 0.607341
v -0.496826 0.036296 0.588135
v -0.351563 0.002604 0.641927
v -0.388353 0.051731 0.707770
v 0.419807 0.149448 0.764906
v 0.352044 0.112779 0.765042
v -0.351732 0.066216 0.733487
v -0.374586 0.132392 0.773587
v 0.330478 0.132392 0.782050
v 0.259800 0.150425 0.781406
v 0.242588 0.081936 0.732836
v -0.314948 0.051731 0.721280
v -0.227288 0.117988 0.753669
v -0.288608 0.149448 0.790032
v 0.199456 0.091946 0.716397
v 0.206299 0.036296 0.640381
v -0.302734 -0.002279 0.624919
v -0.177083 0.073079 0.669922
v 0.190667 0.133694 0.738858
v 0.136448 0.242364 0.720039
v 0.099284 0.195394 0.654134
v -0.137939 0.102702 0.650147
v -0.106120 0.242676 0.676758
v -0.160455 0.205743 0.739407
v 0.258823 0.179233 0.794101
v 0.222154 0.242669 0.782878
v -0.175510 0.242364 0.755520
v -0.241767 0.221103 0.794271
v 0.241767 0.265211 0.794271
v 0.259800 0.339247 0.781406
v 0.190667 0.351644 0.738858
v -0.160455 0.278985 0.739407
v -0.227288 0.368327 0.753669
v -0.258823 0.310438 0.794101
v 0.199456 0.394369 0.716397
v 0.137939 0.387451 0.650147
v -0.099284 0.291097 0.654134
v -0.177083 0.416667 0.669922
v 0.242588 0.403727 0.732836
v 0.351569 0.457384 0.692308
v 0.302734 0.494466 0.624919
v -0.206299 0.455811 0.640381
v -0.351563 0.487630 0.641927
v -0.314948 0.433946 0.721280
v 0.288608 0.342014 0.790032
v 0.352044 0.377374 0.765042
v -0.351732 0.420275 0.733487
v -0.330478 0.359144 0.782050
v 0.374586 0.359144 0.773587
v 0.448615 0.339247 0.746270
v 0.461019 0.403727 0.692708
v -0.388353 0.433946 0.707771
v -0.477702 0.368327 0.707845
v -0.419807 0.342014 0.764906
v 0.503744 0.394369 0.661296
v 0.496826 0.455811 0.588135
v -0.400391 0.494466 0.607341
v -0.526042 0.416667 0.607259
v 0.513102 0.351644 0.681315
v 0.603841 0.291097 0.566732
v -0.565186 0.387451 0.574463
v -0.543321 0.278985 0.673977
v 0.451219 0.310438 0.758396
v -0.468045 0.265211 0.754245
v 0.468379 0.242830 0.771096
v 0.435432 0.326226 0.769708
v 0.445107 0.308347 0.781351
v -0.460581 0.262810 0.777488
v -0.437552 0.328649 0.778675
v -0.466499 0.242832 0.762302
v 0.352207 0.358819 0.786526
v 0.372185 0.356192 0.799180
v -0.417656 0.337370 0.788099
v -0.352205 0.363774 0.798301
v 0.274611 0.326226 0.801100
v 0.290926 0.337370 0.815315
v -0.332810 0.356192 0.807654
v -0.272208 0.328649 0.812988
v 0.242662 0.242832 0.802409
v 0.244879 0.262810 0.818910
v -0.263628 0.308347 0.818765
v -0.237725 0.242830 0.814272
v 0.274611 0.165236 0.801100
v 0.263628 0.181551 0.818765
v -0.244879 0.223435 0.818910
v -0.272208 0.162833 0.812988
v 0.352207 0.133287 0.786526
v 0.332810 0.135504 0.807654
v -0.290926 0.154253 0.815315
v -0.352205 0.128350 0.798302
v 0.435432 0.165236 0.769708
v 0.417656 0.154253 0.788099
v -0.372185 0.135504 0.799180
v -0.437552 0.162833 0.778675
v 0.460581 0.223435 0.777488
v -0.445107 0.181551 0.781351
v 0.447361 0.242671 0.785290
v 0.376856 0.218502 0.814256
v -0.386412 0.242659 0.811874
v -0.422431 0.176593 0.791517
v 0.352014 0.208253 0.820134
v -0.352046 0.147423 0.808702
v 0.327865 0.218502 0.824496
v -0.285968 0.176593 0.820680
v 0.317616 0.242659 0.825363
v -0.256798 0.242671 0.821647
v 0.327865 0.267921 0.824496
v -0.285968 0.313533 0.820680
v 0.352014 0.278581 0.820134
v -0.352046 0.343186 0.808702
v 0.376856 0.267922 0.814256
v -0.422431 0.313533 0.791517
v 0.044271 -0.975884 0.567573
v 0.171522 -0.957859 0.573493
v 0.116828 -0.932739 0.633531
v 0.000000 -0.952325 0.622884
v -0.039225 -0.939955 0.637207
v -0.160692 -0.939168 0.613431
v -0.132460 -0.967706 0.556892
v 0.212538 -0.957615 0.544033
v 0.296041 -0.933106 0.553691
v 0.213053 -0.914110 0.630846
v -0.174934 -0.924276 0.631253
v -0.252767 -0.915900 0.607897
v -0.283346 -0.945475 0.529846
v 0.327128 -0.922038 0.524475
v 0.335585 -0.861382 0.566040
v 0.253465 -0.840569 0.651632
v -0.239095 -0.886278 0.637682
v -0.286424 -0.833164 0.630391
v -0.343723 -0.886122 0.528280
v 0.347304 -0.821018 0.539022
v 0.322144 -0.688517 0.596592
v 0.250549 -0.728848 0.675924
v -0.257209 -0.788323 0.664490
v -0.273092 -0.690844 0.656637
v -0.338827 -0.726603 0.555983
v 0.325155 -0.616903 0.565586
v 0.284458 -0.449490 0.603773
v 0.218194 -0.510064 0.697028
v -0.237366 -0.635586 0.686829
v -0.236179 -0.453830 0.672940
v -0.306675 -0.494493 0.567396
v 0.168699 -0.127848 0.732695
v 0.258809 -0.166694 0.567430
v 0.423706 -0.111369 0.571608
v 0.333754 -0.059658 0.694377
v -0.204117 -0.081994 0.754525
v -0.404148 -0.066494 0.642131
v -0.374390 -0.140910 0.548252
v -0.205912 -0.167752 0.619270
v 0.482463 -0.103149 0.537672
v 0.626051 -0.007941 0.554491
v 0.555054 0.023824 0.632121
v -0.451267 -0.024665 0.653361
v -0.613322 0.035136 0.602336
v -0.580153 -0.052375 0.535448
v 0.675368 0.018426 0.514126
v 0.788974 0.169115 0.501790
v 0.695882 0.160102 0.600681
v -0.636760 0.085510 0.614543
v -0.742594 0.192166 0.571384
v -0.766920 0.109626 0.475586
v 0.820794 0.222419 0.488607
v 0.815640 0.398383 0.601813
v 0.738444 0.327725 0.635952
v -0.729736 0.241482 0.607842
v -0.763428 0.375414 0.638312
v -0.835334 0.353706 0.552985
v 0.808153 0.434109 0.595466
v 0.695930 0.471619 0.651991
v 0.695719 0.406616 0.697327
v -0.727376 0.382575 0.666063
v -0.679199 0.439006 0.700175
v -0.740038 0.463399 0.614068
v 0.650682 0.505880 0.638482
v 0.483466 0.588386 0.712952
v 0.502814 0.510579 0.763848
v -0.620199 0.448934 0.730042
v -0.460334 0.558431 0.765313
v -0.542386 0.564134 0.669576
v 0.446031 0.630703 0.696757
v 0.319261 0.712016 0.757412
v 0.346354 0.611891 0.809828
v -0.410855 0.565593 0.790541
v -0.315837 0.658034 0.806573
v -0.362556 0.702983 0.719489
v 0.281664 0.731140 0.736579
v 0.173353 0.676622 0.778327
v 0.231079 0.617513 0.831638
v -0.286784 0.629632 0.823500
v -0.193400 0.628011 0.824070
v -0.203464 0.712918 0.747891
v 0.140639 0.648465 0.751634
v 0.075039 0.488058 0.772610
v 0.128486 0.479560 0.831387
v -0.178345 0.566732 0.834242
v -0.092760 0.455960 0.817634
v -0.093350 0.541362 0.748033
v 0.052497 0.470235 0.743802
v 0.000000 0.420180 0.763048
v 0.032976 0.374014 0.814806
v -0.080309 0.414781 0.824714
v -0.017415 0.438327 0.739448
v 0.118476 0.431871 0.823005
v 0.184516 0.427979 0.776469
v 0.237732 0.500475 0.781874
v -0.215210 0.568441 0.824721
v -0.226664 0.460354 0.770155
v -0.151150 0.416748 0.790059
v 0.267843 0.478909 0.762994
v 0.325921 0.513373 0.765808
v -0.318115 0.590814 0.808852
v -0.307855 0.483507 0.755147
v 0.353265 0.475044 0.745870
v 0.438673 0.463291 0.737006
v -0.445197 0.516113 0.772800
v -0.404900 0.453851 0.734809
v 0.474399 0.426344 0.714952
v 0.611125 0.386000 0.683099
v -0.650553 0.410034 0.710103
v -0.560099 0.392999 0.686761
v 0.613810 0.357842 0.667392
v 0.661628 0.312330 0.652167
v -0.711344 0.346280 0.654751
v -0.634203 0.320713 0.657376
v 0.640225 0.274000 0.651191
v 0.641724 0.191210 0.639716
v -0.692790 0.199653 0.617608
v -0.632121 0.217658 0.648750
v 0.596314 0.158251 0.653632
v 0.523153 0.066684 0.661126
v -0.578491 0.060364 0.637817
v -0.533407 0.096958 0.665765
v 0.470256 0.053175 0.679925
v 0.376553 0.008525 0.697917
v -0.388197 -0.025967 0.684448
v -0.407478 0.028219 0.695964
v 0.331794 0.031637 0.715820
v 0.194411 0.045559 0.754049
v -0.156875 -0.041480 0.778950
v -0.244541 0.062568 0.738912
v 0.188388 0.092516 0.750468
v 0.124790 0.118151 0.746867
v 0.041670 0.006934 0.748437
v -0.101289 -0.057590 0.781364
v -0.048360 0.071503 0.740173
v -0.164096 0.120511 0.750448
v 0.130561 0.334066 0.773573
v 0.038042 0.336660 0.803914
v -0.098090 0.316406 0.779351
v -0.152290 0.385661 0.777608
v 0.123759 0.235874 0.763190
v -0.000000 0.311073 0.799561
v 0.033691 0.210042 0.764459
v -0.100077 0.211948 0.760424
v -0.121121 0.283936 0.768690
v 0.000000 0.173665 0.755995
v 0.145704 0.153714 0.752726
v -0.132060 0.192417 0.757819
v 0.131883 -0.917033 0.648912
v 0.052097 -0.887160 0.688083
v 0.000000 -0.903063 0.675903
v -0.017415 -0.891588 0.685181
v -0.086277 -0.892449 0.679620
v 0.201009 -0.887743 0.654121
v 0.110548 -0.851508 0.700772
v -0.083347 -0.873976 0.693292
v -0.142775 -0.850125 0.691739
v 0.223436 -0.794915 0.680033
v 0.121112 -0.757741 0.722026
v -0.123406 -0.812446 0.710375
v -0.148812 -0.749898 0.714638
v 0.178887 -0.454807 0.717699
v 0.092048 -0.506978 0.742432
v 0.147196 -0.675490 0.723131
v -0.214010 -0.685798 0.698792
v -0.109111 -0.625360 0.734687
v -0.114916 -0.453349 0.737875
v 0.116760 -0.696811 0.730130
v -0.114439 -0.720490 0.728994
v 0.084073 -0.408508 0.744710
v 0.064606 -0.309582 0.745830
v 0.000000 -0.353733 0.744629
v 0.020508 -0.454373 0.748047
v -0.062019 -0.453186 0.747640
v -0.021484 -0.327365 0.746094
v -0.085809 -0.332589 0.741795
v 0.028320 -0.668023 0.735677
v -0.000000 -0.505398 0.745850
v -0.085185 -0.669468 0.735175
v -0.000000 -0.698541 0.734538
v 0.027181 -0.748006 0.733249
v -0.081683 -0.729950 0.733016
v 0.102489 -0.274928 0.744877
v 0.122267 -0.224698 0.760261
v 0.119968 -0.237657 0.791348
v 0.087172 -0.276767 0.772461
v -0.084504 -0.284714 0.752910
v -0.100844 -0.261224 0.784017
v -0.125339 -0.223334 0.782722
v -0.119663 -0.243089 0.748623
v 0.122104 -0.206468 0.750739
v 0.098002 -0.150011 0.753743
v 0.112617 -0.159553 0.784499
v -0.123874 -0.203478 0.791511
v -0.102607 -0.143928 0.772536
v -0.109558 -0.165066 0.751058
v 0.078145 -0.139025 0.749430
v 0.016123 -0.140916 0.753186
v 0.054559 -0.130927 0.780755
v -0.089179 -0.134976 0.780755
v -0.033074 -0.134996 0.772536
v -0.028358 -0.129852 0.746113
v 0.000000 -0.152058 0.750721
v 0.000000 -0.182848 0.761570
v 0.009115 -0.172879 0.791517
v -0.027703 -0.144274 0.784498
v -0.000000 -0.314562 0.771322
v 0.068292 -0.284173 0.780111
v -0.022949 -0.306017 0.779948
v -0.000000 -0.289564 0.798828
v 0.085219 -0.267816 0.788411
v 0.060579 -0.259140 0.804675
v -0.020508 -0.275160 0.804688
v -0.077814 -0.257197 0.800406
v 0.000000 -0.181586 0.801934
v 0.018650 -0.189376 0.821444
v 0.045589 -0.148060 0.805607
v -0.042677 -0.136949 0.790276
v -0.039537 -0.162077 0.813826
v 0.056294 -0.153699 0.811086
v 0.094629 -0.156165 0.805607
v -0.101630 -0.145718 0.790277
v -0.082236 -0.158108 0.811087
v 0.093833 -0.172285 0.813826
v 0.110175 -0.222480 0.816901
v -0.121758 -0.222683 0.801765
v -0.099026 -0.206448 0.821215
v 0.094469 -0.231839 0.819424
v -0.080235 -0.247543 0.808625
v 0.029131 -0.209765 0.824822
v -0.079251 -0.218248 0.824551
v 0.000000 -0.225618 0.821865
v 0.000000 -0.017287 0.740760
v 0.101095 -0.140245 0.757324
v -0.113944 -0.113990 0.781930
v 0.130893 -0.228116 0.741543
v 0.157125 -0.208686 0.723206
v -0.139809 -0.143734 0.764196
v -0.151835 -0.233588 0.725322
v 0.111827 -0.302143 0.735301
v 0.175646 -0.293972 0.700711
v -0.169332 -0.258165 0.701884
v -0.157742 -0.312283 0.717801
v 0.200941 -0.412408 0.701748
v -0.186062 -0.344754 0.701036
v 0.285027 -0.402045 0.565443
v 0.239305 -0.317342 0.595039
v -0.200711 -0.317491 0.670926
v -0.260708 -0.340780 0.560208
v 0.242967 -0.294881 0.558255
v 0.214837 -0.246195 0.597154
v -0.180318 -0.239773 0.676982
v -0.231845 -0.262960 0.559882
v 0.218987 -0.230245 0.565091
v -0.206889 -0.196316 0.573127
v 0.089837 -0.746453 0.725986
v 0.000000 -0.759725 0.730645
v 0.023763 -0.764621 0.716783
v -0.070306 -0.750197 0.719964
v -0.098278 -0.737233 0.730032
v 0.095608 -0.820855 0.709913
v 0.094232 -0.762078 0.717523
v -0.095039 -0.800591 0.709262
v -0.107456 -0.827664 0.710456
v 0.050774 -0.867845 0.690565
v 0.083320 -0.832167 0.699660
v -0.060052 -0.855231 0.689182
v -0.058933 -0.876011 0.693617
v 0.000000 -0.877604 0.687270
v 0.036126 -0.868741 0.683648
v -0.012044 -0.872884 0.683119
v -0.000000 -0.861288 0.647312
v 0.047031 -0.860196 0.674940
v 0.037937 -0.846693 0.639854
v -0.012695 -0.851522 0.639499
v -0.047214 -0.851983 0.648318
v 0.090074 -0.815972 0.692498
v 0.082732 -0.818080 0.646296
v -0.060137 -0.837267 0.641347
v -0.089612 -0.812335 0.660178
v 0.086093 -0.752801 0.708245
v 0.089808 -0.770886 0.661803
v -0.090431 -0.800951 0.651578
v -0.085544 -0.756965 0.677649
v 0.000000 -0.770155 0.703925
v 0.022461 -0.779175 0.661445
v -0.066501 -0.765917 0.664628
v 0.000000 -0.797323 0.651761
v 0.055919 -0.826956 0.640927
v -0.076345 -0.779355 0.655555
v 0.163886 0.218269 0.774353
v 0.169549 0.145494 0.756307
v 0.183017 0.172038 0.771464
v -0.174873 0.203295 0.774841
v -0.183180 0.153809 0.768046
v -0.143534 0.214715 0.763842
v 0.168084 0.299242 0.776930
v 0.172268 0.238614 0.776957
v -0.175246 0.277839 0.777663
v -0.141385 0.304036 0.770237
v 0.201898 0.381904 0.777995
v 0.184848 0.317390 0.778151
v -0.201165 0.356757 0.778402
v -0.179145 0.400147 0.774597
v 0.218987 0.094062 0.749980
v 0.217292 0.121073 0.773946
v -0.196852 0.144694 0.771301
v -0.230231 0.104797 0.767273
v 0.370856 0.036682 0.713867
v 0.337233 0.073669 0.747382
v -0.264330 0.097148 0.765971
v -0.370924 0.058533 0.732978
v 0.490275 0.078566 0.683750
v 0.451185 0.090441 0.719428
v -0.399896 0.071228 0.731757
v -0.480808 0.096625 0.705594
v 0.604614 0.188768 0.658597
v 0.552728 0.171841 0.686164
v -0.502292 0.124295 0.704129
v -0.581699 0.193081 0.674852
v 0.623379 0.292962 0.659654
v 0.585429 0.265476 0.681335
v -0.580560 0.219204 0.678514
v -0.596741 0.288425 0.677511
v 0.581502 0.368096 0.676751
v 0.568122 0.336277 0.689989
v -0.581360 0.304538 0.685079
v -0.562263 0.356215 0.692186
v 0.433302 0.426670 0.729845
v 0.457764 0.388645 0.747145
v -0.526618 0.364271 0.710985
v -0.428711 0.407037 0.752516
v 0.331943 0.462267 0.747416
v 0.357178 0.423591 0.758904
v -0.400798 0.408502 0.763258
v -0.335856 0.438239 0.755405
v 0.255147 0.454251 0.762668
v 0.287923 0.425374 0.767490
v -0.319743 0.429287 0.760044
v -0.267253 0.430420 0.768792
v 0.225091 0.388333 0.776774
v -0.256348 0.411703 0.773187
v 0.279785 0.401530 0.765951
v 0.218662 0.368883 0.774740
v 0.246175 0.368897 0.759847
v -0.269613 0.388346 0.763428
v -0.229655 0.361165 0.763997
v -0.275391 0.413167 0.770257
v 0.337891 0.409831 0.753581
v 0.295003 0.400065 0.761475
v -0.322510 0.404053 0.754069
v -0.337809 0.421149 0.757847
v 0.419596 0.389811 0.749512
v 0.355713 0.402100 0.750163
v -0.394938 0.394124 0.749268
v -0.424154 0.394992 0.759515
v 0.530762 0.339518 0.688965
v 0.443766 0.376546 0.731690
v -0.500977 0.349609 0.697917
v -0.545498 0.346775 0.696581
v 0.559896 0.281576 0.676270
v 0.536133 0.322266 0.678385
v -0.548503 0.294759 0.673910
v -0.575745 0.284844 0.683207
v 0.547852 0.205566 0.676758
v 0.552409 0.263509 0.671956
v -0.548014 0.228271 0.672201
v -0.562981 0.198778 0.680874
v 0.464844 0.118327 0.706218
v 0.524577 0.187256 0.680013
v -0.482422 0.141276 0.695231
v -0.472670 0.109972 0.713081
v 0.371094 0.086263 0.731283
v 0.439453 0.110026 0.708903
v -0.395996 0.094482 0.720785
v -0.371087 0.074972 0.738837
v 0.246419 0.121582 0.760254
v 0.341309 0.096436 0.734456
v -0.276367 0.115316 0.749593
v -0.239183 0.113424 0.771017
v 0.201660 0.168783 0.756673
v 0.233398 0.136800 0.755453
v -0.213216 0.160238 0.752035
v -0.193434 0.161296 0.768209
v 0.185499 0.296800 0.774814
v 0.205485 0.312419 0.757731
v -0.224691 0.343506 0.757894
v -0.194336 0.296387 0.763184
v 0.179186 0.222012 0.772563
v 0.195394 0.244303 0.752035
v -0.195719 0.279216 0.755778
v -0.190430 0.225911 0.758138
v 0.201497 0.185628 0.750081
v -0.197347 0.213053 0.750081
v -0.000000 0.423010 0.639214
v 0.076504 0.496684 0.714342
v 0.077827 0.459263 0.615854
v -0.023236 0.431731 0.612832
v -0.098275 0.482447 0.645108
v 0.172377 0.688016 0.719571
v 0.186689 0.618195 0.625024
v -0.152005 0.522633 0.618676
v -0.190605 0.662286 0.651690
v 0.324958 0.722921 0.697028
v 0.304929 0.673683 0.609845
v -0.227053 0.658719 0.622284
v -0.332107 0.691078 0.629596
v 0.493557 0.591804 0.652568
v 0.421965 0.586450 0.578292
v -0.356572 0.654345 0.598726
v -0.487843 0.568811 0.586722
v 0.696418 0.480571 0.594048
v 0.628750 0.481344 0.503567
v -0.530239 0.530470 0.537985
v -0.680996 0.465963 0.527330
v 0.827847 0.404894 0.551520
v 0.765415 0.418084 0.466743
v -0.707038 0.444397 0.480130
v -0.800001 0.395460 0.488064
v 0.799554 0.160489 0.446126
v 0.785794 0.229180 0.382575
v -0.791945 0.346307 0.433865
v -0.775703 0.167413 0.403083
v 0.624586 -0.021125 0.501594
v 0.657437 0.037604 0.385518
v -0.740546 0.125339 0.366136
v -0.611376 -0.004388 0.441834
v 0.433146 -0.123739 0.518385
v 0.478846 -0.080020 0.435029
v -0.570035 -0.030592 0.408793
v -0.431461 -0.104810 0.482374
v 0.098043 -0.555766 0.343499
v 0.000000 -0.543444 0.314155
v 0.044434 -0.471422 0.271756
v 0.158000 -0.446642 0.293810
v -0.136698 -0.508484 0.336256
v -0.132039 -0.439317 0.264757
v -0.032715 -0.572985 0.327827
v 0.106025 -0.766269 0.367099
v 0.000000 -0.738336 0.343370
v 0.129700 -0.594259 0.359857
v -0.137275 -0.702630 0.365228
v -0.035319 -0.787489 0.357205
v 0.122538 -0.939447 0.446140
v 0.000000 -0.926025 0.429769
v 0.147040 -0.804355 0.384596
v -0.158264 -0.896722 0.419284
v -0.040853 -0.954427 0.455648
v 0.167216 -0.949293 0.466159
v -0.000000 -0.978651 0.544379
v -0.173475 -0.961765 0.524177
v 0.311840 -0.909945 0.434040
v 0.203756 -0.923659 0.432794
v -0.281797 -0.907235 0.417377
v -0.316060 -0.931152 0.494934
v 0.306681 -0.754666 0.423462
v 0.304990 -0.869326 0.408425
v -0.290975 -0.776964 0.398722
v -0.342421 -0.834364 0.496379
v 0.276123 -0.553792 0.436639
v 0.274373 -0.677029 0.396444
v -0.257080 -0.572673 0.400669
v -0.323120 -0.641968 0.522536
v 0.251343 -0.723741 0.383097
v 0.161031 -0.536397 0.361566
v -0.221436 -0.517985 0.382765
v -0.178290 -0.743971 0.375400
v 0.190633 -0.406440 0.297309
v 0.239224 -0.403714 0.406474
v -0.245361 -0.481201 0.404087
v -0.220425 -0.375800 0.369934
v 0.253791 -0.382311 0.447571
v -0.290154 -0.425076 0.528253
v 0.248908 -0.308553 0.525052
v 0.235446 -0.261293 0.431143
v 0.218944 -0.231520 0.490537
v -0.227044 -0.243754 0.534329
v -0.232942 -0.232008 0.460752
v -0.231000 -0.291533 0.460296
v 0.232551 -0.347073 0.410217
v -0.226077 -0.309894 0.414714
v 0.225023 -0.174820 0.511612
v 0.225143 -0.207795 0.481791
v -0.222044 -0.180785 0.496428
v -0.223979 -0.183051 0.544888
v 0.258805 -0.159422 0.495979
v -0.371018 -0.122669 0.478685
v -0.000000 -0.122952 -0.685818
v 0.086751 0.083903 -0.773682
v 0.321139 0.009946 -0.640803
v 0.252166 -0.155233 -0.560814
v -0.084798 -0.176988 -0.622586
v -0.322888 -0.094967 -0.576757
v -0.258011 0.074626 -0.697668
v -0.000000 -0.324097 -0.413194
v 0.315235 -0.180705 -0.478376
v 0.218601 -0.321784 -0.273173
v -0.073405 -0.355184 -0.311469
v -0.293796 -0.264899 -0.337301
v -0.000000 -0.429118 0.048937
v 0.264499 -0.324958 -0.158427
v 0.160945 -0.402538 0.142015
v -0.053874 -0.437337 0.146512
v -0.228339 -0.360458 0.054980
v 0.000000 -0.467516 0.253445
v 0.189609 -0.393027 0.206035
v -0.175252 -0.408881 0.251166
v 0.222478 -0.354996 0.226080
v -0.229080 -0.303835 0.353562
v 0.813192 0.211941 0.157925
v 0.632372 -0.004876 0.328064
v 0.752107 0.030380 0.082116
v -0.812541 0.166043 0.079312
v -0.687030 -0.024118 0.160672
v -0.779934 0.184665 0.306566
v 0.000000 0.188477 -0.805990
v 0.112467 0.520209 -0.783312
v 0.405490 0.342760 -0.692729
v -0.350215 0.151855 -0.676753
v -0.334364 0.468411 -0.711446
v 0.000000 0.952366 0.011475
v 0.113444 0.865384 0.266561
v 0.431051 0.859585 0.146579
v 0.337077 0.929681 -0.076328
v -0.113281 0.955946 -0.082357
v -0.430990 0.898756 -0.005202
v -0.337545 0.841600 0.238213
v 0.000000 0.910929 -0.407444
v 0.430990 0.901523 -0.161614
v 0.337531 0.845391 -0.423008
v -0.113444 0.866496 -0.492649
v -0.431037 0.866794 -0.321445
v 0.000000 0.628282 -0.746528
v 0.432176 0.746677 -0.477532
v -0.433160 0.542955 -0.626160
v 0.638631 0.458347 0.347059
v 0.771193 0.391717 0.419054
v 0.713121 0.431600 0.313395
v -0.661825 0.460544 0.294162
v -0.744371 0.395955 0.344482
v -0.661302 0.457336 0.444973
v 0.634969 0.639533 0.130859
v 0.745348 0.436971 0.256592
v 0.752353 0.585951 0.102444
v -0.677368 0.653286 0.072673
v -0.773431 0.513360 0.155260
v -0.629842 0.519870 0.242242
v 0.638021 0.740119 -0.114916
v 0.787591 0.565443 0.045559
v 0.756422 0.638089 -0.138496
v -0.679362 0.707160 -0.173672
v -0.786614 0.590319 -0.072008
v -0.637899 0.714240 0.011719
v 0.637804 0.698242 -0.368218
v 0.784824 0.583808 -0.191474
v 0.753297 0.556854 -0.368594
v -0.677436 0.623372 -0.412082
v -0.781652 0.547169 -0.309943
v -0.638021 0.735074 -0.242032
v 0.777542 0.484089 -0.367543
v 0.725125 0.283699 -0.465016
v 0.621236 0.420369 -0.543789
v -0.632596 0.592773 -0.469455
v -0.647115 0.315877 -0.535407
v -0.769348 0.347192 -0.408528
v 0.568502 0.359823 -0.596117
v 0.497199 0.790053 -0.398756
v -0.592150 0.701823 -0.421522
v -0.486382 0.414049 -0.648132
v 0.497233 0.872226 -0.103509
v -0.593424 0.785122 -0.162116
v 0.497538 0.793586 0.180922
v -0.593058 0.722460 0.098389
v 0.432516 0.760139 0.274184
v 0.503126 0.533068 0.387675
v -0.592814 0.494073 0.317925
v -0.435662 0.605415 0.376933
v 0.445265 0.529243 0.459452
v -0.460757 0.535699 0.522859
v 0.000000 0.806057 0.345744
v 0.122336 0.577661 0.518261
v -0.346063 0.561713 0.455221
v 0.378190 0.542959 0.563403
v -0.200262 0.505651 0.592431
v 0.056678 0.535993 0.570394
v -0.108926 0.488361 0.594905
v 0.000000 0.525673 0.578998
v 0.816447 0.280626 0.139696
v -0.765205 0.372030 0.261637
v 0.833700 0.247748 0.052945
v 0.837842 0.373379 -0.007468
v -0.806227 0.492852 0.076402
v -0.840025 0.290650 -0.007448
v 0.841019 0.332686 -0.084423
v 0.814336 0.395860 -0.185877
v -0.801181 0.533597 -0.142076
v -0.827882 0.343716 -0.159632
v 0.813699 0.341841 -0.256519
v -0.791280 0.311392 -0.368781
v 0.355300 -0.227053 0.141200
v 0.326674 -0.272142 -0.242086
v 0.428948 -0.191989 -0.122572
v -0.420112 -0.184399 0.055250
v -0.398024 -0.208347 -0.219903
v -0.259860 -0.330585 0.145258
v 0.621813 -0.104031 -0.109635
v 0.635527 -0.077795 0.095228
v 0.476963 -0.159193 -0.198419
v -0.564972 -0.125926 -0.177357
v -0.486022 -0.138917 0.129803
v -0.677393 -0.068938 0.007012
v 0.427776 -0.116437 0.387864
v -0.420502 -0.152837 0.239579
v 0.370882 -0.134143 0.451348
v 0.261465 -0.258941 0.358657
v -0.355172 -0.204009 0.230153
v -0.262637 -0.197641 0.462753
v 0.735256 0.206011 -0.439463
v 0.608446 0.010891 -0.436910
v 0.518168 0.100838 -0.554116
v -0.582987 0.255330 -0.572272
v -0.529478 0.023117 -0.494175
v -0.672736 0.060777 -0.431946
v 0.452747 0.043882 -0.573389
v -0.377242 0.064022 -0.633909
v 0.629605 -0.042413 -0.361796
v 0.446038 -0.145440 -0.292494
v -0.472045 -0.043825 -0.453828
v -0.608036 -0.100688 -0.231919
v 0.368124 -0.110700 -0.526864
v -0.440824 -0.028000 -0.526853
v 1.024245 0.426839 -0.298482
v 0.990546 0.450785 -0.305277
v 0.902642 0.392931 -0.236193
v 0.945360 0.372233 -0.244276
v -0.993808 0.399414 -0.279439
v -0.916307 0.369873 -0.228407
v -0.924289 0.417182 -0.265896
v -1.027900 0.456807 -0.310730
v 1.178535 0.488824 -0.402364
v 1.061028 0.418945 -0.322245
v 1.191739 0.439697 -0.391595
v -1.214505 0.471897 -0.406433
v -1.145840 0.429199 -0.371168
v -1.075833 0.475362 -0.351339
v 1.315328 0.360697 -0.427856
v 1.209154 0.397949 -0.399651
v 1.275445 0.291260 -0.409939
v -1.314921 0.305766 -0.418823
v -1.248752 0.324870 -0.407254
v -1.259264 0.450738 -0.427917
v 1.293132 0.122538 -0.432821
v 1.254937 0.235026 -0.410834
v 1.217590 0.080309 -0.404148
v -1.249919 0.069560 -0.415731
v -1.227356 0.131171 -0.410251
v -1.326884 0.250183 -0.429484
v 1.098104 -0.055949 -0.362881
v 1.167948 0.048815 -0.385512
v 1.031426 -0.047106 -0.304898
v -1.035116 -0.076050 -0.315925
v -1.077895 -0.010484 -0.335985
v -1.216309 0.019836 -0.411011
v 0.844991 -0.123183 -0.194411
v 0.981215 -0.047919 -0.267788
v 0.822089 -0.082174 -0.149855
v -0.795186 -0.116998 -0.148675
v -0.880195 -0.063700 -0.184197
v -0.973429 -0.103475 -0.289476
v 1.031752 -0.022692 -0.315152
v 0.998773 -0.008369 -0.326328
v 0.875909 -0.031955 -0.209215
v -0.849433 -0.053365 -0.170851
v -0.919366 -0.020481 -0.250638
v -1.036126 -0.003974 -0.345127
v 1.195618 0.089098 -0.408705
v 1.152228 0.068719 -0.424805
v -1.077060 0.021254 -0.385410
v -1.184862 0.095493 -0.428548
v 1.247776 0.274333 -0.415473
v 1.225884 0.211894 -0.445706
v -1.202196 0.132684 -0.444661
v -1.233127 0.255839 -0.434801
v 1.176276 0.404541 -0.396315
v 1.189697 0.335253 -0.438877
v -1.221652 0.280090 -0.443753
v -1.168783 0.368130 -0.419590
v 1.024082 0.393962 -0.309713
v 1.062419 0.352125 -0.378025
v -1.135986 0.359178 -0.416904
v -1.027588 0.359775 -0.342787
v 0.929165 0.344157 -0.242079
v 0.964267 0.317803 -0.305840
v -1.004801 0.337965 -0.340590
v -0.941074 0.316990 -0.275567
v 0.735682 0.010751 -0.044940
v 0.646644 -0.095398 -0.148654
v 0.714750 -0.021311 -0.146766
v -0.723502 -0.004629 -0.092375
v -0.700912 -0.049303 -0.156416
v -0.731016 -0.016865 0.020033
v 0.651520 -0.114143 -0.173695
v 0.801093 -0.061259 -0.151157
v -0.745269 -0.041075 -0.168268
v -0.737407 -0.126112 -0.156162
v 0.759445 0.078215 -0.065041
v -0.820352 0.227051 -0.055859
v 0.873183 0.380073 -0.240506
v 0.833077 0.323273 -0.198695
v 0.864950 0.305908 -0.217597
v -0.902554 0.340983 -0.223768
v -0.842407 0.299316 -0.207262
v -0.837116 0.342397 -0.227001
v 0.860772 -0.023736 -0.226223
v 0.796726 -0.015869 -0.243123
v -0.750958 -0.020518 -0.194702
v -0.824151 -0.018636 -0.253296
v 0.813083 -0.007568 -0.268595
v 0.808750 0.023960 -0.253072
v 0.729109 0.022659 -0.184319
v -0.727201 -0.008615 -0.176393
v -0.752666 0.034247 -0.213350
v -0.826165 0.009474 -0.269918
v 0.805149 0.081476 -0.275784
v 0.760796 0.086887 -0.253920
v 0.828932 0.035027 -0.272034
v -0.820218 0.067777 -0.275784
v -0.743960 0.062563 -0.215355
v -0.773655 0.087538 -0.272068
v 0.776259 0.111301 -0.270766
v 0.823717 0.177829 -0.256666
v 0.784227 0.166850 -0.198025
v -0.744579 0.083740 -0.190008
v -0.805142 0.191020 -0.224067
v -0.813544 0.153008 -0.271559
v 0.879110 0.253493 -0.254042
v 0.835978 0.268799 -0.211738
v 0.846422 0.192071 -0.270420
v -0.873413 0.227614 -0.267551
v -0.814989 0.228861 -0.205512
v -0.857707 0.276204 -0.226142
v 0.901083 0.260980 -0.271457
v -0.929925 0.292087 -0.282728
v 0.831979 0.270884 -0.097651
v -0.807909 0.221781 -0.171332
v 0.733834 0.029612 -0.101537
v -0.728734 0.042481 -0.161756
v 0.953688 0.291083 -0.333693
v 0.890503 0.239983 -0.281711
v 0.911906 0.243741 -0.324449
v -0.942620 0.271634 -0.336378
v -0.892293 0.235114 -0.308499
v -0.949049 0.299411 -0.306491
v 0.835436 0.171319 -0.284498
v 0.859090 0.182339 -0.317390
v -0.884237 0.213955 -0.318264
v -0.839803 0.170132 -0.308031
v 0.771213 0.098931 -0.284844
v 0.790995 0.112083 -0.316244
v -0.827515 0.147997 -0.316901
v -0.776245 0.099500 -0.307865
v 0.818753 0.078576 -0.285757
v 0.817010 0.085653 -0.316895
v -0.788255 0.095804 -0.316244
v -0.823520 0.076294 -0.308187
v 0.839837 0.018914 -0.284810
v 0.851047 0.035272 -0.317478
v -0.838657 0.065470 -0.317220
v -0.845350 0.018833 -0.308200
v 0.820163 -0.013590 -0.279582
v 0.829417 -0.006298 -0.312661
v -0.847466 0.011020 -0.316176
v -0.822249 -0.012893 -0.302848
v 0.889581 -0.019586 -0.242418
v 0.870334 -0.010403 -0.281331
v -0.835056 -0.011937 -0.302912
v -0.890924 -0.015205 -0.269694
v 1.040647 0.329716 -0.399740
v 0.978916 0.295397 -0.358677
v -1.021116 0.314905 -0.391113
v -1.033122 0.338454 -0.373386
v 1.175942 0.337285 -0.465997
v 1.074085 0.329070 -0.423792
v -1.146255 0.335879 -0.458311
v -1.169108 0.345832 -0.443515
v 1.240601 0.239590 -0.477797
v 1.193601 0.313359 -0.473972
v -1.225871 0.264492 -0.477878
v -1.231500 0.244283 -0.456285
v 1.193882 0.094625 -0.468119
v 1.230428 0.203457 -0.477878
v -1.206740 0.131978 -0.473897
v -1.185025 0.096958 -0.449056
v 1.044176 0.007100 -0.399658
v 1.156447 0.074524 -0.457133
v -1.080716 0.032247 -0.426839
v -1.040521 0.005466 -0.373935
v 1.003567 0.006042 -0.375407
v -0.926975 -0.004544 -0.305420
v 0.874207 0.101834 -0.326321
v 0.867811 0.029087 -0.322198
v 0.923550 0.075534 -0.334642
v -0.902283 0.100043 -0.331367
v -0.908251 0.049655 -0.327481
v -0.841912 0.083781 -0.321859
v 0.941277 0.157545 -0.344733
v 0.946825 0.074721 -0.340013
v 0.989502 0.135966 -0.362657
v -0.969272 0.160312 -0.354987
v -0.982666 0.103902 -0.359972
v -0.907573 0.126573 -0.333808
v 0.999993 0.219313 -0.367316
v 1.016520 0.134664 -0.375271
v 1.046380 0.195828 -0.381144
v -1.026116 0.220452 -0.376105
v -1.048415 0.166531 -0.385457
v -0.972039 0.188633 -0.355964
v 1.066709 0.263507 -0.388340
v 1.078200 0.191596 -0.392619
v 1.110262 0.228557 -0.398762
v -1.095436 0.259682 -0.397536
v -1.105898 0.209982 -0.397552
v -1.031406 0.244215 -0.377896
v 1.075960 0.286700 -0.399661
v 0.971103 0.273505 -0.354038
v -1.001214 0.246331 -0.367479
v -1.052583 0.313549 -0.408050
v 0.909546 0.217699 -0.329332
v -0.942417 0.187493 -0.344082
v 0.854126 0.155321 -0.322191
v -0.878682 0.126736 -0.327135
v 0.902317 0.005954 -0.296712
v -0.923387 0.043959 -0.323086
v 1.034410 0.036886 -0.400960
v -1.011312 0.094462 -0.378282
v 1.162794 0.115946 -0.453959
v -1.092441 0.160672 -0.407511
v 1.210002 0.231615 -0.464125
v -1.140878 0.220687 -0.416730
v 1.159169 0.319315 -0.458272
v -1.108422 0.286878 -0.413655
v 1.039870 -0.075860 -0.439548
v 0.785584 -0.129042 -0.198642
v 0.855679 -0.072544 -0.358934
v -0.976963 -0.052748 -0.436130
v -0.793830 -0.113152 -0.297329
v -1.038045 -0.087443 -0.361660
v 1.286549 0.066969 -0.498255
v 1.104730 -0.009454 -0.488214
v -1.235768 0.056390 -0.511764
v -1.273356 0.063863 -0.447632
v 1.347516 0.296725 -0.484581
v 1.316089 0.136059 -0.516850
v -1.344337 0.253721 -0.503227
v -1.339498 0.307556 -0.444214
v 1.237558 0.457926 -0.505138
v 1.334371 0.322473 -0.505345
v -1.277321 0.405071 -0.525271
v -1.229804 0.479058 -0.445007
v 1.029114 0.440036 -0.437893
v 1.195240 0.425863 -0.517996
v -1.082662 0.407077 -0.486396
v -1.029527 0.462830 -0.358093
v 0.872972 0.379795 -0.354329
v 0.983215 0.383314 -0.444078
v -0.899095 0.355706 -0.393717
v -0.888319 0.397814 -0.279161
v 1.031881 0.302341 -0.479560
v 0.815152 0.015266 -0.359992
v -0.848396 0.250400 -0.382324
v -1.037754 0.055976 -0.479913
v 1.252473 0.358087 -0.534399
v -1.280197 0.156366 -0.528113
v 0.834480 0.318434 -0.380371
v -0.788811 0.274994 -0.405049
v 0.758186 -0.060337 -0.341519
v -0.684130 -0.017754 -0.385315
v -0.692668 -0.114624 -0.205648
v -0.707764 -0.079631 -0.318197
v -0.741211 -0.115112 -0.246786
v -0.658244 -0.083903 -0.279419
v 0.741211 -0.115112 -0.246786
v 0.658244 -0.083903 -0.279419
v 0.692668 -0.114624 -0.205648
v 0.707764 -0.079631 -0.318197
v -0.735921 0.129395 -0.414632
v -0.795858 0.129395 -0.377197
v -0.740967 0.034627 -0.384603
v -0.790365 0.222941 -0.400024
v 0.740967 0.034627 -0.384603
v 0.790365 0.222941 -0.400024
v 0.735921 0.129395 -0.414632
v 0.795858 0.129395 -0.377197
v -0.825521 0.331340 -0.359985
v -0.845581 0.355550 -0.268555
v -0.856201 0.369751 -0.312581
v -0.817220 0.325236 -0.316406
v 0.856201 0.369751 -0.312581
v 0.817220 0.325236 -0.316406
v 0.825521 0.331340 -0.359985
v 0.845581 0.355550 -0.268555
v -1.294070 0.319473 -0.530010
v -1.308796 0.221044 -0.526408
v -1.323248 0.279265 -0.518713
v 1.308796 0.221044 -0.526408
v 1.294070 0.319473 -0.530010
v 1.323248 0.279265 -0.518713
v -1.094198 0.197673 -0.500122
v -1.217606 0.239896 -0.525585
v -1.165446 0.106364 -0.511353
v -1.146810 0.331462 -0.513062
v 1.165446 0.106364 -0.511353
v 1.146810 0.331462 -0.513062
v 1.094198 0.197673 -0.500122
v 1.217606 0.239896 -0.525585
v -0.934448 0.276204 -0.425822
v -0.921102 0.028646 -0.414347
v -0.876913 0.141113 -0.390869
v -0.979940 0.164469 -0.454224
v 0.876913 0.141113 -0.390869
v 0.979940 0.164469 -0.454224
v 0.934448 0.276204 -0.425822
v 0.921102 0.028646 -0.414347
v -0.912842 0.409790 -0.332113
v -0.987061 0.441081 -0.375936
v -0.945190 0.412923 -0.391642
v -0.953084 0.432699 -0.314941
v 0.945191 0.412923 -0.391642
v 0.953084 0.432699 -0.314941
v 0.912842 0.409790 -0.332113
v 0.987061 0.441081 -0.375936
v -1.078857 0.464518 -0.419881
v -1.186442 0.478272 -0.461751
v -1.135091 0.458415 -0.476929
v -1.130656 0.481323 -0.405558
v 1.135091 0.458415 -0.476929
v 1.130656 0.481323 -0.405558
v 1.078858 0.464518 -0.419881
v 1.186442 0.478272 -0.461751
v -1.270426 0.441162 -0.477376
v -1.328206 0.352743 -0.467245
v -1.304602 0.387682 -0.497319
v -1.296346 0.405396 -0.448079
v 1.304602 0.387682 -0.497319
v 1.296346 0.405396 -0.448079
v 1.270426 0.441162 -0.477376
v 1.328207 0.352743 -0.467244
v -1.341878 0.244344 -0.466268
v -1.310466 0.119263 -0.474650
v -1.332925 0.181652 -0.492757
v -1.321696 0.184408 -0.448975
v 1.332925 0.181652 -0.492757
v 1.321696 0.184408 -0.448975
v 1.341878 0.244344 -0.466268
v 1.310466 0.119263 -0.474650
v -1.230388 0.018677 -0.461955
v -1.103516 -0.055501 -0.426554
v -1.171305 -0.012777 -0.477173
v -1.163818 -0.020955 -0.413249
v 1.171305 -0.012777 -0.477173
v 1.163818 -0.020955 -0.413249
v 1.230387 0.018677 -0.461955
v 1.103516 -0.055501 -0.426554
v -0.974609 -0.102376 -0.363078
v -0.846680 -0.121948 -0.275106
v -0.912313 -0.104167 -0.362590
v -0.908529 -0.116333 -0.274292
v 0.912313 -0.104167 -0.362590
v 0.908529 -0.116333 -0.274292
v 0.974609 -0.102376 -0.363078
v 0.846680 -0.121948 -0.275106
v -1.088141 0.318047 -0.425375
v -1.124143 0.321470 -0.442374
v -1.099637 0.304491 -0.420203
v 1.124143 0.321470 -0.442374
v 1.088141 0.318047 -0.425375
v 1.099637 0.304491 -0.420203
v -1.189901 0.279867 -0.462362
v -1.129557 0.255086 -0.415934
v -1.170858 0.246989 -0.440308
v -1.147859 0.287626 -0.438280
v 1.170858 0.246989 -0.440308
v 1.147859 0.287626 -0.438280
v 1.189901 0.279867 -0.462362
v 1.129557 0.255086 -0.415934
v -1.194458 0.173299 -0.461385
v -1.121379 0.190633 -0.413127
v -1.144898 0.159342 -0.435221
v -1.169881 0.204020 -0.439331
v 1.144898 0.159342 -0.435221
v 1.169881 0.204020 -0.439331
v 1.194458 0.173299 -0.461385
v 1.121379 0.190633 -0.413127
v -1.102295 0.072510 -0.432292
v -1.053385 0.127238 -0.395223
v -1.050741 0.081421 -0.403727
v -1.104859 0.118327 -0.423503
v 1.050741 0.081421 -0.403727
v 1.104859 0.118327 -0.423503
v 1.102295 0.072510 -0.432292
v 1.053385 0.127238 -0.395223
v -0.965820 0.018595 -0.345215
v -0.967285 0.067790 -0.349406
v -0.938843 0.033366 -0.325399
v -0.995077 0.053101 -0.370524
v 0.938843 0.033366 -0.325399
v 0.995077 0.053101 -0.370524
v 0.965820 0.018595 -0.345215
v 0.967285 0.067790 -0.349406
v -0.852336 0.006104 -0.314738
v -0.890991 0.017741 -0.306844
v -0.881958 0.025391 -0.318929
v -0.859863 -0.001424 -0.301595
v 0.881958 0.025391 -0.318929
v 0.859863 -0.001424 -0.301595
v 0.852336 0.006104 -0.314738
v 0.890991 0.017741 -0.306844
v -0.815104 0.100220 -0.320841
v -0.849487 0.127035 -0.323324
v -0.818848 0.122640 -0.320841
v -0.845500 0.103353 -0.323242
v 0.818848 0.122640 -0.320841
v 0.845500 0.103353 -0.323242
v 0.815104 0.100220 -0.320841
v 0.849487 0.127035 -0.323324
v -0.911133 0.187459 -0.333130
v -0.881714 0.156331 -0.327230
v -0.910970 0.156413 -0.334880
v -0.882406 0.186890 -0.324870
v 0.910970 0.156413 -0.334880
v 0.882406 0.186890 -0.324870
v 0.911133 0.187459 -0.333130
v 0.881714 0.156331 -0.327230
v -0.939128 0.246582 -0.339600
v -0.971395 0.217896 -0.355265
v -0.969930 0.246867 -0.353719
v -0.940430 0.217733 -0.341919
v 0.969930 0.246867 -0.353719
v 0.940430 0.217733 -0.341919
v 0.939128 0.246582 -0.339600
v 0.971395 0.217896 -0.355265
v -1.043566 0.291124 -0.392059
v -1.004110 0.271281 -0.370321
v -1.036865 0.267578 -0.381836
v -1.010213 0.294515 -0.379354
v 1.036865 0.267578 -0.381836
v 1.010213 0.294515 -0.379354
v 1.043566 0.291124 -0.392059
v 1.004110 0.271281 -0.370321
v -1.058350 0.240234 -0.383789
v -1.075480 0.213094 -0.386759
v -1.082682 0.234578 -0.388590
v -1.050863 0.218425 -0.381755
v 1.082682 0.234578 -0.388591
v 1.050863 0.218424 -0.381755
v 1.058350 0.240234 -0.383789
v 1.075480 0.213094 -0.386759
v -0.997762 0.191528 -0.366008
v -1.018229 0.167277 -0.372762
v -1.021566 0.194987 -0.373942
v -0.994019 0.164063 -0.364176
v 1.021566 0.194987 -0.373942
v 0.994019 0.164062 -0.364176
v 0.997762 0.191528 -0.366008
v 1.018229 0.167277 -0.372762
v -0.936361 0.129069 -0.342692
v -0.957520 0.104899 -0.348429
v -0.963745 0.132813 -0.352458
v -0.930583 0.101807 -0.339030
v 0.963745 0.132813 -0.352458
v 0.930583 0.101807 -0.339030
v 0.936361 0.129069 -0.342692
v 0.957520 0.104899 -0.348429
v -0.867961 0.079915 -0.325195
v -0.884888 0.052734 -0.326742
v -0.895427 0.076416 -0.329264
v -0.859090 0.057088 -0.322876
v 0.895427 0.076416 -0.329264
v 0.859090 0.057088 -0.322876
v 0.867961 0.079915 -0.325195
v 0.884888 0.052734 -0.326742
v -0.923788 -0.014404 -0.279582
v -1.002889 -0.004150 -0.354574
v -0.963867 -0.007772 -0.329590
v -0.961629 -0.011149 -0.302572
v 0.963867 -0.007772 -0.329590
v 0.961629 -0.011149 -0.302572
v 0.923788 -0.014404 -0.279582
v 1.002889 -0.004150 -0.354574
v -1.081991 0.023193 -0.411214
v -1.159017 0.068075 -0.446574
v -1.123779 0.045166 -0.440104
v -1.117432 0.045573 -0.417928
v 1.123780 0.045166 -0.440104
v 1.117432 0.045573 -0.417928
v 1.081991 0.023193 -0.411214
v 1.159017 0.068075 -0.446574
v -1.209798 0.129598 -0.465129
v -1.233195 0.206502 -0.467651
v -1.226685 0.166463 -0.476034
v -1.217326 0.169963 -0.456095
v 1.226685 0.166463 -0.476034
v 1.217326 0.169963 -0.456095
v 1.209798 0.129598 -0.465129
v 1.233195 0.206502 -0.467651
v -1.228312 0.271932 -0.466675
v -1.195435 0.323934 -0.462199
v -1.216268 0.295492 -0.475057
v -1.208456 0.302246 -0.453166
v 1.216268 0.295492 -0.475057
v 1.208456 0.302246 -0.453166
v 1.228312 0.271932 -0.466675
v 1.195435 0.323934 -0.462199
v -1.141724 0.346395 -0.441691
v -1.069051 0.339600 -0.405314
v -1.108986 0.339360 -0.435552
v -1.101766 0.348267 -0.411051
v 1.108986 0.339360 -0.435552
v 1.101766 0.348267 -0.411051
v 1.141724 0.346395 -0.441691
v 1.069051 0.339600 -0.405314
v -1.011434 0.325928 -0.369181
v -0.969971 0.306437 -0.334473
v -0.993612 0.312093 -0.364705
v -0.987264 0.320801 -0.337728
v 0.993612 0.312093 -0.364705
v 0.987264 0.320801 -0.337728
v 1.011434 0.325928 -0.369181
v 0.969971 0.306437 -0.334473
v -0.831177 -0.016317 -0.281616
v -0.866170 -0.018311 -0.255168
v -0.848145 -0.016073 -0.280111
v -0.846883 -0.018799 -0.254476
v 0.848145 -0.016073 -0.280111
v 0.846883 -0.018799 -0.254476
v 0.831177 -0.016317 -0.281616
v 0.866170 -0.018311 -0.255168
v -0.838257 0.008179 -0.296875
v -0.822388 -0.007528 -0.296265
v -0.831828 0.000244 -0.307902
v -0.828003 0.000081 -0.284668
v 0.831828 0.000244 -0.307902
v 0.828003 0.000081 -0.284668
v 0.838257 0.008179 -0.296875
v 0.822388 -0.007528 -0.296265
v -0.829671 0.064860 -0.296875
v -0.841187 0.032593 -0.296875
v -0.838582 0.048299 -0.308228
v -0.833089 0.049927 -0.285197
v 0.838582 0.048299 -0.308228
v 0.833089 0.049927 -0.285197
v 0.829671 0.064860 -0.296875
v 0.841187 0.032593 -0.296875
v -0.778809 0.091512 -0.296875
v -0.808187 0.084391 -0.296875
v -0.795573 0.087524 -0.308146
v -0.791016 0.088175 -0.285197
v 0.795573 0.087524 -0.308146
v 0.791016 0.088175 -0.285197
v 0.778809 0.091512 -0.296875
v 0.808187 0.084391 -0.296875
v -0.820028 0.152222 -0.296834
v -0.782715 0.113973 -0.296875
v -0.803223 0.132406 -0.308146
v -0.798503 0.132690 -0.284871
v 0.803223 0.132406 -0.308146
v 0.798503 0.132690 -0.284871
v 0.820028 0.152222 -0.296834
v 0.782715 0.113973 -0.296875
v -0.878011 0.221598 -0.294230
v -0.852254 0.188355 -0.295858
v -0.866781 0.203491 -0.307292
v -0.863851 0.206421 -0.282145
v 0.866781 0.203491 -0.307292
v 0.863851 0.206421 -0.282145
v 0.878011 0.221598 -0.294230
v 0.852254 0.188355 -0.295858
v -0.934814 0.282023 -0.311035
v -0.905355 0.252848 -0.299113
v -0.921549 0.264160 -0.318115
v -0.918620 0.270915 -0.290934
v 0.921550 0.264160 -0.318115
v 0.918620 0.270915 -0.290934
v 0.934815 0.282023 -0.311035
v 0.905355 0.252848 -0.299113
v -0.722960 0.005103 -0.125400
v -0.722054 0.014604 -0.154321
v -0.720979 -0.002102 -0.150208
v 0.722054 0.014604 -0.154321
v 0.722960 0.005103 -0.125400
v 0.720979 -0.002102 -0.150208
v -0.800700 0.199137 -0.129720
v -0.749820 0.081578 -0.129324
v -0.767375 0.131388 -0.163371
v -0.783813 0.149292 -0.093953
v 0.767375 0.131388 -0.163371
v 0.783814 0.149292 -0.093953
v 0.800700 0.199137 -0.129720
v 0.749820 0.081578 -0.129324
v -0.834310 0.306641 -0.146037
v -0.825846 0.266032 -0.189168
v -0.831787 0.297160 -0.186890
v -0.828044 0.271403 -0.149251
v 0.831787 0.297160 -0.186890
v 0.828044 0.271403 -0.149251
v 0.834310 0.306641 -0.146037
v 0.825846 0.266032 -0.189168
v -0.917196 0.315226 -0.250570
v -0.883952 0.282105 -0.242391
v -0.908854 0.286540 -0.261637
v -0.891683 0.311442 -0.231160
v 0.908854 0.286540 -0.261637
v 0.891683 0.311442 -0.231160
v 0.917196 0.315226 -0.250570
v 0.883952 0.282105 -0.242391
v -0.854655 0.245972 -0.239461
v -0.828817 0.206584 -0.241048
v -0.852132 0.217163 -0.254801
v -0.831706 0.236735 -0.225301
v 0.852132 0.217163 -0.254801
v 0.831706 0.236735 -0.225301
v 0.854655 0.245972 -0.239461
v 0.828817 0.206584 -0.241048
v -0.786784 0.129761 -0.254598
v -0.768351 0.124552 -0.217082
v -0.759603 0.097778 -0.233968
v -0.796590 0.156779 -0.239095
v 0.759603 0.097778 -0.233968
v 0.796590 0.156779 -0.239095
v 0.786784 0.129761 -0.254598
v 0.768351 0.124552 -0.217082
v -0.787109 0.073527 -0.262736
v -0.783122 0.043132 -0.241577
v -0.807699 0.054810 -0.262736
v -0.763509 0.063599 -0.241781
v 0.807699 0.054810 -0.262736
v 0.763509 0.063599 -0.241781
v 0.787109 0.073527 -0.262736
v 0.783122 0.043132 -0.241577
v -0.799683 0.002035 -0.249512
v -0.747036 0.005722 -0.202804
v -0.770630 -0.007609 -0.224162
v -0.777263 0.015788 -0.228882
v 0.770630 -0.007609 -0.224162
v 0.777263 0.015788 -0.228882
v 0.799683 0.002035 -0.249512
v 0.747036 0.005722 -0.202804
v -0.791829 -0.040649 -0.175659
v -0.828329 -0.026611 -0.219320
v -0.789185 -0.026164 -0.209513
v -0.833944 -0.039469 -0.186808
v 0.789185 -0.026164 -0.209513
v 0.833944 -0.039469 -0.186808
v 0.791829 -0.040649 -0.175659
v 0.828329 -0.026611 -0.219320
v -0.862183 0.355550 -0.219727
v -0.876058 0.334880 -0.216512
v -0.888102 0.364136 -0.222249
v -0.851318 0.327433 -0.211304
v 0.888102 0.364136 -0.222249
v 0.851318 0.327433 -0.211304
v 0.862183 0.355550 -0.219727
v 0.876058 0.334880 -0.216512
v -0.821940 0.201172 0.005249
v -0.762248 0.054362 -0.000732
v -0.792603 0.142456 -0.028524
v -0.791870 0.110921 0.034424
v 0.792603 0.142456 -0.028524
v 0.791870 0.110921 0.034424
v 0.821940 0.201172 0.005249
v 0.762248 0.054362 -0.000732
v -0.694661 -0.081828 -0.156047
v -0.765584 -0.096965 -0.141032
v -0.750814 -0.068970 -0.151245
v -0.707316 -0.109741 -0.149007
v 0.750814 -0.068970 -0.151245
v 0.707316 -0.109741 -0.149007
v 0.694661 -0.081828 -0.156047
v 0.765584 -0.096965 -0.141032
v -0.712443 -0.033529 -0.043701
v -0.677083 -0.061320 -0.123820
v -0.707506 -0.030367 -0.102597
v -0.676758 -0.067627 -0.066040
v 0.707506 -0.030367 -0.102597
v 0.676758 -0.067627 -0.066040
v 0.712443 -0.033529 -0.043701
v 0.677083 -0.061320 -0.123820
v -0.998820 0.366903 -0.306844
v -0.955282 0.343547 -0.272054
v -0.980428 0.340332 -0.306478
v -0.972697 0.371012 -0.272420
v 0.980428 0.340332 -0.306478
v 0.972697 0.371012 -0.272420
v 0.998820 0.366903 -0.306844
v 0.955282 0.343547 -0.272054
v -1.100830 0.407145 -0.355387
v -1.098836 0.370728 -0.383708
v -1.138713 0.392008 -0.390788
v -1.060344 0.383504 -0.346883
v 1.138713 0.392009 -0.390788
v 1.060344 0.383504 -0.346883
v 1.100830 0.407145 -0.355387
v 1.098836 0.370728 -0.383708
v -1.221151 0.348551 -0.409871
v -1.209432 0.319824 -0.430705
v -1.231161 0.301188 -0.422730
v -1.196330 0.364665 -0.416178
v 1.231161 0.301188 -0.422730
v 1.196330 0.364665 -0.416178
v 1.221151 0.348551 -0.409871
v 1.209432 0.319824 -0.430705
v -1.231974 0.180583 -0.416626
v -1.218302 0.174845 -0.435588
v -1.210734 0.132650 -0.424845
v -1.236043 0.223063 -0.425659
v 1.210734 0.132650 -0.424845
v 1.236043 0.223063 -0.425659
v 1.231974 0.180583 -0.416626
v 1.218302 0.174845 -0.435588
v -1.119466 0.026204 -0.368937
v -1.115479 0.039714 -0.393514
v -1.076009 0.007650 -0.357625
v -1.157023 0.060384 -0.402384
v 1.076009 0.007650 -0.357625
v 1.157023 0.060384 -0.402384
v 1.119466 0.026204 -0.368937
v 1.115479 0.039714 -0.393514
v -0.937581 -0.044189 -0.237142
v -0.952840 -0.022868 -0.271322
v -0.901327 -0.039469 -0.215129
v -0.990072 -0.025553 -0.294149
v 0.901327 -0.039469 -0.215129
v 0.990072 -0.025553 -0.294149
v 0.937582 -0.044189 -0.237142
v 0.952840 -0.022868 -0.271322
v -0.912435 -0.103638 -0.226440
v -0.923910 -0.071533 -0.221517
v -0.860311 -0.095988 -0.178141
v -0.976318 -0.078044 -0.268636
v 0.860311 -0.095988 -0.178141
v 0.976319 -0.078044 -0.268636
v 0.912435 -0.103638 -0.226440
v 0.923910 -0.071533 -0.221517
v -1.150147 -0.012166 -0.374186
v -1.131185 0.008626 -0.362101
v -1.087647 -0.035075 -0.340902
v -1.191813 0.033285 -0.391479
v 1.087646 -0.035075 -0.340902
v 1.191813 0.033285 -0.391480
v 1.150147 -0.012166 -0.374186
v 1.131185 0.008626 -0.362101
v -1.296306 0.186361 -0.421631
v -1.258342 0.184489 -0.411743
v -1.260173 0.127035 -0.415894
v -1.291301 0.244385 -0.414998
v 1.260173 0.127035 -0.415894
v 1.291301 0.244385 -0.414998
v 1.296306 0.186361 -0.421631
v 1.258342 0.184489 -0.411743
v -1.275838 0.400513 -0.416829
v -1.243612 0.375895 -0.404989
v -1.282511 0.345947 -0.412069
v -1.234375 0.428630 -0.407186
v 1.282511 0.345947 -0.412069
v 1.234375 0.428630 -0.407186
v 1.275838 0.400513 -0.416829
v 1.243612 0.375895 -0.404989
v -1.121867 0.474487 -0.361613
v -1.108643 0.442301 -0.347575
v -1.162109 0.463786 -0.378866
v -1.068197 0.451782 -0.327474
v 1.162109 0.463786 -0.378866
v 1.068197 0.451782 -0.327474
v 1.121867 0.474487 -0.361613
v 1.108643 0.442301 -0.347575
v -0.992025 0.429321 -0.282552
v -0.934977 0.398316 -0.245687
v -0.965861 0.400309 -0.259725
v -0.959920 0.426839 -0.270020
v 0.965861 0.400309 -0.259725
v 0.959920 0.426839 -0.270020
v 0.992025 0.429321 -0.282552
v 0.934977 0.398315 -0.245687
v -0.374365 -0.002821 -0.603651
v -0.375108 -0.054365 -0.571882
v -0.411354 -0.011437 -0.573018
v 0.375108 -0.054365 -0.571882
v 0.374365 -0.002821 -0.603651
v 0.411354 -0.011437 -0.573018
v -0.375936 -0.204346 -0.313517
v -0.400206 -0.110728 -0.465562
v -0.423096 -0.123372 -0.384155
v -0.352580 -0.193441 -0.397380
v 0.423096 -0.123372 -0.384155
v 0.352580 -0.193441 -0.397380
v 0.375936 -0.204346 -0.313517
v 0.400206 -0.110728 -0.465562
v -0.577189 -0.072184 -0.317505
v -0.497315 -0.082357 -0.357788
v -0.550659 -0.032918 -0.410197
v -0.525553 -0.115885 -0.262736
v 0.550659 -0.032918 -0.410197
v 0.525553 -0.115885 -0.262736
v 0.577189 -0.072184 -0.317505
v 0.497315 -0.082357 -0.357788
v -0.433960 0.228516 -0.654704
v -0.512736 0.193604 -0.595540
v -0.442758 0.125898 -0.614898
v -0.505575 0.297363 -0.631958
v 0.442758 0.125898 -0.614898
v 0.505575 0.297363 -0.631958
v 0.433960 0.228516 -0.654704
v 0.512736 0.193604 -0.595540
v -0.660970 0.224854 -0.504476
v -0.596558 0.081340 -0.491252
v -0.589884 0.164307 -0.533040
v -0.667562 0.141113 -0.467367
v 0.589885 0.164307 -0.533040
v 0.667562 0.141113 -0.467367
v 0.660970 0.224854 -0.504476
v 0.596558 0.081340 -0.491252
v -0.320202 -0.148015 0.475850
v -0.266589 -0.179409 0.476177
v -0.264771 -0.166212 0.484942
v 0.266589 -0.179409 0.476177
v 0.320202 -0.148015 0.475850
v 0.264771 -0.166212 0.484942
v -0.264469 -0.281160 0.291782
v -0.309308 -0.254766 0.222752
v -0.262885 -0.307245 0.225432
v 0.309308 -0.254766 0.222752
v 0.264469 -0.281160 0.291782
v 0.262885 -0.307245 0.225432
v -0.370524 -0.163208 0.344523
v -0.269084 -0.222656 0.413696
v -0.314535 -0.211030 0.334192
v -0.320019 -0.177397 0.422709
v 0.314535 -0.211030 0.334192
v 0.320019 -0.177397 0.422709
v 0.370524 -0.163208 0.344523
v 0.269084 -0.222656 0.413696
v -0.605387 -0.049601 0.259196
v -0.483805 -0.105591 0.292765
v -0.556478 -0.093628 0.192749
v -0.532918 -0.063599 0.355916
v 0.556478 -0.093628 0.192749
v 0.532918 -0.063599 0.355916
v 0.605387 -0.049601 0.259196
v 0.483805 -0.105591 0.292765
v -0.600586 -0.110596 -0.043579
v -0.480347 -0.159912 -0.035522
v -0.527507 -0.145182 -0.113322
v -0.554525 -0.121948 0.035522
v 0.527507 -0.145182 -0.113322
v 0.554525 -0.121948 0.035522
v 0.600586 -0.110596 -0.043579
v 0.480347 -0.159912 -0.035522
v -0.321825 -0.274198 0.057152
v -0.349569 -0.259033 -0.138713
v -0.377808 -0.226318 -0.036499
v -0.293986 -0.308553 -0.046021
v 0.377808 -0.226318 -0.036499
v 0.293986 -0.308553 -0.046021
v 0.321825 -0.274198 0.057152
v 0.349569 -0.259033 -0.138713
v -0.797689 0.371134 -0.298828
v -0.795247 0.506307 -0.260498
v -0.802694 0.454020 -0.220133
v -0.789632 0.421712 -0.337606
v 0.802694 0.454020 -0.220133
v 0.789632 0.421712 -0.337606
v 0.797689 0.371134 -0.298828
v 0.795247 0.506307 -0.260498
v -0.822632 0.448283 -0.011190
v -0.813436 0.463786 -0.110758
v -0.806437 0.522095 -0.030436
v -0.828451 0.392578 -0.092326
v 0.806437 0.522095 -0.030436
v 0.828451 0.392578 -0.092326
v 0.822632 0.448283 -0.011190
v 0.813436 0.463786 -0.110758
v -0.799194 0.351481 0.156942
v -0.817749 0.410197 0.077677
v -0.784831 0.431437 0.170817
v -0.829753 0.328125 0.062866
v 0.784831 0.431437 0.170817
v 0.829753 0.328125 0.062866
v 0.799194 0.351481 0.156942
v 0.817749 0.410197 0.077677
v -0.773844 0.352824 0.350505
v -0.797770 0.250814 0.262939
v -0.788452 0.312419 0.251668
v -0.786784 0.294352 0.361043
v 0.788452 0.312419 0.251668
v 0.786784 0.294352 0.361043
v 0.773844 0.352824 0.350505
v 0.797770 0.250814 0.262939
v -0.026751 0.461929 0.596567
v -0.029496 0.500756 0.587646
v -0.056132 0.475222 0.597758
v 0.029496 0.500756 0.587646
v 0.026751 0.461930 0.596567
v 0.056132 0.475222 0.597758
v -0.161957 0.520607 0.564771
v -0.365723 0.532064 0.516520
v -0.247721 0.540120 0.518880
v -0.279256 0.519735 0.560913
v 0.247721 0.540120 0.518880
v 0.279256 0.519735 0.560913
v 0.161957 0.520607 0.564771
v 0.365723 0.532064 0.516520
v -0.288045 0.551961 0.587280
v -0.273478 0.632690 0.600830
v -0.342977 0.606445 0.585815
v -0.219035 0.578206 0.604574
v 0.342977 0.606445 0.585815
v 0.219035 0.578206 0.604574
v 0.288045 0.551961 0.587280
v 0.273478 0.632690 0.600830
v -0.114258 0.721680 0.403239
v -0.339884 0.698568 0.355754
v -0.227580 0.790405 0.320272
v -0.230143 0.631917 0.438802
v 0.227580 0.790405 0.320272
v 0.230143 0.631917 0.438802
v 0.114258 0.721680 0.403239
v 0.339884 0.698568 0.355754
v -0.516113 0.516439 0.465739
v -0.609538 0.475016 0.414307
v -0.556030 0.495361 0.397013
v -0.573079 0.500244 0.481079
v 0.556030 0.495361 0.397013
v 0.573079 0.500244 0.481079
v 0.516113 0.516439 0.465739
v 0.609538 0.475016 0.414307
v -0.546875 0.702718 0.196574
v -0.547241 0.563721 0.302287
v -0.591227 0.605632 0.211344
v -0.499064 0.659505 0.290324
v 0.591227 0.605632 0.211344
v 0.499064 0.659505 0.290324
v 0.546875 0.702718 0.196574
v 0.547241 0.563721 0.302287
v -0.546875 0.822876 -0.063517
v -0.546875 0.790609 0.074504
v -0.593424 0.767863 -0.029867
v -0.497233 0.848429 0.042603
v 0.593424 0.767863 -0.029867
v 0.497233 0.848429 0.042603
v 0.546875 0.822876 -0.063517
v 0.546875 0.790609 0.074504
v -0.546794 0.786662 -0.343221
v -0.546875 0.821899 -0.203166
v -0.593424 0.761231 -0.295044
v -0.497233 0.851074 -0.251872
v 0.593424 0.761231 -0.295044
v 0.497233 0.851074 -0.251872
v 0.546794 0.786662 -0.343221
v 0.546875 0.821899 -0.203166
v -0.539754 0.480957 -0.584107
v -0.544841 0.672404 -0.471151
v -0.585775 0.541504 -0.521525
v -0.497030 0.614502 -0.537476
v 0.585775 0.541504 -0.521525
v 0.497030 0.614502 -0.537476
v 0.539754 0.480957 -0.584107
v 0.544841 0.672404 -0.471151
v -0.744710 0.429525 -0.426473
v -0.667806 0.479004 -0.485392
v -0.712647 0.528768 -0.428263
v -0.700033 0.375244 -0.482992
v 0.712647 0.528768 -0.428263
v 0.700033 0.375244 -0.482992
v 0.744710 0.429525 -0.426473
v 0.667806 0.479004 -0.485392
v -0.679362 0.681152 -0.297974
v -0.756185 0.610799 -0.260498
v -0.718506 0.625448 -0.339396
v -0.718750 0.663737 -0.217773
v 0.718506 0.625448 -0.339396
v 0.718750 0.663737 -0.217773
v 0.679362 0.681152 -0.297974
v 0.756185 0.610799 -0.260498
v -0.679362 0.692668 -0.049398
v -0.756633 0.622681 -0.016764
v -0.718750 0.669596 -0.094727
v -0.718343 0.643921 0.028035
v 0.718750 0.669596 -0.094727
v 0.718343 0.643921 0.028035
v 0.679362 0.692668 -0.049398
v 0.756633 0.622681 -0.016764
v -0.667399 0.554850 0.185954
v -0.730143 0.506633 0.211833
v -0.708578 0.580444 0.144246
v -0.690470 0.482585 0.253377
v 0.708578 0.580444 0.144246
v 0.690470 0.482585 0.253377
v 0.667399 0.554850 0.185954
v 0.730143 0.506633 0.211833
v -0.681803 0.441813 0.390869
v -0.734782 0.416301 0.393473
v -0.695353 0.431803 0.350057
v -0.723511 0.429972 0.434204
v 0.695353 0.431803 0.350057
v 0.723511 0.429972 0.434204
v 0.681803 0.441813 0.390869
v 0.734782 0.416300 0.393473
v -0.114258 0.709310 -0.656901
v -0.339803 0.671143 -0.583374
v -0.228800 0.595134 -0.695638
v -0.227580 0.783895 -0.542155
v 0.228800 0.595133 -0.695638
v 0.227580 0.783895 -0.542155
v 0.114258 0.709310 -0.656901
v 0.339803 0.671143 -0.583374
v -0.113281 0.929769 -0.289225
v -0.337077 0.907715 -0.249919
v -0.226603 0.898153 -0.366374
v -0.226563 0.936849 -0.172445
v 0.226603 0.898153 -0.366374
v 0.226563 0.936849 -0.172445
v 0.113281 0.929769 -0.289225
v 0.337077 0.907715 -0.249919
v -0.113281 0.927653 0.099121
v -0.337077 0.902140 0.086548
v -0.226563 0.934896 0.009196
v -0.226603 0.892944 0.176717
v 0.226563 0.934896 0.009196
v 0.226603 0.892944 0.176717
v 0.113281 0.927653 0.099121
v 0.337077 0.902140 0.086548
v -0.099609 0.297363 -0.797526
v -0.296265 0.263672 -0.723063
v -0.184285 0.173991 -0.752767
v -0.214152 0.390055 -0.765951
v 0.184285 0.173991 -0.752767
v 0.214152 0.390055 -0.765951
v 0.099609 0.297363 -0.797526
v 0.296265 0.263672 -0.723063
v -0.774333 0.143392 0.223877
v -0.703044 0.033407 0.235758
v -0.765503 0.091390 0.147705
v -0.715413 0.084798 0.309082
v 0.765503 0.091390 0.147705
v 0.715413 0.084798 0.309082
v 0.774333 0.143392 0.223877
v 0.703044 0.033407 0.235758
v -0.219035 -0.339396 0.365560
v -0.201416 -0.380697 0.265096
v -0.214690 -0.346432 0.304499
v -0.208862 -0.372030 0.323324
v 0.214690 -0.346432 0.304499
v 0.208862 -0.372030 0.323324
v 0.219035 -0.339396 0.365560
v 0.201416 -0.380697 0.265096
v -0.048828 -0.453613 0.228027
v -0.144775 -0.419759 0.219198
v -0.093628 -0.444214 0.245850
v -0.101847 -0.431071 0.195150
v 0.093628 -0.444214 0.245850
v 0.101847 -0.431071 0.195150
v 0.048828 -0.453613 0.228027
v 0.144775 -0.419759 0.219198
v -0.063477 -0.402832 -0.073568
v -0.189494 -0.368123 -0.058716
v -0.116496 -0.405680 0.050618
v -0.137492 -0.366170 -0.185547
v 0.116496 -0.405680 0.050618
v 0.137492 -0.366170 -0.185547
v 0.063477 -0.402832 -0.073568
v 0.189494 -0.368123 -0.058716
v -0.080078 -0.273193 -0.482096
v -0.238322 -0.244222 -0.430583
v -0.154093 -0.302694 -0.380859
v -0.165731 -0.215210 -0.529622
v 0.154093 -0.302694 -0.380859
v 0.165731 -0.215210 -0.529622
v 0.080078 -0.273193 -0.482096
v 0.238322 -0.244222 -0.430583
v -0.084961 -0.058268 -0.709798
v -0.253598 -0.050221 -0.639315
v -0.170614 -0.112671 -0.638997
v -0.169637 0.006022 -0.709798
v 0.170614 -0.112671 -0.638997
v 0.169637 0.006022 -0.709798
v 0.084961 -0.058268 -0.709798
v 0.253598 -0.050221 -0.639315
v -0.319702 -0.154989 0.532634
v -0.319249 -0.141784 0.500343
v -0.378337 -0.132446 0.507894
v -0.264364 -0.164022 0.522909
v 0.378337 -0.132446 0.507894
v 0.264364 -0.164022 0.522909
v 0.319702 -0.154989 0.532634
v 0.319249 -0.141784 0.500343
v -0.210653 -0.194295 0.525838
v -0.217733 -0.223633 0.516602
v -0.212294 -0.203231 0.503365
v -0.214925 -0.213175 0.541382
v 0.212294 -0.203231 0.503365
v 0.214925 -0.213175 0.541382
v 0.210653 -0.194295 0.525838
v 0.217733 -0.223633 0.516602
v -0.268962 -0.359782 0.526408
v -0.241496 -0.332560 0.453451
v -0.247274 -0.321696 0.491374
v -0.264567 -0.371216 0.489217
v 0.247274 -0.321696 0.491374
v 0.264567 -0.371216 0.489217
v 0.268962 -0.359782 0.526408
v 0.241496 -0.332560 0.453451
v -0.237183 -0.274089 0.528849
v -0.225138 -0.259766 0.475220
v -0.226522 -0.252930 0.506836
v -0.234578 -0.282634 0.497233
v 0.226522 -0.252930 0.506836
v 0.234578 -0.282633 0.497233
v 0.237183 -0.274089 0.528849
v 0.225138 -0.259766 0.475220
v -0.280192 -0.446411 0.486287
v -0.293945 -0.546875 0.482259
v -0.264648 -0.462931 0.442261
v -0.307577 -0.529867 0.526896
v 0.264648 -0.462931 0.442261
v 0.307577 -0.529867 0.526896
v 0.280192 -0.446411 0.486288
v 0.293945 -0.546875 0.482259
v -0.202026 -0.417928 0.342855
v -0.192871 -0.486165 0.363810
v -0.174154 -0.463867 0.331909
v -0.219727 -0.440470 0.376831
v 0.174154 -0.463867 0.331909
v 0.219727 -0.440470 0.376831
v 0.202026 -0.417928 0.342855
v 0.192871 -0.486165 0.363810
v -0.222697 -0.783000 0.386190
v -0.238037 -0.879110 0.408040
v -0.191447 -0.841797 0.399292
v -0.268311 -0.823771 0.395101
v 0.191447 -0.841797 0.399292
v 0.268311 -0.823771 0.395101
v 0.222697 -0.783000 0.386190
v 0.238037 -0.879110 0.408040
v -0.234863 -0.618612 0.382324
v -0.167033 -0.637655 0.369059
v -0.194824 -0.574056 0.374552
v -0.208049 -0.680461 0.375448
v 0.194824 -0.574056 0.374552
v 0.208049 -0.680461 0.375448
v 0.234863 -0.618612 0.382324
v 0.167033 -0.637655 0.369059
v -0.307617 -0.648438 0.474447
v -0.321004 -0.749227 0.463175
v -0.291504 -0.654745 0.429199
v -0.334920 -0.743815 0.509359
v 0.291504 -0.654745 0.429199
v 0.334920 -0.743815 0.509359
v 0.307617 -0.648438 0.474447
v 0.321004 -0.749227 0.463176
v -0.327840 -0.832235 0.458293
v -0.326497 -0.896403 0.460286
v -0.317139 -0.840373 0.426351
v -0.336466 -0.889974 0.493001
v 0.317139 -0.840373 0.426351
v 0.336466 -0.889974 0.493001
v 0.327840 -0.832235 0.458293
v 0.326497 -0.896403 0.460287
v -0.287435 -0.935466 0.470052
v -0.210775 -0.950155 0.487183
v -0.247803 -0.934774 0.449056
v -0.251302 -0.949544 0.508504
v 0.247803 -0.934774 0.449056
v 0.251302 -0.949544 0.508504
v 0.287435 -0.935466 0.470052
v 0.210775 -0.950155 0.487183
v -0.128743 -0.962850 0.501831
v -0.042969 -0.974121 0.513184
v -0.083944 -0.963135 0.478760
v -0.087728 -0.972087 0.536621
v 0.083944 -0.963135 0.478760
v 0.087728 -0.972087 0.536621
v 0.128743 -0.962850 0.501831
v 0.042969 -0.974121 0.513184
v -0.079061 -0.914307 0.426025
v -0.073283 -0.825684 0.379720
v -0.114299 -0.861328 0.402222
v -0.038086 -0.880046 0.402344
v 0.114299 -0.861328 0.402222
v 0.038086 -0.880046 0.402344
v 0.079061 -0.914307 0.426025
v 0.073283 -0.825684 0.379720
v -0.068400 -0.724121 0.352376
v -0.064819 -0.612590 0.343180
v -0.099650 -0.658162 0.355387
v -0.033203 -0.676921 0.340495
v 0.099650 -0.658162 0.355387
v 0.033203 -0.676921 0.340495
v 0.068400 -0.724121 0.352376
v 0.064819 -0.612590 0.343180
v -0.069702 -0.529582 0.321696
v -0.082886 -0.476440 0.286865
v -0.113607 -0.489258 0.307495
v -0.038086 -0.513591 0.302897
v 0.113607 -0.489258 0.307495
v 0.038086 -0.513591 0.302897
v 0.069702 -0.529582 0.321696
v 0.082886 -0.476440 0.286865
v -0.572306 -0.043132 0.481974
v -0.481852 -0.092407 0.494222
v -0.524129 -0.058716 0.462362
v -0.530802 -0.077677 0.511922
v 0.524129 -0.058716 0.462362
v 0.530802 -0.077677 0.511922
v 0.572306 -0.043132 0.481974
v 0.481852 -0.092407 0.494222
v -0.753255 0.113200 0.428670
v -0.663127 0.025228 0.459513
v -0.699789 0.075033 0.416504
v -0.718669 0.062581 0.468018
v 0.699789 0.075033 0.416504
v 0.718669 0.062581 0.468018
v 0.753255 0.113200 0.428670
v 0.663127 0.025228 0.459513
v -0.819621 0.350342 0.497152
v -0.805990 0.222575 0.441366
v -0.800456 0.286540 0.442098
v -0.827352 0.288045 0.494222
v 0.800456 0.286540 0.442098
v 0.827352 0.288045 0.494222
v 0.819621 0.350342 0.497152
v 0.805990 0.222575 0.441366
v -0.727743 0.456665 0.551107
v -0.793254 0.428467 0.534261
v -0.749878 0.436808 0.509399
v -0.772217 0.449259 0.575643
v 0.749878 0.436808 0.509399
v 0.772217 0.449259 0.575643
v 0.727743 0.456665 0.551107
v 0.793254 0.428467 0.534261
v -0.540527 0.551148 0.605265
v -0.642782 0.496704 0.574544
v -0.586751 0.513916 0.556274
v -0.596069 0.532145 0.622762
v 0.586751 0.513916 0.556274
v 0.596069 0.532145 0.622762
v 0.540527 0.551147 0.605265
v 0.642782 0.496704 0.574544
v -0.368246 0.684692 0.653117
v -0.448731 0.614624 0.631632
v -0.406453 0.635742 0.610230
v -0.406942 0.663534 0.676432
v 0.406454 0.635742 0.610230
v 0.406942 0.663534 0.676432
v 0.368245 0.684692 0.653117
v 0.448730 0.614624 0.631633
v -0.214518 0.697306 0.681315
v -0.290120 0.713013 0.669719
v -0.258830 0.690308 0.641846
v -0.245605 0.720866 0.710490
v 0.258830 0.690308 0.641846
v 0.245605 0.720866 0.710490
v 0.214518 0.697306 0.681315
v 0.290120 0.713013 0.669719
v -0.108439 0.531901 0.681641
v -0.153971 0.635783 0.685221
v -0.143840 0.574300 0.649495
v -0.121012 0.593425 0.718262
v 0.143840 0.574300 0.649496
v 0.121012 0.593425 0.718262
v 0.108439 0.531901 0.681641
v 0.153971 0.635783 0.685221
v -0.021484 0.433838 0.673991
v -0.064494 0.463542 0.677734
v -0.048111 0.441975 0.641397
v -0.037557 0.453084 0.710368
v 0.048111 0.441975 0.641397
v 0.037557 0.453084 0.710368
v 0.021484 0.433838 0.673991
v 0.064494 0.463542 0.677734
v -0.186686 0.208171 0.764649
v -0.192668 0.178833 0.762818
v -0.194336 0.196289 0.756836
v -0.184448 0.190430 0.769979
v 0.194336 0.196289 0.756836
v 0.184448 0.190430 0.769979
v 0.186686 0.208171 0.764649
v 0.192668 0.178833 0.762817
v -0.186849 0.278280 0.768514
v -0.184733 0.241374 0.766602
v -0.190430 0.260742 0.760742
v -0.180379 0.258830 0.773926
v 0.190430 0.260742 0.760742
v 0.180379 0.258830 0.773926
v 0.186849 0.278280 0.768514
v 0.184733 0.241374 0.766602
v -0.214071 0.349325 0.769531
v -0.196615 0.314412 0.769491
v -0.209961 0.330078 0.763672
v -0.199870 0.334147 0.775025
v 0.209961 0.330078 0.763672
v 0.199870 0.334147 0.775024
v 0.214071 0.349325 0.769531
v 0.196615 0.314412 0.769491
v -0.205363 0.152466 0.763794
v -0.225667 0.128947 0.767131
v -0.218750 0.144531 0.759766
v -0.210856 0.136719 0.770915
v 0.218750 0.144531 0.759766
v 0.210856 0.136719 0.770915
v 0.205363 0.152466 0.763794
v 0.225667 0.128947 0.767131
v -0.270589 0.106486 0.760295
v -0.339355 0.085775 0.743286
v -0.306641 0.100586 0.747070
v -0.302694 0.090698 0.756226
v 0.306641 0.100586 0.747070
v 0.302694 0.090698 0.756226
v 0.270589 0.106486 0.760295
v 0.339355 0.085775 0.743286
v -0.397949 0.083822 0.728638
v -0.445313 0.101196 0.716675
v -0.419922 0.096680 0.718750
v -0.423828 0.086670 0.725952
v 0.419922 0.096680 0.718750
v 0.423828 0.086670 0.725952
v 0.397949 0.083822 0.728638
v 0.445313 0.101196 0.716675
v -0.492188 0.133423 0.702026
v -0.538167 0.179565 0.684977
v -0.509766 0.160156 0.690430
v -0.521566 0.152262 0.695760
v 0.509766 0.160156 0.690430
v 0.521566 0.152262 0.695760
v 0.492188 0.133423 0.702026
v 0.538167 0.179565 0.684977
v -0.563558 0.223511 0.677165
v -0.568034 0.264404 0.678752
v -0.558594 0.245117 0.674805
v -0.574422 0.243205 0.680176
v 0.558594 0.245117 0.674805
v 0.574422 0.243205 0.680176
v 0.563558 0.223511 0.677165
v 0.568034 0.264404 0.678752
v -0.564128 0.299561 0.681681
v -0.551636 0.329020 0.686239
v -0.550781 0.311523 0.679688
v -0.566569 0.317424 0.686971
v 0.550781 0.311523 0.679688
v 0.566569 0.317424 0.686971
v 0.564128 0.299561 0.681681
v 0.551636 0.329020 0.686239
v -0.513550 0.356364 0.706747
v -0.450684 0.381551 0.742310
v -0.477539 0.366211 0.719727
v -0.487345 0.372274 0.728841
v 0.477539 0.366211 0.719727
v 0.487345 0.372274 0.728841
v 0.513550 0.356364 0.706746
v 0.450684 0.381551 0.742310
v -0.397949 0.400106 0.758911
v -0.356689 0.411784 0.756104
v -0.375977 0.402344 0.753906
v -0.377889 0.410441 0.761190
v 0.375977 0.402344 0.753906
v 0.377889 0.410441 0.761190
v 0.397949 0.400106 0.758911
v 0.356689 0.411784 0.756104
v -0.321533 0.415690 0.758057
v -0.292033 0.411743 0.765462
v -0.307617 0.408203 0.759766
v -0.305542 0.420166 0.763428
v 0.307617 0.408203 0.759766
v 0.305542 0.420166 0.763428
v 0.321533 0.415690 0.758057
v 0.292033 0.411743 0.765462
v -0.263713 0.399048 0.769369
v -0.236532 0.377645 0.769531
v -0.253906 0.383789 0.765625
v -0.245890 0.393799 0.773153
v 0.253906 0.383789 0.765625
v 0.245890 0.393799 0.773153
v 0.263713 0.399048 0.769369
v 0.236532 0.377645 0.769531
v -0.243123 0.432170 0.768514
v -0.206462 0.406779 0.774251
v -0.233195 0.409424 0.774129
v -0.215617 0.431071 0.769531
v 0.233195 0.409424 0.774129
v 0.215617 0.431071 0.769531
v 0.243123 0.432170 0.768514
v 0.206462 0.406779 0.774251
v -0.314697 0.450724 0.754028
v -0.279256 0.446818 0.761678
v -0.300659 0.437744 0.761475
v -0.292806 0.462077 0.755046
v 0.300659 0.437744 0.761475
v 0.292806 0.462077 0.755046
v 0.314697 0.450724 0.754028
v 0.279256 0.446818 0.761678
v -0.402995 0.426554 0.746419
v -0.355713 0.443888 0.749146
v -0.378866 0.425090 0.756307
v -0.378866 0.447266 0.740519
v 0.378866 0.425090 0.756307
v 0.378866 0.447266 0.740519
v 0.402995 0.426554 0.746419
v 0.355713 0.443888 0.749146
v -0.541667 0.376790 0.696859
v -0.465495 0.404093 0.728841
v -0.498088 0.383016 0.722982
v -0.510010 0.398885 0.703328
v 0.498088 0.383016 0.722982
v 0.510010 0.398885 0.703329
v 0.541667 0.376790 0.696859
v 0.465495 0.404093 0.728841
v -0.605021 0.310221 0.670980
v -0.588542 0.345540 0.677328
v -0.586100 0.324259 0.682088
v -0.609863 0.332479 0.665772
v 0.586100 0.324259 0.682088
v 0.609863 0.332479 0.665772
v 0.605021 0.310221 0.670980
v 0.588542 0.345540 0.677328
v -0.603394 0.216715 0.665405
v -0.609904 0.267253 0.667074
v -0.594930 0.242228 0.674316
v -0.620646 0.242676 0.657389
v 0.594930 0.242228 0.674317
v 0.620646 0.242676 0.657389
v 0.603394 0.216716 0.665405
v 0.609904 0.267253 0.667074
v -0.513753 0.110067 0.687459
v -0.571167 0.163981 0.672241
v -0.535238 0.142497 0.688924
v -0.551636 0.131144 0.669841
v 0.535238 0.142497 0.688924
v 0.551636 0.131144 0.669841
v 0.513753 0.110067 0.687459
v 0.571167 0.163981 0.672241
v -0.401815 0.050903 0.715942
v -0.457113 0.071981 0.702108
v -0.427734 0.071045 0.719116
v -0.432332 0.049886 0.698283
v 0.427734 0.071045 0.719116
v 0.432332 0.049886 0.698283
v 0.401815 0.050903 0.715943
v 0.457113 0.071981 0.702108
v -0.256144 0.085775 0.751546
v -0.334432 0.055786 0.732544
v -0.297811 0.078003 0.751343
v -0.291829 0.061483 0.733032
v 0.297811 0.078003 0.751343
v 0.291829 0.061483 0.733032
v 0.256144 0.085775 0.751546
v 0.334432 0.055786 0.732544
v -0.185710 0.136922 0.761800
v -0.206340 0.113119 0.761312
v -0.201091 0.128906 0.768962
v -0.188436 0.119751 0.754476
v 0.201091 0.128906 0.768962
v 0.188436 0.119751 0.754476
v 0.185710 0.136922 0.761800
v 0.206340 0.113118 0.761312
v -0.179118 0.370646 0.776205
v -0.161499 0.324300 0.774414
v -0.182292 0.341960 0.777954
v -0.156779 0.353597 0.773234
v 0.182292 0.341960 0.777954
v 0.156779 0.353597 0.773234
v 0.179118 0.370646 0.776205
v 0.161499 0.324300 0.774414
v -0.152710 0.279378 0.772461
v -0.152588 0.236532 0.770467
v -0.163778 0.257853 0.775879
v -0.139771 0.258057 0.767131
v 0.163778 0.257853 0.775879
v 0.139771 0.258057 0.767131
v 0.152710 0.279378 0.772461
v 0.152588 0.236532 0.770467
v -0.158447 0.198446 0.767537
v -0.170085 0.165243 0.763753
v -0.171753 0.184570 0.770956
v -0.155029 0.178345 0.759928
v 0.171753 0.184570 0.770955
v 0.155029 0.178345 0.759928
v 0.158447 0.198446 0.767538
v 0.170085 0.165243 0.763753
v -0.081376 -0.791842 0.650536
v -0.081831 -0.806616 0.645405
v -0.070300 -0.815990 0.643104
v 0.081831 -0.806616 0.645405
v 0.081376 -0.791842 0.650536
v 0.070300 -0.815991 0.643104
v -0.040771 -0.788941 0.653687
v -0.029541 -0.832235 0.640503
v -0.052406 -0.805933 0.647354
v -0.017578 -0.815023 0.645589
v 0.052406 -0.805933 0.647354
v 0.017578 -0.815023 0.645589
v 0.040771 -0.788940 0.653687
v 0.029541 -0.832235 0.640503
v -0.069336 -0.754964 0.693075
v -0.023438 -0.768880 0.689616
v -0.046631 -0.764526 0.676148
v -0.046956 -0.759684 0.706502
v 0.046631 -0.764526 0.676148
v 0.046956 -0.759684 0.706502
v 0.069336 -0.754964 0.693075
v 0.023438 -0.768880 0.689616
v -0.093262 -0.798543 0.680705
v -0.092773 -0.764730 0.690145
v -0.093294 -0.781934 0.669281
v -0.093953 -0.781209 0.701497
v 0.093294 -0.781934 0.669281
v 0.093953 -0.781209 0.701497
v 0.093262 -0.798543 0.680705
v 0.092773 -0.764730 0.690145
v -0.058594 -0.848267 0.664225
v -0.081543 -0.826864 0.671916
v -0.070540 -0.834256 0.653104
v -0.070516 -0.840861 0.682983
v 0.070540 -0.834256 0.653104
v 0.070516 -0.840861 0.682983
v 0.058594 -0.848267 0.664225
v 0.081543 -0.826864 0.671916
v -0.011719 -0.865072 0.660156
v -0.035156 -0.860962 0.660319
v -0.023682 -0.858602 0.647339
v -0.023519 -0.867188 0.673299
v 0.023682 -0.858602 0.647339
v 0.023519 -0.867188 0.673299
v 0.011719 -0.865072 0.660156
v 0.035156 -0.860962 0.660319
v -0.013672 -0.880697 0.688558
v -0.040975 -0.876546 0.690593
v -0.025472 -0.875000 0.687948
v -0.029744 -0.883179 0.689819
v 0.025472 -0.875000 0.687948
v 0.029744 -0.883179 0.689819
v 0.013672 -0.880697 0.688558
v 0.040975 -0.876546 0.690592
v -0.067342 -0.862874 0.696452
v -0.092204 -0.839315 0.706055
v -0.075399 -0.847697 0.699585
v -0.085897 -0.855957 0.701375
v 0.075399 -0.847697 0.699585
v 0.085897 -0.855957 0.701375
v 0.067342 -0.862875 0.696452
v 0.092204 -0.839315 0.706055
v -0.103923 -0.803182 0.715820
v -0.101522 -0.756307 0.725342
v -0.098836 -0.780233 0.719076
v -0.109619 -0.779297 0.720866
v 0.098836 -0.780233 0.719076
v 0.109619 -0.779297 0.720866
v 0.103923 -0.803182 0.715820
v 0.101522 -0.756307 0.725342
v -0.075155 -0.741659 0.729248
v -0.025391 -0.758952 0.727620
v -0.048910 -0.753825 0.725057
v -0.052694 -0.745646 0.731323
v 0.048910 -0.753825 0.725057
v 0.052694 -0.745646 0.731323
v 0.075155 -0.741659 0.729248
v 0.025391 -0.758952 0.727620
v -0.199300 -0.206340 0.610718
v -0.163534 -0.184245 0.708659
v -0.190267 -0.220337 0.647054
v -0.175863 -0.170451 0.672363
v 0.190267 -0.220337 0.647054
v 0.175863 -0.170451 0.672363
v 0.199300 -0.206340 0.610718
v 0.163534 -0.184245 0.708659
v -0.214111 -0.296549 0.632894
v -0.203939 -0.262329 0.633382
v -0.190511 -0.278158 0.670614
v -0.226440 -0.279948 0.594279
v 0.190511 -0.278158 0.670614
v 0.226440 -0.279948 0.594279
v 0.214111 -0.296549 0.632894
v 0.203939 -0.262329 0.633382
v -0.250936 -0.410522 0.638468
v -0.229736 -0.345378 0.634847
v -0.217529 -0.377767 0.672648
v -0.261149 -0.375407 0.599650
v 0.217529 -0.377767 0.672648
v 0.261149 -0.375407 0.599650
v 0.250936 -0.410523 0.638468
v 0.229736 -0.345378 0.634847
v -0.135986 -0.337728 0.727621
v -0.141886 -0.410278 0.729248
v -0.166748 -0.375814 0.718547
v -0.110677 -0.370443 0.736939
v 0.166748 -0.375814 0.718547
v 0.110677 -0.370443 0.736939
v 0.135986 -0.337728 0.727621
v 0.141886 -0.410278 0.729248
v -0.141154 -0.250529 0.729940
v -0.135986 -0.284994 0.727621
v -0.155355 -0.272298 0.718465
v -0.122843 -0.262817 0.737386
v 0.155355 -0.272298 0.718465
v 0.122843 -0.262817 0.737386
v 0.141154 -0.250529 0.729940
v 0.135986 -0.284994 0.727621
v -0.120239 -0.152669 0.764689
v -0.136271 -0.206584 0.742635
v -0.137166 -0.176432 0.755534
v -0.121501 -0.183350 0.750610
v 0.137166 -0.176432 0.755534
v 0.121501 -0.183350 0.750610
v 0.120239 -0.152669 0.764689
v 0.136271 -0.206584 0.742635
v -0.028320 -0.068034 0.746013
v -0.084106 -0.105794 0.765666
v -0.060710 -0.056356 0.762166
v -0.054077 -0.113851 0.749715
v 0.060710 -0.056356 0.762166
v 0.054077 -0.113851 0.749715
v 0.028320 -0.068034 0.746012
v 0.084106 -0.105794 0.765666
v -0.050781 -0.228434 0.821859
v -0.043213 -0.255575 0.810547
v -0.069539 -0.240438 0.816121
v -0.023438 -0.243978 0.816406
v 0.069539 -0.240438 0.816121
v 0.023438 -0.243978 0.816406
v 0.050781 -0.228434 0.821859
v 0.043213 -0.255575 0.810547
v -0.043742 -0.179647 0.819987
v -0.081421 -0.187215 0.819987
v -0.066284 -0.168376 0.816244
v -0.058594 -0.199137 0.823812
v 0.066284 -0.168376 0.816243
v 0.058594 -0.199137 0.823812
v 0.043742 -0.179647 0.819987
v 0.081421 -0.187215 0.819987
v -0.108114 -0.247030 0.795736
v -0.097860 -0.241414 0.809286
v -0.094198 -0.253011 0.798055
v -0.111735 -0.234863 0.807251
v 0.094198 -0.253011 0.798055
v 0.111735 -0.234863 0.807251
v 0.108114 -0.247030 0.795736
v 0.097860 -0.241414 0.809286
v -0.115926 -0.182821 0.796753
v -0.105835 -0.188192 0.812175
v -0.115641 -0.205566 0.808228
v -0.106038 -0.165812 0.800944
v 0.115641 -0.205566 0.808228
v 0.106038 -0.165812 0.800944
v 0.115926 -0.182821 0.796753
v 0.105835 -0.188192 0.812175
v -0.072957 -0.135173 0.788981
v -0.071167 -0.146891 0.804525
v -0.086507 -0.143351 0.797038
v -0.057780 -0.139364 0.797038
v 0.086507 -0.143351 0.797038
v 0.057780 -0.139364 0.797038
v 0.072957 -0.135173 0.788981
v 0.071167 -0.146891 0.804525
v -0.020345 -0.161458 0.796753
v -0.023234 -0.170858 0.812174
v -0.032389 -0.152059 0.800944
v -0.010742 -0.179443 0.808268
v 0.032389 -0.152059 0.800944
v 0.010742 -0.179443 0.808268
v 0.020345 -0.161458 0.796753
v 0.023234 -0.170858 0.812175
v -0.021484 -0.293050 0.792969
v -0.063924 -0.272542 0.793172
v -0.041260 -0.276082 0.798828
v -0.044800 -0.289876 0.786947
v 0.041260 -0.276082 0.798828
v 0.044800 -0.289876 0.786947
v 0.021484 -0.293050 0.792969
v 0.063924 -0.272542 0.793172
v -0.022461 -0.312581 0.761719
v -0.066854 -0.291870 0.761841
v -0.045776 -0.299642 0.771322
v -0.043945 -0.306966 0.752441
v 0.045776 -0.299642 0.771322
v 0.043945 -0.306966 0.752441
v 0.022461 -0.312581 0.761719
v 0.066854 -0.291870 0.761841
v -0.004883 -0.164795 0.757731
v -0.014486 -0.159505 0.778198
v -0.015340 -0.148153 0.764771
v -0.004883 -0.175537 0.770264
v 0.015340 -0.148153 0.764771
v 0.004883 -0.175537 0.770264
v 0.004883 -0.164795 0.757731
v 0.014486 -0.159505 0.778198
v -0.057007 -0.139242 0.752645
v -0.068075 -0.133219 0.771403
v -0.083333 -0.139486 0.761841
v -0.041707 -0.135457 0.761841
v 0.083333 -0.139486 0.761841
v 0.041707 -0.135457 0.761841
v 0.057007 -0.139242 0.752645
v 0.068075 -0.133219 0.771403
v -0.115641 -0.185303 0.757446
v -0.118856 -0.181844 0.778198
v -0.122396 -0.204753 0.770264
v -0.110677 -0.162923 0.764771
v 0.122396 -0.204753 0.770264
v 0.110677 -0.162923 0.764771
v 0.115641 -0.185303 0.757446
v 0.118856 -0.181844 0.778198
v -0.108195 -0.255981 0.756917
v -0.111043 -0.251912 0.778158
v -0.099080 -0.267456 0.764771
v -0.118490 -0.239909 0.770264
v 0.099080 -0.267456 0.764771
v 0.118490 -0.239909 0.770264
v 0.108195 -0.255981 0.756917
v 0.111043 -0.251912 0.778158
v -0.028320 -0.717367 0.734375
v -0.085286 -0.708822 0.733765
v -0.057373 -0.696370 0.734538
v -0.055623 -0.727092 0.734253
v 0.057373 -0.696371 0.734538
v 0.055623 -0.727092 0.734253
v 0.028320 -0.717367 0.734375
v 0.085286 -0.708822 0.733765
v -0.053467 -0.622152 0.738444
v -0.044189 -0.505941 0.745850
v -0.024414 -0.563558 0.742188
v -0.073608 -0.565470 0.741740
v 0.024414 -0.563558 0.742188
v 0.073608 -0.565470 0.741740
v 0.053467 -0.622152 0.738444
v 0.044189 -0.505941 0.745850
v -0.061849 -0.372396 0.745728
v -0.020508 -0.381429 0.746094
v -0.040283 -0.412191 0.747803
v -0.041992 -0.344076 0.744629
v 0.040283 -0.412191 0.747803
v 0.041992 -0.344076 0.744629
v 0.061849 -0.372396 0.745728
v 0.020508 -0.381429 0.746094
v -0.149740 -0.718587 0.719116
v -0.221232 -0.746786 0.689738
v -0.184204 -0.712036 0.708089
v -0.186361 -0.751302 0.701986
v 0.184204 -0.712036 0.708089
v 0.186361 -0.751302 0.701986
v 0.149740 -0.718587 0.719116
v 0.221232 -0.746786 0.689738
v -0.196940 -0.572103 0.709066
v -0.131226 -0.568400 0.730998
v -0.173462 -0.630981 0.715902
v -0.154582 -0.508911 0.725342
v 0.173462 -0.630982 0.715902
v 0.154582 -0.508911 0.725342
v 0.196940 -0.572103 0.709066
v 0.131226 -0.568400 0.730998
v -0.184408 -0.796224 0.692220
v -0.178182 -0.847860 0.678914
v -0.215413 -0.844320 0.666504
v -0.148682 -0.800781 0.703288
v 0.215413 -0.844320 0.666504
v 0.148682 -0.800781 0.703288
v 0.184408 -0.796224 0.692220
v 0.178182 -0.847860 0.678914
v -0.159627 -0.882039 0.670125
v -0.128377 -0.898234 0.666097
v -0.171305 -0.905965 0.650146
v -0.118123 -0.875488 0.684774
v 0.171305 -0.905965 0.650146
v 0.118123 -0.875488 0.684774
v 0.159627 -0.882039 0.670125
v 0.128377 -0.898234 0.666097
v -0.084432 -0.908976 0.664144
v -0.028320 -0.914795 0.664063
v -0.068888 -0.924683 0.650228
v -0.044393 -0.899780 0.677124
v 0.068888 -0.924683 0.650228
v 0.044393 -0.899780 0.677124
v 0.084432 -0.908976 0.664144
v 0.028320 -0.914795 0.664063
v -0.037109 0.141602 0.748210
v -0.110107 0.163696 0.752116
v -0.070435 0.181641 0.755941
v -0.078817 0.123250 0.744792
v 0.070435 0.181641 0.755941
v 0.078817 0.123250 0.744792
v 0.037109 0.141602 0.748210
v 0.110107 0.163696 0.752116
v -0.095825 0.263916 0.770060
v -0.032227 0.274902 0.784505
v -0.065552 0.240234 0.769613
v -0.064250 0.298584 0.784994
v 0.065552 0.240234 0.769613
v 0.064250 0.298584 0.784994
v 0.095825 0.263916 0.770060
v 0.032227 0.274902 0.784505
v -0.120646 0.367269 0.785929
v -0.074992 0.383219 0.814860
v -0.080851 0.351318 0.796712
v -0.115479 0.398722 0.804484
v 0.080851 0.351318 0.796712
v 0.115479 0.398722 0.804484
v 0.120646 0.367269 0.785929
v 0.074992 0.383219 0.814860
v -0.145020 0.021403 0.766236
v -0.103231 0.069539 0.748698
v -0.093913 0.009074 0.763143
v -0.152303 0.079712 0.752523
v 0.093913 0.009074 0.763143
v 0.152303 0.079712 0.752523
v 0.145020 0.021403 0.766235
v 0.103231 0.069539 0.748698
v -0.282064 0.021444 0.728149
v -0.269450 -0.041585 0.735067
v -0.330485 -0.011800 0.710490
v -0.221191 -0.005941 0.753540
v 0.330485 -0.011800 0.710490
v 0.221191 -0.005941 0.753540
v 0.282064 0.021444 0.728150
v 0.269450 -0.041585 0.735067
v -0.452840 0.030355 0.677775
v -0.488770 0.012085 0.657430
v -0.512207 0.040690 0.658366
v -0.428141 0.003825 0.678263
v 0.512207 0.040690 0.658366
v 0.428141 0.003825 0.678263
v 0.452840 0.030355 0.677775
v 0.488770 0.012085 0.657430
v -0.587769 0.126261 0.648356
v -0.642985 0.127116 0.624227
v -0.644409 0.161174 0.631388
v -0.584473 0.093424 0.642741
v 0.644409 0.161174 0.631388
v 0.584473 0.093424 0.642741
v 0.587769 0.126261 0.648356
v 0.642985 0.127116 0.624227
v -0.658732 0.254395 0.643717
v -0.709066 0.276855 0.632853
v -0.686849 0.299927 0.645671
v -0.678589 0.230509 0.632365
v 0.686849 0.299927 0.645671
v 0.678589 0.230509 0.632365
v 0.658732 0.254395 0.643717
v 0.709066 0.276855 0.632853
v -0.645020 0.351034 0.665772
v -0.691162 0.379924 0.681396
v -0.654541 0.380290 0.684774
v -0.679037 0.349732 0.663249
v 0.654541 0.380290 0.684774
v 0.679037 0.349732 0.663249
v 0.645020 0.351034 0.665772
v 0.691162 0.379924 0.681397
v -0.527588 0.425252 0.710164
v -0.550700 0.461792 0.742310
v -0.487345 0.467448 0.741862
v -0.590088 0.419352 0.711141
v 0.487345 0.467448 0.741862
v 0.590088 0.419352 0.711141
v 0.527588 0.425252 0.710164
v 0.550700 0.461792 0.742310
v -0.377889 0.492188 0.753215
v -0.376343 0.559041 0.792928
v -0.348836 0.541138 0.781087
v -0.406291 0.508464 0.765300
v 0.348836 0.541138 0.781087
v 0.406291 0.508464 0.765300
v 0.377889 0.492188 0.753215
v 0.376343 0.559041 0.792928
v -0.250000 0.545776 0.800659
v -0.297078 0.553833 0.792806
v -0.265747 0.589356 0.818319
v -0.281087 0.512858 0.774577
v 0.265747 0.589356 0.818319
v 0.281087 0.512858 0.774577
v 0.250000 0.545776 0.800659
v 0.297078 0.553833 0.792806
v -0.156494 0.452433 0.807414
v -0.203125 0.511597 0.805542
v -0.166138 0.502930 0.825317
v -0.193156 0.462321 0.787109
v 0.166138 0.502930 0.825317
v 0.193156 0.462321 0.787109
v 0.156494 0.452433 0.807414
v 0.203125 0.511597 0.805542
v -0.061686 0.444784 0.792887
v -0.020508 0.409668 0.785482
v -0.046672 0.408610 0.809001
v -0.036580 0.442342 0.767009
v 0.046672 0.408610 0.809001
v 0.036580 0.442342 0.767009
v 0.061686 0.444784 0.792887
v 0.020508 0.409668 0.785482
v -0.155680 0.614380 0.802450
v -0.106608 0.514120 0.798747
v -0.141724 0.543945 0.822388
v -0.121012 0.583659 0.776856
v 0.141724 0.543945 0.822388
v 0.121012 0.583659 0.776856
v 0.155680 0.614380 0.802450
v 0.106608 0.514120 0.798747
v -0.282349 0.689779 0.789795
v -0.214274 0.673950 0.799520
v -0.253052 0.655762 0.817342
v -0.243652 0.709147 0.770060
v 0.253052 0.655762 0.817342
v 0.243652 0.709147 0.770060
v 0.282349 0.689779 0.789795
v 0.214274 0.673950 0.799520
v -0.428630 0.605469 0.752686
v -0.353638 0.666341 0.774170
v -0.383179 0.614706 0.788045
v -0.398153 0.656698 0.736979
v 0.383179 0.614706 0.788045
v 0.398153 0.656698 0.736979
v 0.428630 0.605469 0.752686
v 0.353638 0.666341 0.774170
v -0.639242 0.481283 0.692546
v -0.524333 0.542969 0.725342
v -0.572184 0.495972 0.733521
v -0.591187 0.526286 0.682332
v 0.572184 0.495972 0.733521
v 0.591187 0.526286 0.682332
v 0.639242 0.481283 0.692546
v 0.524333 0.542969 0.725342
v -0.774089 0.412191 0.637166
v -0.723226 0.438314 0.663249
v -0.732178 0.410197 0.669678
v -0.766357 0.440470 0.629354
v 0.732178 0.410197 0.669678
v 0.766358 0.440470 0.629354
v 0.774089 0.412191 0.637166
v 0.723226 0.438314 0.663249
v -0.781860 0.233032 0.550496
v -0.793620 0.343831 0.599081
v -0.761800 0.288574 0.600627
v -0.814657 0.289022 0.546956
v 0.761800 0.288574 0.600627
v 0.814657 0.289022 0.546956
v 0.781861 0.233032 0.550496
v 0.793620 0.343831 0.599080
v -0.662516 0.050496 0.566976
v -0.737915 0.134399 0.539754
v -0.685954 0.109538 0.582235
v -0.714762 0.074300 0.522705
v 0.685954 0.109538 0.582235
v 0.714762 0.074300 0.522705
v 0.662516 0.050496 0.566976
v 0.737915 0.134399 0.539754
v -0.469238 -0.067830 0.597372
v -0.572673 -0.016886 0.586507
v -0.514160 -0.020142 0.619344
v -0.527873 -0.064982 0.563680
v 0.514160 -0.020142 0.619344
v 0.527873 -0.064982 0.563680
v 0.469238 -0.067830 0.597371
v 0.572673 -0.016886 0.586507
v -0.230550 -0.132365 0.664551
v -0.354004 -0.105916 0.623739
v -0.277262 -0.096273 0.691121
v -0.305054 -0.140340 0.597087
v 0.277262 -0.096273 0.691122
v 0.305054 -0.140340 0.597087
v 0.230550 -0.132365 0.664551
v 0.354004 -0.105916 0.623739
v -0.304647 -0.566976 0.602091
v -0.255534 -0.572103 0.666097
v -0.290772 -0.633708 0.631633
v -0.271444 -0.507202 0.637492
v 0.290771 -0.633708 0.631633
v 0.271444 -0.507202 0.637492
v 0.304647 -0.566976 0.602092
v 0.255534 -0.572103 0.666097
v -0.331991 -0.782878 0.581624
v -0.282756 -0.769247 0.643840
v -0.311971 -0.815552 0.605591
v -0.304443 -0.737223 0.620890
v 0.311971 -0.815552 0.605591
v 0.304443 -0.737223 0.620890
v 0.331991 -0.782878 0.581624
v 0.282756 -0.769247 0.643840
v -0.321818 -0.903646 0.557455
v -0.274007 -0.879476 0.617676
v -0.289266 -0.910563 0.583374
v -0.307088 -0.873169 0.592896
v 0.289266 -0.910563 0.583374
v 0.307088 -0.873169 0.592896
v 0.321818 -0.903646 0.557454
v 0.274007 -0.879476 0.617676
v -0.239583 -0.947591 0.562215
v -0.212321 -0.930379 0.609131
v -0.198568 -0.944295 0.589844
v -0.253133 -0.934001 0.582398
v 0.198568 -0.944295 0.589844
v 0.253133 -0.934001 0.582398
v 0.239583 -0.947591 0.562215
v 0.212321 -0.930379 0.609131
v -0.087728 -0.966227 0.583496
v -0.083537 -0.947144 0.618978
v -0.042969 -0.960612 0.605143
v -0.128255 -0.953084 0.597656
v 0.042969 -0.960612 0.605143
v 0.128255 -0.953084 0.597656
v 0.087728 -0.966227 0.583496
v 0.083537 -0.947144 0.618978
v -0.406841 0.265920 0.802292
v -0.428899 0.288880 0.791157
v -0.436909 0.265252 0.789155
v 0.428899 0.288880 0.791157
v 0.406841 0.265920 0.802291
v 0.436909 0.265252 0.789155
v -0.375246 0.299419 0.810153
v -0.374627 0.331330 0.804668
v -0.398205 0.321473 0.798815
v 0.374627 0.331330 0.804668
v 0.375246 0.299419 0.810153
v 0.398205 0.321473 0.798815
v -0.329881 0.299419 0.819968
v -0.308743 0.321473 0.818201
v -0.330516 0.331330 0.814245
v 0.308743 0.321472 0.818201
v 0.329881 0.299419 0.819968
v 0.330516 0.331330 0.814245
v -0.298287 0.265920 0.824022
v -0.268262 0.265252 0.822138
v -0.278070 0.288880 0.822040
v 0.268262 0.265252 0.822138
v 0.298287 0.265920 0.824022
v 0.278070 0.288880 0.822040
v -0.298287 0.220506 0.824022
v -0.278070 0.199368 0.822040
v -0.268262 0.221141 0.822138
v 0.278070 0.199368 0.822040
v 0.298287 0.220506 0.824022
v 0.268262 0.221141 0.822138
v -0.329881 0.188912 0.819968
v -0.330516 0.158887 0.814245
v -0.308743 0.168695 0.818201
v 0.330516 0.158887 0.814245
v 0.329881 0.188912 0.819968
v 0.308743 0.168695 0.818201
v -0.374627 0.158887 0.804668
v -0.375246 0.188912 0.810153
v -0.398205 0.168695 0.798815
v 0.375246 0.188912 0.810153
v 0.374627 0.158887 0.804668
v 0.398205 0.168695 0.798815
v -0.406841 0.220506 0.802291
v -0.436909 0.221141 0.789155
v -0.428899 0.199368 0.791157
v 0.436909 0.221141 0.789155
v 0.406841 0.220506 0.802292
v 0.428899 0.199368 0.791157
v -0.448608 0.181152 0.771607
v -0.464193 0.221761 0.767741
v -0.457859 0.200644 0.773808
v -0.455973 0.201742 0.764933
v 0.457859 0.200644 0.773808
v 0.455973 0.201742 0.764933
v 0.448608 0.181152 0.771607
v 0.464193 0.221761 0.767741
v -0.374105 0.134521 0.788045
v -0.418335 0.151855 0.778443
v -0.396974 0.140767 0.788273
v -0.395874 0.144491 0.777791
v 0.396974 0.140767 0.788273
v 0.395874 0.144491 0.777791
v 0.374105 0.134521 0.788045
v 0.418335 0.151855 0.778443
v -0.290527 0.151855 0.804525
v -0.331136 0.134521 0.796834
v -0.310019 0.140767 0.806607
v -0.311117 0.144491 0.794556
v 0.310019 0.140767 0.806607
v 0.311117 0.144491 0.794556
v 0.290527 0.151855 0.804525
v 0.331136 0.134521 0.796834
v -0.243896 0.221761 0.808594
v -0.261230 0.181152 0.808431
v -0.250142 0.200644 0.814344
v -0.253866 0.201742 0.802409
v 0.250142 0.200644 0.814344
v 0.253866 0.201742 0.802409
v 0.243896 0.221761 0.808594
v 0.261230 0.181152 0.808431
v -0.261230 0.309001 0.808431
v -0.243896 0.264730 0.808594
v -0.250142 0.287599 0.814344
v -0.253866 0.286499 0.802409
v 0.250142 0.287599 0.814344
v 0.253866 0.286499 0.802409
v 0.261230 0.309001 0.808431
v 0.243896 0.264730 0.808594
v -0.331136 0.357666 0.796834
v -0.290527 0.340251 0.804525
v -0.310019 0.351345 0.806607
v -0.311117 0.347616 0.794556
v 0.310019 0.351345 0.806607
v 0.311117 0.347616 0.794556
v 0.331136 0.357666 0.796834
v 0.290527 0.340251 0.804525
v -0.418335 0.340251 0.778443
v -0.374105 0.357666 0.788045
v -0.396974 0.351345 0.788273
v -0.395874 0.347616 0.777791
v 0.396974 0.351345 0.788273
v 0.395874 0.347616 0.777791
v 0.418335 0.340251 0.778443
v 0.374105 0.357666 0.788045
v -0.464193 0.264730 0.767741
v -0.448608 0.309001 0.771607
v -0.457859 0.287599 0.773808
v -0.455973 0.286499 0.764933
v 0.457859 0.287599 0.773808
v 0.455973 0.286499 0.764933
v 0.464193 0.264730 0.767741
v 0.448608 0.309001 0.771607
v -0.479736 0.329346 0.723755
v -0.502930 0.271525 0.718018
v -0.511475 0.308512 0.699911
v -0.473551 0.293335 0.740519
v 0.511475 0.308512 0.699911
v 0.473552 0.293335 0.740519
v 0.479736 0.329346 0.723755
v 0.502930 0.271525 0.718018
v -0.539958 0.370036 0.629110
v -0.574707 0.285197 0.621419
v -0.572266 0.333984 0.597656
v -0.544678 0.322184 0.652059
v 0.572266 0.333984 0.597656
v 0.544678 0.322184 0.652059
v 0.539958 0.370036 0.629110
v 0.574707 0.285197 0.621419
v -0.394531 0.465332 0.659098
v -0.479411 0.430583 0.641805
v -0.443359 0.462891 0.624023
v -0.431559 0.435303 0.676392
v 0.443359 0.462891 0.624023
v 0.431559 0.435303 0.676392
v 0.394531 0.465332 0.659098
v 0.479411 0.430583 0.641805
v -0.380900 0.393555 0.744100
v -0.438721 0.370361 0.732544
v -0.417887 0.402100 0.720337
v -0.402710 0.364217 0.755331
v 0.417887 0.402100 0.720337
v 0.402710 0.364217 0.755331
v 0.380900 0.393555 0.744100
v 0.438721 0.370361 0.732544
v -0.267293 0.370361 0.764445
v -0.323283 0.393555 0.754842
v -0.286255 0.402100 0.744710
v -0.303304 0.364217 0.774048
v 0.286255 0.402100 0.744710
v 0.303304 0.364217 0.774048
v 0.267293 0.370361 0.764445
v 0.323283 0.393555 0.754842
v -0.223714 0.430583 0.688233
v -0.308594 0.465332 0.674723
v -0.259766 0.462891 0.657227
v -0.271606 0.435303 0.705648
v 0.259766 0.462891 0.657227
v 0.271606 0.435303 0.705648
v 0.223714 0.430583 0.688232
v 0.308594 0.465332 0.674723
v -0.128418 0.285197 0.698161
v -0.163167 0.370036 0.696045
v -0.130859 0.333984 0.674805
v -0.158529 0.322184 0.719360
v 0.130859 0.333984 0.674805
v 0.158529 0.322184 0.719360
v 0.128418 0.285197 0.698161
v 0.163167 0.370036 0.696045
v -0.204102 0.271525 0.769531
v -0.227254 0.329346 0.769328
v -0.193685 0.308512 0.755493
v -0.235311 0.293335 0.782878
v 0.193685 0.308512 0.755493
v 0.235311 0.293335 0.782878
v 0.204102 0.271525 0.769531
v 0.227254 0.329346 0.769328
v -0.227254 0.157918 0.769328
v -0.204102 0.213908 0.769531
v -0.193685 0.176921 0.755493
v -0.235311 0.193929 0.782878
v 0.193685 0.176921 0.755493
v 0.235311 0.193929 0.782878
v 0.227254 0.157918 0.769328
v 0.204102 0.213908 0.769531
v -0.163167 0.117228 0.696045
v -0.128418 0.200236 0.698161
v -0.130859 0.153320 0.674805
v -0.158529 0.163249 0.719360
v 0.130859 0.153320 0.674805
v 0.158529 0.163249 0.719360
v 0.163167 0.117228 0.696045
v 0.128418 0.200236 0.698161
v -0.308594 0.022949 0.674723
v -0.223714 0.057658 0.688232
v -0.259766 0.027344 0.657227
v -0.271606 0.051188 0.705648
v 0.259766 0.027344 0.657227
v 0.271606 0.051188 0.705648
v 0.308594 0.022949 0.674723
v 0.223714 0.057658 0.688233
v -0.323283 0.094727 0.754842
v -0.267293 0.117879 0.764445
v -0.286255 0.084391 0.744710
v -0.303304 0.125936 0.774048
v 0.286255 0.084391 0.744710
v 0.303304 0.125936 0.774048
v 0.323283 0.094727 0.754842
v 0.267293 0.117879 0.764445
v -0.438721 0.117879 0.732544
v -0.380900 0.094727 0.744100
v -0.417887 0.084391 0.720337
v -0.402710 0.125936 0.755331
v 0.417887 0.084391 0.720337
v 0.402710 0.125936 0.755331
v 0.438721 0.117879 0.732544
v 0.380900 0.094727 0.744100
v -0.479411 0.057658 0.641805
v -0.394531 0.022949 0.659098
v -0.443359 0.027344 0.624023
v -0.431559 0.051188 0.676392
v 0.443359 0.027344 0.624023
v 0.431559 0.051188 0.676392
v 0.479411 0.057658 0.641805
v 0.394531 0.022949 0.659098
v -0.574707 0.200236 0.621419
v -0.539958 0.117228 0.629110
v -0.572266 0.153320 0.597656
v -0.544678 0.163249 0.652059
v 0.572266 0.153320 0.597656
v 0.544678 0.163249 0.652059
v 0.574707 0.200236 0.621419
v 0.539958 0.117228 0.629110
v -0.502930 0.213908 0.718018
v -0.479736 0.157918 0.723755
v -0.511475 0.176921 0.699911
v -0.473551 0.193929 0.740519
v 0.511475 0.176921 0.699911
v 0.473551 0.193929 0.740519
v 0.502930 0.213908 0.718018
v 0.479736 0.157918 0.723755
v 0.497030 0.145079 0.703451
v -0.482578 0.218118 0.738263
v 0.552572 0.109965 0.601786
v -0.559859 0.202740 0.648497
v 0.397461 0.010335 0.633219
v -0.470581 0.068704 0.668294
v 0.384746 0.071896 0.727092
v -0.427628 0.136397 0.750490
v 0.254394 0.098814 0.749858
v -0.327493 0.116891 0.769611
v 0.215007 0.046977 0.664307
v -0.311585 0.036007 0.699220
v 0.113851 0.197815 0.676148
v -0.176065 0.124734 0.718608
v 0.181190 0.209576 0.755512
v -0.245772 0.170394 0.782694
v 0.208109 0.340861 0.755250
v -0.226266 0.267821 0.782878
v 0.150553 0.378744 0.673096
v -0.143348 0.282208 0.719827
v 0.305664 0.479899 0.649821
v -0.232604 0.417765 0.711752
v 0.318930 0.414595 0.739279
v -0.279769 0.353695 0.778279
v 0.450236 0.387655 0.713664
v -0.377196 0.373262 0.760252
v 0.488119 0.443197 0.614970
v -0.391562 0.450484 0.684592
v 0.589274 0.288147 0.594076
v -0.527140 0.361206 0.656128
v 0.523970 0.275372 0.696796
v -0.463049 0.318254 0.743084
v 0.449630 0.309975 0.775774
v -0.463209 0.264424 0.763124
v 0.374270 0.359995 0.793448
v -0.417436 0.338640 0.773439
v 0.289517 0.341736 0.810270
v -0.331420 0.355318 0.790607
v 0.241506 0.264895 0.814286
v -0.262761 0.308082 0.802245
v 0.259685 0.180142 0.814125
v -0.246163 0.222045 0.802409
v 0.330943 0.132131 0.802581
v -0.291386 0.153386 0.798319
v 0.419291 0.150310 0.782979
v -0.373799 0.136788 0.782225
v 0.465189 0.221568 0.771900
v -0.447485 0.182011 0.767010
v 0.388861 0.227600 0.810455
v -0.449477 0.228397 0.783928
v 0.366793 0.145799 0.804468
v -0.367543 0.206281 0.815733
v 0.336971 0.206281 0.822313
v -0.337772 0.145799 0.810762
v 0.315652 0.227600 0.825125
v -0.274556 0.185353 0.821118
v 0.315652 0.258241 0.825125
v -0.255174 0.257418 0.821294
v 0.336971 0.280793 0.822313
v -0.294728 0.325593 0.818590
v 0.367543 0.280793 0.815733
v -0.366793 0.345063 0.804468
v 0.388861 0.258241 0.810455
v -0.433644 0.304156 0.787885
v 0.041768 -0.950706 0.621663
v -0.131100 -0.962221 0.578614
v 0.188900 -0.934850 0.611164
v -0.270688 -0.941752 0.556801
v 0.265188 -0.899746 0.611754
v -0.330329 -0.885912 0.561091
v 0.286098 -0.802856 0.637047
v -0.327784 -0.738246 0.589995
v 0.265053 -0.635255 0.661680
v -0.294845 -0.504164 0.603477
v 0.342287 -0.082937 0.664169
v -0.246808 -0.152998 0.611059
v 0.566228 0.005704 0.611130
v -0.477147 -0.089808 0.565998
v 0.717784 0.149560 0.573051
v -0.671294 0.030817 0.540716
v 0.765696 0.336874 0.620062
v -0.806365 0.226716 0.518178
v 0.710754 0.421962 0.684659
v -0.795711 0.425734 0.618145
v 0.513007 0.527781 0.750266
v -0.646775 0.496747 0.666440
v 0.349080 0.640645 0.798036
v -0.438709 0.621959 0.725583
v 0.222478 0.647166 0.821494
v -0.281149 0.716037 0.764466
v 0.116972 0.496143 0.820374
v -0.145499 0.635807 0.778504
v 0.023770 0.391241 0.804606
v -0.055105 0.460523 0.769937
v 0.190537 0.539866 0.825563
v -0.171075 0.439901 0.789248
v 0.291382 0.593200 0.814190
v -0.259524 0.509082 0.778419
v 0.346680 0.578043 0.801495
v -0.405644 0.478596 0.746107
v 0.494513 0.490021 0.758526
v -0.574010 0.405224 0.695719
v 0.676412 0.392949 0.695422
v -0.655152 0.333485 0.658486
v 0.712311 0.314922 0.643357
v -0.653692 0.222967 0.640532
v 0.671031 0.162947 0.618868
v -0.555995 0.094293 0.654378
v 0.535996 0.034492 0.647059
v -0.416403 0.016182 0.686900
v 0.330527 -0.035879 0.707545
v -0.233967 0.032561 0.743670
v 0.068814 0.039435 0.748868
v -0.169087 0.061695 0.755857
v 0.054294 0.361307 0.809950
v -0.134820 0.392375 0.788658
v 0.032776 0.242808 0.774126
v -0.095055 0.290314 0.774960
v 0.104551 0.187474 0.756145
v -0.039842 0.106676 0.741429
v 0.034444 -0.927797 0.651123
v -0.066276 -0.897018 0.678123
v 0.153804 -0.911820 0.649290
v -0.132206 -0.865055 0.687826
v 0.209646 -0.868394 0.659524
v -0.149068 -0.773627 0.709497
v 0.140470 -0.627944 0.726703
v -0.187359 -0.509864 0.714112
v 0.218544 -0.721233 0.694150
v -0.149272 -0.732612 0.717438
v 0.020142 -0.414503 0.747803
v -0.063229 -0.337121 0.744281
v 0.022095 -0.505568 0.745850
v -0.080472 -0.623529 0.737974
v 0.086311 -0.695205 0.733987
v -0.027812 -0.734533 0.734234
v 0.100750 -0.264526 0.774882
v -0.117171 -0.241100 0.759166
v 0.124045 -0.203800 0.781312
v -0.109011 -0.165358 0.755351
v 0.087055 -0.136023 0.771545
v -0.034220 -0.137738 0.752532
v 0.022241 -0.145120 0.774942
v -0.002441 -0.177592 0.760139
v 0.068117 -0.288390 0.771464
v -0.021973 -0.316291 0.752441
v 0.061277 -0.266171 0.799010
v -0.022400 -0.300134 0.786947
v 0.034289 -0.157352 0.808410
v -0.010173 -0.175296 0.800315
v 0.084145 -0.149529 0.804639
v -0.057072 -0.133930 0.789143
v 0.109567 -0.206775 0.815695
v -0.110126 -0.161780 0.793029
v 0.089197 -0.249054 0.804157
v -0.116762 -0.236311 0.799785
v 0.081602 -0.171136 0.815951
v -0.036085 -0.194408 0.823542
v 0.064030 -0.250282 0.810322
v -0.025553 -0.226709 0.821860
v 0.089634 -0.084354 0.776411
v -0.027174 -0.103863 0.744591
v 0.145546 -0.206740 0.738238
v -0.113792 -0.160231 0.755310
v 0.155928 -0.290083 0.718001
v -0.128504 -0.246410 0.739004
v 0.172263 -0.411719 0.718853
v -0.110335 -0.333785 0.735669
v 0.208500 -0.345666 0.671655
v -0.273096 -0.408379 0.602256
v 0.186033 -0.260573 0.671425
v -0.232031 -0.296707 0.594298
v 0.172544 -0.213616 0.690448
v -0.193932 -0.185998 0.617875
v 0.024455 -0.761919 0.723733
v -0.078241 -0.736654 0.731530
v 0.097330 -0.759485 0.723266
v -0.110356 -0.805362 0.715536
v 0.087095 -0.835568 0.704859
v -0.072623 -0.867192 0.697125
v 0.038187 -0.872641 0.688656
v -0.014872 -0.884988 0.688533
v 0.035504 -0.856264 0.647476
v -0.011759 -0.868978 0.673281
v 0.081644 -0.823989 0.656313
v -0.058776 -0.851686 0.678362
v 0.092400 -0.766232 0.674470
v -0.093484 -0.799517 0.697046
v 0.023315 -0.771632 0.674376
v -0.069457 -0.752934 0.708170
v 0.043960 -0.828916 0.640952
v -0.020386 -0.794703 0.652362
v 0.084390 -0.778849 0.655411
v -0.085511 -0.808576 0.645309
v 0.176859 0.168640 0.769142
v -0.148557 0.195876 0.761943
v 0.163105 0.237509 0.775292
v -0.139286 0.280711 0.768694
v 0.174260 0.320476 0.777445
v -0.166640 0.378337 0.774518
v 0.212057 0.117104 0.769453
v -0.178583 0.131956 0.755224
v 0.335896 0.065269 0.741738
v -0.251444 0.078418 0.742673
v 0.454144 0.081933 0.712650
v -0.403240 0.039721 0.705739
v 0.561584 0.167924 0.680619
v -0.520635 0.102615 0.676737
v 0.597003 0.266298 0.675784
v -0.616094 0.216070 0.657052
v 0.577963 0.340720 0.685197
v -0.618145 0.313730 0.662352
v 0.461568 0.395586 0.740162
v -0.549800 0.383943 0.688578
v 0.356628 0.432944 0.755203
v -0.403996 0.437642 0.736667
v 0.284017 0.435364 0.765319
v -0.311645 0.463596 0.751162
v 0.216450 0.396829 0.776428
v -0.235558 0.444100 0.766171
v 0.241353 0.373271 0.764689
v -0.260579 0.404643 0.772074
v 0.293518 0.405904 0.763469
v -0.320943 0.421754 0.759800
v 0.356201 0.406942 0.753133
v -0.399434 0.403398 0.763071
v 0.447225 0.379049 0.737000
v -0.519898 0.359885 0.710587
v 0.543884 0.325643 0.682312
v -0.572141 0.301983 0.685021
v 0.560221 0.263957 0.675354
v -0.571512 0.221187 0.679195
v 0.531372 0.183411 0.682495
v -0.497113 0.129337 0.704838
v 0.442383 0.105611 0.712789
v -0.398925 0.078250 0.731973
v 0.340332 0.091105 0.738871
v -0.267640 0.102008 0.765017
v 0.229533 0.132874 0.761292
v -0.201354 0.148580 0.769142
v 0.201050 0.313416 0.763611
v -0.208475 0.352436 0.775004
v 0.190063 0.242839 0.759318
v -0.182072 0.277874 0.774434
v 0.197083 0.182231 0.756449
v -0.181212 0.205730 0.771385
v 0.072787 0.457446 0.643536
v -0.018778 0.439190 0.708540
v 0.165658 0.624335 0.651387
v -0.098237 0.540072 0.716307
v 0.295890 0.695731 0.635963
v -0.206941 0.710229 0.716004
v 0.445150 0.601168 0.599570
v -0.365703 0.698987 0.687399
v 0.636252 0.488177 0.540770
v -0.543323 0.560843 0.638222
v 0.779596 0.422469 0.501041
v -0.736619 0.463015 0.583879
v 0.792876 0.224469 0.417675
v -0.832861 0.353265 0.525982
v 0.655473 0.032970 0.429619
v -0.764088 0.108755 0.450511
v 0.479872 -0.082532 0.472139
v -0.577666 -0.051947 0.508937
v 0.123357 -0.461439 0.286391
v -0.034851 -0.539112 0.316511
v 0.097237 -0.603600 0.351704
v -0.034200 -0.733894 0.346185
v 0.109984 -0.815022 0.382466
v -0.039530 -0.922363 0.428599
v 0.041972 -0.969401 0.484019
v -0.131344 -0.967104 0.530702
v 0.207761 -0.942097 0.458030
v -0.287839 -0.942485 0.500628
v 0.319937 -0.879811 0.429284
v -0.340705 -0.865445 0.493790
v 0.299535 -0.706038 0.425522
v -0.329371 -0.693853 0.516774
v 0.162239 -0.584333 0.367390
v -0.243057 -0.671655 0.381658
v 0.198097 -0.887918 0.414085
v -0.259781 -0.774234 0.388046
v 0.165799 -0.497439 0.348815
v -0.220272 -0.405485 0.373146
v 0.270020 -0.507416 0.439620
v -0.299219 -0.473769 0.527874
v 0.222213 -0.245554 0.483101
v -0.242265 -0.289749 0.526467
v 0.235479 -0.311608 0.456468
v -0.279911 -0.388726 0.527630
v 0.215385 -0.217589 0.497194
v -0.211327 -0.197920 0.544612
v 0.377363 -0.123966 0.492256
v -0.263715 -0.168827 0.540238
v 0.253739 -0.104578 -0.604885
v -0.084819 0.006134 -0.745494
v 0.229341 -0.285930 -0.357226
v -0.082865 -0.227202 -0.557336
v 0.174155 -0.386867 0.052326
v -0.068746 -0.382228 -0.198825
v 0.138941 -0.426690 0.242242
v -0.050924 -0.447184 0.200260
v 0.207573 -0.370780 0.248207
v -0.219926 -0.354948 0.367510
v 0.731078 0.029770 0.153138
v -0.753081 0.133811 0.302481
v 0.274134 0.163076 -0.713327
v -0.107076 0.411950 -0.800937
v 0.337077 0.920552 0.006115
v -0.113302 0.904153 0.185725
v 0.337134 0.887046 -0.337656
v -0.113281 0.947964 -0.183411
v 0.340146 0.569965 -0.658328
v -0.113790 0.796707 -0.578447
v 0.720325 0.418350 0.355448
v -0.694845 0.442197 0.437213
v 0.742929 0.550285 0.158059
v -0.662216 0.500612 0.241136
v 0.756530 0.634388 -0.077605
v -0.679113 0.678513 0.012461
v 0.755626 0.589940 -0.319738
v -0.679362 0.697953 -0.235820
v 0.673343 0.559306 -0.452562
v -0.738066 0.356198 -0.448997
v 0.589440 0.631124 -0.474006
v -0.495622 0.512877 -0.602562
v 0.593425 0.777034 -0.228516
v -0.497229 0.831301 -0.326079
v 0.593379 0.751857 0.035695
v -0.497233 0.864542 -0.030242
v 0.590602 0.541180 0.265591
v -0.498187 0.733974 0.238334
v 0.599757 0.475873 0.367072
v -0.523525 0.522331 0.502259
v 0.338539 0.777818 0.300183
v -0.115451 0.642011 0.466224
v 0.321749 0.643153 0.594635
v -0.211860 0.534295 0.600076
v 0.354629 0.536838 0.489449
v -0.183656 0.505224 0.579644
v 0.017536 0.444543 0.599765
v -0.022972 0.523009 0.580644
v 0.807612 0.264062 0.196966
v -0.781997 0.348576 0.394067
v 0.797515 0.465161 0.124775
v -0.823603 0.302717 0.096930
v 0.803873 0.531482 -0.085620
v -0.834869 0.386127 -0.048562
v 0.798278 0.523588 -0.200651
v -0.787654 0.355499 -0.356752
v 0.387461 -0.223614 -0.129996
v -0.276817 -0.321027 0.055464
v 0.476429 -0.166689 -0.117301
v -0.623269 -0.094484 0.023513
v 0.486166 -0.122938 0.211747
v -0.584184 -0.037139 0.341159
v 0.267745 -0.238630 0.385769
v -0.374222 -0.146111 0.404420
v 0.249993 -0.281273 0.336882
v -0.341350 -0.227431 0.197916
v 0.357735 -0.131619 0.471522
v -0.249218 -0.195158 0.473783
v 0.557353 0.090827 -0.522492
v -0.699627 0.212182 -0.470067
v 0.480616 0.113777 -0.585399
v -0.464088 0.319884 -0.661176
v 0.511095 -0.033210 -0.434432
v -0.566574 -0.105637 -0.246852
v 0.435249 -0.073103 -0.461985
v -0.340263 -0.236756 -0.323555
v 0.359993 0.019290 -0.624811
v -0.361118 -0.086293 -0.559975
v 0.940212 0.385518 -0.242245
v -0.991474 0.442975 -0.289421
v 1.153118 0.446737 -0.372456
v -1.072447 0.466799 -0.335218
v 1.264116 0.335653 -0.407759
v -1.248106 0.442654 -0.414858
v 1.242246 0.129352 -0.411175
v -1.311023 0.248375 -0.420151
v 1.082033 -0.022174 -0.335954
v -1.205038 0.025408 -0.398300
v 0.870136 -0.079089 -0.178837
v -0.974492 -0.093246 -0.274110
v 0.911623 -0.028765 -0.233498
v -0.985272 -0.036009 -0.278418
v 1.076171 0.015545 -0.371703
v -1.161273 0.054971 -0.391807
v 1.204952 0.132959 -0.434692
v -1.243852 0.229289 -0.416467
v 1.224891 0.289426 -0.433063
v -1.201580 0.381551 -0.405659
v 1.136556 0.373714 -0.403971
v -1.060078 0.401469 -0.331764
v 0.960082 0.329327 -0.289430
v -0.996012 0.383403 -0.290281
v 0.698681 -0.039956 -0.134688
v -0.703097 -0.049460 -0.017347
v 0.783588 -0.077807 -0.143701
v -0.669344 -0.103372 -0.156486
v 0.761455 0.068147 -0.032971
v -0.819941 0.182437 0.035671
v 0.895310 0.352804 -0.220639
v -0.844908 0.337268 -0.212537
v 0.809287 -0.021912 -0.232854
v -0.817768 -0.049060 -0.166590
v 0.746056 -0.007778 -0.199925
v -0.805165 0.012160 -0.250720
v 0.809173 0.038548 -0.257332
v -0.769050 0.077440 -0.257438
v 0.750471 0.089857 -0.213661
v -0.806049 0.154614 -0.256001
v 0.838723 0.198315 -0.256103
v -0.843959 0.256866 -0.225330
v 0.893723 0.270324 -0.257056
v -0.909857 0.328349 -0.234799
v 0.832525 0.282461 -0.199044
v -0.837141 0.296873 -0.118027
v 0.745205 0.081920 -0.161110
v -0.812083 0.217060 -0.092230
v 0.725233 0.005968 -0.106600
v -0.723037 0.024168 -0.166041
v 0.906570 0.249879 -0.312519
v -0.933105 0.285829 -0.297243
v 0.854192 0.187221 -0.307720
v -0.877040 0.223449 -0.281023
v 0.785265 0.113772 -0.308064
v -0.817768 0.152335 -0.284871
v 0.810755 0.083481 -0.308167
v -0.776700 0.091397 -0.284985
v 0.843869 0.032546 -0.308239
v -0.827040 0.066243 -0.285468
v 0.823676 -0.007336 -0.307099
v -0.835662 0.008356 -0.284716
v 0.866706 -0.016254 -0.268311
v -0.830283 -0.016988 -0.268906
v 0.972920 0.302143 -0.347752
v -1.008057 0.330362 -0.355369
v 1.072663 0.335352 -0.417539
v -1.138062 0.350907 -0.429422
v 1.198517 0.320064 -0.472475
v -1.223467 0.274798 -0.455036
v 1.237228 0.204642 -0.477337
v -1.204484 0.131433 -0.454834
v 1.162327 0.067797 -0.455996
v -1.079162 0.023317 -0.398498
v 1.004088 -0.002510 -0.367401
v -0.922853 -0.016232 -0.265725
v 0.904659 0.063519 -0.330140
v -0.851404 0.071396 -0.322367
v 0.973816 0.120410 -0.355930
v -0.919345 0.113722 -0.336546
v 1.032216 0.182610 -0.377213
v -0.983932 0.175923 -0.360617
v 1.090789 0.220479 -0.390104
v -1.041869 0.231200 -0.380174
v 1.018493 0.257629 -0.374457
v -1.030897 0.304209 -0.393462
v 0.985758 0.232787 -0.361171
v -0.924108 0.232321 -0.333922
v 0.894910 0.140984 -0.330646
v -0.895747 0.202475 -0.326557
v 0.837143 0.139085 -0.321392
v -0.829411 0.092962 -0.321350
v 0.902441 0.034181 -0.318930
v -0.842170 -0.004284 -0.309791
v 0.945105 0.055381 -0.334168
v -1.000181 0.026115 -0.375376
v 1.032532 0.110278 -0.387872
v -1.135248 0.092923 -0.444461
v 1.107858 0.175978 -0.410945
v -1.205572 0.203401 -0.463177
v 1.137773 0.237236 -0.416499
v -1.175115 0.301945 -0.460724
v 1.071596 0.320987 -0.420604
v -1.144655 0.327681 -0.455212
v 0.850033 -0.112645 -0.321885
v -0.973638 -0.105413 -0.321331
v 1.105224 -0.047579 -0.462048
v -1.224325 0.018105 -0.433538
v 1.316230 0.120367 -0.497962
v -1.336311 0.248355 -0.445786
v 1.331814 0.344019 -0.489033
v -1.266132 0.448920 -0.449954
v 1.189709 0.464427 -0.494417
v -1.077778 0.473167 -0.381421
v 0.985085 0.427299 -0.415444
v -0.918637 0.415948 -0.294691
v 0.865149 0.018886 -0.379767
v -0.981524 0.288993 -0.454588
v 1.228765 0.133880 -0.522059
v -1.087705 0.316622 -0.498208
v 1.277527 0.366511 -0.533497
v -1.306896 0.167229 -0.526457
v 0.864885 0.377374 -0.271498
v -0.805679 0.309147 -0.367399
v 0.775081 0.021877 -0.364895
v -0.764406 0.210493 -0.417299
v 0.747758 -0.100377 -0.299689
v -0.650077 -0.104925 -0.219149
v -0.736310 -0.124376 -0.194396
v -0.747758 -0.100377 -0.299689
v -0.668758 -0.058423 -0.339546
v 0.736310 -0.124376 -0.194396
v 0.650077 -0.104925 -0.219149
v 0.668758 -0.058423 -0.339546
v -0.707597 0.048226 -0.407153
v -0.775081 0.021877 -0.364895
v -0.816753 0.236826 -0.385437
v 0.707597 0.048226 -0.407153
v 0.764406 0.210493 -0.417299
v 0.816753 0.236826 -0.385437
v -0.846925 0.357004 -0.353129
v -0.864885 0.377374 -0.271498
v -0.827641 0.337200 -0.265332
v 0.846925 0.357004 -0.353129
v 0.805679 0.309147 -0.367399
v 0.827641 0.337200 -0.265332
v -1.277527 0.366511 -0.533497
v -1.309414 0.273366 -0.525638
v -1.336469 0.285162 -0.511220
v 1.306896 0.167229 -0.526457
v 1.309414 0.273366 -0.525638
v 1.336469 0.285162 -0.511220
v -1.100565 0.079008 -0.498832
v -1.228765 0.133880 -0.522059
v -1.204867 0.345839 -0.526401
v 1.100565 0.079008 -0.498832
v 1.087705 0.316622 -0.498208
v 1.204867 0.345839 -0.526402
v -0.888795 0.263457 -0.398336
v -0.865149 0.018886 -0.379767
v -0.978393 0.040149 -0.450329
v 0.888795 0.263457 -0.398336
v 0.981524 0.288993 -0.454588
v 0.978393 0.040149 -0.450329
v -0.906760 0.397796 -0.368958
v -0.985085 0.427299 -0.415444
v -0.988992 0.448855 -0.336113
v 0.906760 0.397796 -0.368958
v 0.918637 0.415948 -0.294691
v 0.988992 0.448855 -0.336113
v -1.080035 0.450044 -0.458088
v -1.189709 0.464427 -0.494417
v -1.183287 0.486884 -0.428693
v 1.080035 0.450044 -0.458088
v 1.077777 0.473167 -0.381421
v 1.183287 0.486884 -0.428693
v -1.274243 0.429986 -0.504615
v -1.331814 0.344019 -0.489033
v -1.323637 0.358849 -0.445338
v 1.274244 0.429986 -0.504615
v 1.266132 0.448920 -0.449954
v 1.323636 0.358849 -0.445338
v -1.345819 0.241998 -0.486797
v -1.316230 0.120367 -0.497962
v -1.303263 0.120786 -0.451401
v 1.345819 0.241998 -0.486797
v 1.336311 0.248355 -0.445786
v 1.303263 0.120786 -0.451401
v -1.235363 0.024108 -0.490230
v -1.105224 -0.047579 -0.462048
v -1.101283 -0.057724 -0.390809
v 1.235363 0.024108 -0.490230
v 1.224325 0.018105 -0.433538
v 1.101283 -0.057724 -0.390809
v -0.975728 -0.093274 -0.404756
v -0.850032 -0.112645 -0.321885
v -0.844241 -0.125231 -0.228718
v 0.975728 -0.093274 -0.404756
v 0.973638 -0.105413 -0.321331
v 0.844241 -0.125231 -0.228718
v -1.071596 0.320987 -0.420604
v -1.104088 0.314928 -0.429538
v -1.094875 0.293547 -0.410609
v 1.144655 0.327681 -0.455212
v 1.104089 0.314928 -0.429538
v 1.094875 0.293547 -0.410609
v -1.203293 0.256684 -0.463665
v -1.137773 0.237236 -0.416499
v -1.120225 0.272713 -0.415291
v 1.203293 0.256684 -0.463665
v 1.175115 0.301945 -0.460724
v 1.120225 0.272713 -0.415291
v -1.181330 0.143318 -0.459007
v -1.107858 0.175978 -0.410945
v -1.133792 0.205308 -0.415122
v 1.181330 0.143318 -0.459007
v 1.205571 0.203401 -0.463177
v 1.133792 0.205308 -0.415122
v -1.068419 0.053073 -0.418915
v -1.032532 0.110278 -0.387872
v -1.073862 0.144280 -0.401993
v 1.068419 0.053073 -0.418915
v 1.135248 0.092923 -0.444461
v 1.073862 0.144280 -0.401993
v -0.932095 0.011781 -0.315959
v -0.945105 0.055381 -0.334168
v -0.989482 0.080554 -0.364963
v 0.932095 0.011781 -0.315959
v 1.000181 0.026115 -0.375376
v 0.989482 0.080554 -0.364963
v -0.862342 0.017125 -0.319104
v -0.902441 0.034181 -0.318930
v -0.879116 0.001772 -0.294149
v 0.862342 0.017125 -0.319104
v 0.842170 -0.004284 -0.309791
v 0.879117 0.001772 -0.294149
v -0.801215 0.106949 -0.319885
v -0.837143 0.139085 -0.321392
v -0.862175 0.114454 -0.324827
v 0.801215 0.106949 -0.319885
v 0.829411 0.092962 -0.321350
v 0.862175 0.114454 -0.324827
v -0.926925 0.172017 -0.339295
v -0.894910 0.140984 -0.330646
v -0.868922 0.171210 -0.323406
v 0.926925 0.172017 -0.339295
v 0.895747 0.202475 -0.326557
v 0.868922 0.171210 -0.323406
v -0.954447 0.260598 -0.345799
v -0.985758 0.232787 -0.361171
v -0.957137 0.202758 -0.349488
v 0.954447 0.260598 -0.345799
v 0.924108 0.232321 -0.333922
v 0.957137 0.202758 -0.349488
v -1.055680 0.277301 -0.389677
v -1.018493 0.257629 -0.374457
v -0.989989 0.284565 -0.365676
v 1.055679 0.277301 -0.389677
v 1.030897 0.304209 -0.393462
v 0.989989 0.284565 -0.365676
v -1.075437 0.249227 -0.388162
v -1.090790 0.220479 -0.390104
v -1.060841 0.205519 -0.384211
v 1.075437 0.249227 -0.388162
v 1.041869 0.231200 -0.380174
v 1.060841 0.205519 -0.384211
v -1.011576 0.206847 -0.371283
v -1.032216 0.182610 -0.377213
v -1.004171 0.151599 -0.368096
v 1.011576 0.206847 -0.371283
v 0.983932 0.175923 -0.360617
v 1.004171 0.151599 -0.368096
v -0.953231 0.144693 -0.348959
v -0.973816 0.120410 -0.355930
v -0.940975 0.089601 -0.340984
v 0.953231 0.144693 -0.348959
v 0.919345 0.113722 -0.336546
v 0.940975 0.089601 -0.340984
v -0.885145 0.089145 -0.327798
v -0.904659 0.063519 -0.330140
v -0.865719 0.042617 -0.323173
v 0.885145 0.089145 -0.327798
v 0.851404 0.071396 -0.322367
v 0.865719 0.042617 -0.323173
v -0.924567 -0.012104 -0.293050
v -1.004088 -0.002510 -0.367401
v -1.001261 -0.005044 -0.340819
v 0.924567 -0.012104 -0.293050
v 0.922853 -0.016232 -0.265725
v 1.001261 -0.005044 -0.340819
v -1.084044 0.023959 -0.422658
v -1.162327 0.067797 -0.455996
v -1.154537 0.069238 -0.435750
v 1.084044 0.023959 -0.422658
v 1.079162 0.023317 -0.398498
v 1.154537 0.069238 -0.435750
v -1.213780 0.128446 -0.473961
v -1.237228 0.204642 -0.477337
v -1.227902 0.208656 -0.456501
v 1.213780 0.128446 -0.473961
v 1.204484 0.131433 -0.454834
v 1.227902 0.208656 -0.456501
v -1.232020 0.269156 -0.476849
v -1.198517 0.320064 -0.472475
v -1.191406 0.327897 -0.450479
v 1.232020 0.269156 -0.476849
v 1.223467 0.274798 -0.455036
v 1.191406 0.327897 -0.450479
v -1.145174 0.342151 -0.452921
v -1.072662 0.335352 -0.417539
v -1.065308 0.344095 -0.392031
v 1.145174 0.342151 -0.452921
v 1.138062 0.350907 -0.429422
v 1.065308 0.344095 -0.392031
v -1.015193 0.321620 -0.382161
v -0.972920 0.302143 -0.347752
v -0.967427 0.310772 -0.320640
v 1.015192 0.321620 -0.382161
v 1.008057 0.330362 -0.355369
v 0.967427 0.310772 -0.320640
v -0.831726 -0.015385 -0.293393
v -0.866706 -0.016254 -0.268311
v -0.865480 -0.020057 -0.241677
v 0.831726 -0.015385 -0.293393
v 0.830283 -0.016988 -0.268906
v 0.865480 -0.020057 -0.241677
v -0.840492 0.008519 -0.308077
v -0.823676 -0.007336 -0.307099
v -0.820843 -0.007548 -0.284002
v 0.840491 0.008519 -0.308077
v 0.835662 0.008356 -0.284716
v 0.820843 -0.007548 -0.284002
v -0.832259 0.063868 -0.308207
v -0.843869 0.032546 -0.308239
v -0.838205 0.033279 -0.284981
v 0.832259 0.063868 -0.308207
v 0.827040 0.066243 -0.285467
v 0.838205 0.033279 -0.284981
v -0.781494 0.091657 -0.308064
v -0.810755 0.083481 -0.308167
v -0.806302 0.085096 -0.285467
v 0.781494 0.091657 -0.308064
v 0.776700 0.091397 -0.284985
v 0.806302 0.085096 -0.285467
v -0.822413 0.151678 -0.308147
v -0.785265 0.113772 -0.308064
v -0.780443 0.113654 -0.284822
v 0.822413 0.151678 -0.308147
v 0.817768 0.152335 -0.284871
v 0.780443 0.113654 -0.284822
v -0.879186 0.219544 -0.307107
v -0.854192 0.187221 -0.307720
v -0.850442 0.189201 -0.283507
v 0.879186 0.219544 -0.307107
v 0.877040 0.223449 -0.281023
v 0.850442 0.189201 -0.283507
v -0.936889 0.278176 -0.324457
v -0.906570 0.249879 -0.312519
v -0.904424 0.255696 -0.285417
v 0.936889 0.278176 -0.324457
v 0.933105 0.285829 -0.297243
v 0.904424 0.255696 -0.285417
v -0.725233 0.005968 -0.106600
v -0.721615 0.005475 -0.143262
v -0.720439 -0.009842 -0.157699
v 0.723037 0.024168 -0.166041
v 0.721615 0.005475 -0.143262
v 0.720439 -0.009842 -0.157699
v -0.789760 0.180911 -0.166426
v -0.745205 0.081920 -0.161110
v -0.755328 0.081918 -0.096984
v 0.789760 0.180911 -0.166426
v 0.812083 0.217060 -0.092230
v 0.755328 0.081918 -0.096984
v -0.831053 0.314033 -0.174580
v -0.832525 0.282461 -0.199044
v -0.818996 0.248233 -0.179325
v 0.831052 0.314034 -0.174580
v 0.837141 0.296873 -0.118027
v 0.818996 0.248233 -0.179325
v -0.924295 0.302431 -0.267010
v -0.893723 0.270324 -0.257056
v -0.873947 0.294220 -0.228260
v 0.924295 0.302431 -0.267010
v 0.909857 0.328349 -0.234799
v 0.873947 0.294220 -0.228260
v -0.865362 0.235636 -0.253638
v -0.838723 0.198315 -0.256103
v -0.819383 0.215823 -0.225223
v 0.865362 0.235636 -0.253638
v 0.843959 0.256866 -0.225330
v 0.819383 0.215823 -0.225223
v -0.768887 0.105557 -0.253369
v -0.750471 0.089857 -0.213661
v -0.787705 0.159732 -0.221113
v 0.768887 0.105557 -0.253369
v 0.806049 0.154614 -0.256001
v 0.787705 0.159732 -0.221113
v -0.806003 0.070522 -0.268561
v -0.809173 0.038548 -0.257332
v -0.757829 0.049065 -0.226261
v 0.806003 0.070522 -0.268561
v 0.769050 0.077440 -0.257438
v 0.757829 0.049065 -0.226262
v -0.794964 -0.007589 -0.247950
v -0.746056 -0.007778 -0.199925
v -0.749402 0.019539 -0.206573
v 0.794964 -0.007589 -0.247950
v 0.805165 0.012160 -0.250720
v 0.749402 0.019539 -0.206573
v -0.767937 -0.031299 -0.186444
v -0.809287 -0.021912 -0.232854
v -0.849367 -0.030636 -0.207498
v 0.767937 -0.031299 -0.186444
v 0.817768 -0.049060 -0.166590
v 0.849367 -0.030636 -0.207497
v -0.880836 0.374566 -0.226332
v -0.895310 0.352804 -0.220639
v -0.857630 0.316884 -0.212716
v 0.880836 0.374566 -0.226332
v 0.844908 0.337268 -0.212537
v 0.857630 0.316884 -0.212716
v -0.822621 0.218891 -0.023606
v -0.761455 0.068147 -0.032971
v -0.761331 0.040411 0.033808
v 0.822621 0.218891 -0.023606
v 0.819941 0.182437 0.035671
v 0.761331 0.040411 0.033808
v -0.720703 -0.059266 -0.159304
v -0.783588 -0.077807 -0.143701
v -0.748497 -0.115302 -0.141519
v 0.720703 -0.059266 -0.159304
v 0.669344 -0.103372 -0.156486
v 0.748497 -0.115302 -0.141519
v -0.718891 -0.018365 -0.069662
v -0.698681 -0.039956 -0.134688
v -0.653332 -0.082966 -0.114243
v 0.718891 -0.018365 -0.069662
v 0.703097 -0.049460 -0.017347
v 0.653332 -0.082966 -0.114243
v -1.001750 0.350850 -0.324200
v -0.960082 0.329327 -0.289430
v -0.950364 0.358134 -0.255429
v 1.001750 0.350850 -0.324200
v 0.996012 0.383403 -0.290281
v 0.950364 0.358134 -0.255429
v -1.141419 0.410848 -0.378417
v -1.136556 0.373714 -0.403971
v -1.060954 0.366047 -0.362815
v 1.141419 0.410848 -0.378417
v 1.060078 0.401469 -0.331764
v 1.060954 0.366047 -0.362815
v -1.238441 0.313273 -0.413089
v -1.224891 0.289426 -0.433063
v -1.191854 0.348262 -0.427469
v 1.238441 0.313273 -0.413089
v 1.201580 0.381551 -0.405659
v 1.191854 0.348262 -0.427469
v -1.217527 0.132160 -0.415651
v -1.204952 0.132959 -0.434692
v -1.229326 0.216937 -0.435505
v 1.217527 0.132160 -0.415651
v 1.243852 0.229289 -0.416467
v 1.229326 0.216937 -0.435504
v -1.076214 -0.000812 -0.344315
v -1.076171 0.015545 -0.371703
v -1.153540 0.065393 -0.413656
v 1.076214 -0.000812 -0.344315
v 1.161273 0.054971 -0.391807
v 1.153540 0.065393 -0.413656
v -0.890644 -0.050830 -0.197331
v -0.911623 -0.028765 -0.233498
v -0.994852 -0.015745 -0.310607
v 0.890644 -0.050830 -0.197331
v 0.985272 -0.036009 -0.278418
v 0.994852 -0.015745 -0.310607
v -0.851056 -0.112250 -0.180236
v -0.870136 -0.079089 -0.178837
v -0.978395 -0.062254 -0.265661
v 0.851057 -0.112250 -0.180236
v 0.974493 -0.093246 -0.274110
v 0.978395 -0.062254 -0.265661
v -1.093348 -0.047511 -0.347983
v -1.082033 -0.022174 -0.335954
v -1.178668 0.041421 -0.386354
v 1.093348 -0.047511 -0.347983
v 1.205038 0.025408 -0.398300
v 1.178668 0.041421 -0.386354
v -1.278117 0.124672 -0.422023
v -1.242246 0.129352 -0.411175
v -1.271481 0.239950 -0.411136
v 1.278117 0.124672 -0.422023
v 1.311023 0.248375 -0.420151
v 1.271481 0.239950 -0.411136
v -1.300789 0.355451 -0.417750
v -1.264116 0.335653 -0.407759
v -1.220602 0.413534 -0.401163
v 1.300789 0.355451 -0.417750
v 1.248106 0.442654 -0.414859
v 1.220602 0.413534 -0.401163
v -1.171121 0.479641 -0.387250
v -1.153118 0.446737 -0.372456
v -1.064005 0.435608 -0.322060
v 1.171121 0.479641 -0.387250
v 1.072447 0.466799 -0.335218
v 1.064005 0.435608 -0.322060
v -0.992614 0.414612 -0.278135
v -0.940212 0.385518 -0.242245
v -0.929704 0.410211 -0.251478
v 0.992614 0.414612 -0.278135
v 0.991474 0.442975 -0.289421
v 0.929705 0.410211 -0.251478
v -0.359993 0.019290 -0.624811
v -0.387585 -0.023210 -0.583138
v -0.435687 0.000709 -0.561751
v 0.361118 -0.086293 -0.559975
v 0.387585 -0.023210 -0.583138
v 0.435687 0.000709 -0.561751
v -0.410105 -0.172141 -0.303825
v -0.435249 -0.073103 -0.461985
v -0.363674 -0.149479 -0.468084
v 0.410105 -0.172141 -0.303825
v 0.340263 -0.236756 -0.323555
v 0.363674 -0.149479 -0.468084
v -0.590206 -0.035066 -0.385546
v -0.511095 -0.033210 -0.434432
v -0.484913 -0.127911 -0.278434
v 0.590206 -0.035066 -0.385546
v 0.566574 -0.105637 -0.246852
v 0.484913 -0.127911 -0.278434
v -0.403316 0.139646 -0.644744
v -0.480616 0.113777 -0.585399
v -0.544228 0.275263 -0.602876
v 0.403316 0.139646 -0.644744
v 0.464088 0.319884 -0.661176
v 0.544228 0.275263 -0.602876
v -0.621925 0.239009 -0.539135
v -0.557353 0.090827 -0.522492
v -0.635392 0.071582 -0.460477
v 0.621926 0.239009 -0.539135
v 0.699627 0.212182 -0.470067
v 0.635392 0.071582 -0.460477
v -0.357735 -0.131619 0.471522
v -0.283854 -0.164258 0.479095
v -0.245782 -0.168351 0.490901
v 0.249218 -0.195158 0.473783
v 0.283854 -0.164258 0.479095
v 0.245782 -0.168351 0.490901
v -0.249993 -0.281273 0.336882
v -0.278744 -0.281172 0.247096
v -0.246429 -0.333732 0.202569
v 0.341350 -0.227431 0.197916
v 0.278744 -0.281172 0.247096
v 0.246429 -0.333732 0.202569
v -0.364956 -0.181782 0.283626
v -0.267745 -0.238630 0.385769
v -0.268785 -0.208038 0.440867
v 0.364956 -0.181782 0.283626
v 0.374222 -0.146111 0.404420
v 0.268785 -0.208038 0.440867
v -0.626104 -0.063173 0.175334
v -0.486166 -0.122938 0.211747
v -0.480875 -0.089314 0.371302
v 0.626104 -0.063173 0.175334
v 0.584184 -0.037139 0.341159
v 0.480875 -0.089314 0.371303
v -0.578083 -0.124436 -0.110052
v -0.476429 -0.166689 -0.117301
v -0.484410 -0.150478 0.046680
v 0.578083 -0.124436 -0.110052
v 0.623269 -0.094484 0.023513
v 0.484410 -0.150478 0.046680
v -0.367840 -0.226857 0.056580
v -0.387461 -0.223614 -0.129996
v -0.310966 -0.294312 -0.147875
v 0.367840 -0.226857 0.056580
v 0.276817 -0.321027 0.055464
v 0.310966 -0.294312 -0.147875
v -0.806252 0.386543 -0.240552
v -0.798278 0.523588 -0.200651
v -0.790728 0.489510 -0.318870
v 0.806252 0.386543 -0.240552
v 0.787654 0.355499 -0.356752
v 0.790728 0.489510 -0.318870
v -0.808318 0.510490 0.024148
v -0.803873 0.531482 -0.085620
v -0.821470 0.396858 -0.137219
v 0.808318 0.510490 0.024148
v 0.834869 0.386127 -0.048562
v 0.821470 0.396858 -0.137219
v -0.772368 0.397964 0.216410
v -0.797515 0.465161 0.124775
v -0.835276 0.353195 0.029522
v 0.772368 0.397965 0.216410
v 0.823603 0.302717 0.096930
v 0.835276 0.353195 0.029522
v -0.766875 0.358658 0.306254
v -0.807612 0.264062 0.196966
v -0.788766 0.238588 0.328461
v 0.766875 0.358658 0.306254
v 0.781997 0.348576 0.394067
v 0.788766 0.238588 0.328462
v -0.017536 0.444543 0.599765
v -0.036812 0.479222 0.593847
v -0.076621 0.471928 0.602157
v 0.022972 0.523009 0.580644
v 0.036812 0.479222 0.593847
v 0.076621 0.471928 0.602157
v -0.141074 0.541474 0.547436
v -0.354629 0.536838 0.489449
v -0.376071 0.532375 0.541851
v 0.141074 0.541474 0.547436
v 0.183656 0.505224 0.579644
v 0.376071 0.532375 0.541851
v -0.364047 0.570081 0.577177
v -0.321749 0.643153 0.594635
v -0.224787 0.622897 0.609761
v 0.364047 0.570081 0.577177
v 0.211860 0.534295 0.600076
v 0.224787 0.622897 0.609761
v -0.113790 0.801166 0.337784
v -0.338539 0.777818 0.300183
v -0.341710 0.620090 0.409065
v 0.113790 0.801166 0.337784
v 0.115451 0.642011 0.466224
v 0.341710 0.620090 0.409065
v -0.508783 0.514459 0.428515
v -0.599757 0.475872 0.367072
v -0.619630 0.477333 0.460651
v 0.508783 0.514459 0.428515
v 0.523525 0.522331 0.502259
v 0.619630 0.477333 0.460651
v -0.592280 0.670742 0.156301
v -0.590602 0.541180 0.265591
v -0.500259 0.585992 0.340808
v 0.592280 0.670742 0.156301
v 0.498187 0.733974 0.238334
v 0.500259 0.585992 0.340808
v -0.593425 0.780351 -0.095928
v -0.593379 0.751857 0.035695
v -0.497271 0.828436 0.114473
v 0.593425 0.780351 -0.095928
v 0.497233 0.864542 -0.030242
v 0.497271 0.828436 0.114473
v -0.593265 0.740987 -0.360765
v -0.593425 0.777034 -0.228516
v -0.497233 0.865864 -0.177479
v 0.593265 0.740987 -0.360765
v 0.497229 0.831301 -0.326079
v 0.497233 0.865864 -0.177479
v -0.580747 0.449214 -0.565868
v -0.589440 0.631124 -0.474006
v -0.497127 0.713014 -0.468881
v 0.580747 0.449214 -0.565868
v 0.495622 0.512877 -0.602562
v 0.497127 0.713014 -0.468881
v -0.749970 0.500524 -0.401613
v -0.673343 0.559306 -0.452562
v -0.660886 0.396357 -0.515311
v 0.749970 0.500524 -0.401613
v 0.738066 0.356198 -0.448997
v 0.660886 0.396357 -0.515310
v -0.679121 0.660380 -0.358853
v -0.755626 0.589940 -0.319738
v -0.756306 0.628447 -0.199471
v 0.679121 0.660380 -0.358853
v 0.679362 0.697953 -0.235820
v 0.756306 0.628447 -0.199471
v -0.679362 0.703711 -0.111532
v -0.756530 0.634388 -0.077605
v -0.756174 0.608309 0.043761
v 0.679362 0.703711 -0.111532
v 0.679113 0.678514 0.012461
v 0.756174 0.608309 0.043761
v -0.673131 0.609605 0.130137
v -0.742929 0.550285 0.158059
v -0.718006 0.463516 0.264628
v 0.673131 0.609605 0.130137
v 0.662216 0.500612 0.241136
v 0.718006 0.463516 0.264628
v -0.669418 0.444094 0.343594
v -0.720325 0.418350 0.355448
v -0.750360 0.416386 0.430647
v 0.669418 0.444093 0.343594
v 0.694845 0.442197 0.437214
v 0.750360 0.416386 0.430647
v -0.114400 0.617923 -0.730625
v -0.340146 0.569965 -0.658328
v -0.338497 0.768760 -0.504384
v 0.114400 0.617923 -0.730625
v 0.113790 0.796707 -0.578447
v 0.338497 0.768760 -0.504384
v -0.113302 0.906937 -0.394609
v -0.337134 0.887046 -0.337656
v -0.337077 0.923339 -0.162119
v 0.113302 0.906937 -0.394609
v 0.113281 0.947964 -0.183411
v 0.337077 0.923339 -0.162119
v -0.113281 0.946906 0.010763
v -0.337077 0.920552 0.006115
v -0.337135 0.879604 0.165580
v 0.113281 0.946906 0.010763
v 0.113302 0.904153 0.185725
v 0.337135 0.879604 0.165580
v -0.092143 0.183950 -0.789358
v -0.274134 0.163076 -0.713328
v -0.318376 0.366230 -0.728172
v 0.092143 0.183950 -0.789358
v 0.107076 0.411950 -0.800937
v 0.318376 0.366230 -0.728172
v -0.796138 0.153548 0.144985
v -0.731078 0.029770 0.153138
v -0.675431 0.037059 0.317741
v 0.796138 0.153547 0.144985
v 0.753081 0.133811 0.302481
v 0.675431 0.037059 0.317741
v -0.219520 -0.323929 0.362677
v -0.207573 -0.370780 0.248207
v -0.196559 -0.390598 0.280979
v 0.219520 -0.323929 0.362677
v 0.219926 -0.354948 0.367511
v 0.196559 -0.390598 0.280979
v -0.046814 -0.460234 0.251072
v -0.138941 -0.426690 0.242242
v -0.151145 -0.413064 0.192259
v 0.046814 -0.460234 0.251072
v 0.050924 -0.447184 0.200260
v 0.151145 -0.413064 0.192259
v -0.058248 -0.421794 0.049462
v -0.174155 -0.386867 0.052326
v -0.204927 -0.347881 -0.171293
v 0.058248 -0.421794 0.049462
v 0.068746 -0.382228 -0.198825
v 0.204927 -0.347881 -0.171293
v -0.077047 -0.317408 -0.403090
v -0.229341 -0.285930 -0.357226
v -0.246568 -0.201085 -0.500542
v 0.077047 -0.317408 -0.403090
v 0.082865 -0.227202 -0.557336
v 0.246568 -0.201085 -0.500542
v -0.085307 -0.119739 -0.671187
v -0.253739 -0.104578 -0.604885
v -0.252307 0.006342 -0.671865
v 0.085307 -0.119739 -0.671187
v 0.084819 0.006134 -0.745494
v 0.252307 0.006342 -0.671865
v -0.377904 -0.140752 0.524779
v -0.377363 -0.123966 0.492256
v -0.263863 -0.158896 0.507754
v 0.377904 -0.140752 0.524779
v 0.263715 -0.168827 0.540238
v 0.263863 -0.158896 0.507754
v -0.210944 -0.189289 0.509272
v -0.215385 -0.217589 0.497194
v -0.221170 -0.228488 0.537708
v 0.210944 -0.189289 0.509272
v 0.211327 -0.197920 0.544612
v 0.221170 -0.228488 0.537708
v -0.258154 -0.332596 0.525247
v -0.235479 -0.311608 0.456468
v -0.247778 -0.354541 0.450457
v 0.258154 -0.332596 0.525247
v 0.279911 -0.388726 0.527630
v 0.247778 -0.354541 0.450457
v -0.232299 -0.258944 0.531442
v -0.222213 -0.245554 0.483101
v -0.227979 -0.274451 0.467299
v 0.232299 -0.258944 0.531442
v 0.242265 -0.289749 0.526467
v 0.227979 -0.274451 0.467299
v -0.259355 -0.419727 0.444862
v -0.270020 -0.507416 0.439620
v -0.315699 -0.586878 0.525542
v 0.259355 -0.419727 0.444862
v 0.299219 -0.473768 0.527874
v 0.315699 -0.586878 0.525542
v -0.182927 -0.432183 0.314385
v -0.165799 -0.497439 0.348815
v -0.219482 -0.477061 0.380396
v 0.182927 -0.432183 0.314385
v 0.220272 -0.405485 0.373146
v 0.219482 -0.477061 0.380396
v -0.184691 -0.793680 0.385701
v -0.198097 -0.887918 0.414085
v -0.276277 -0.871165 0.403459
v 0.184691 -0.793680 0.385701
v 0.259781 -0.774234 0.388046
v 0.276277 -0.871165 0.403459
v -0.227051 -0.566132 0.383142
v -0.162239 -0.584333 0.367390
v -0.172484 -0.691609 0.370584
v 0.227051 -0.566132 0.383142
v 0.243057 -0.671655 0.381658
v 0.172484 -0.691609 0.370584
v -0.283447 -0.603322 0.433089
v -0.299535 -0.706038 0.425522
v -0.339932 -0.792365 0.501968
v 0.283447 -0.603322 0.433089
v 0.329371 -0.693853 0.516774
v 0.339932 -0.792365 0.501968
v -0.312353 -0.798852 0.424098
v -0.319937 -0.879811 0.429284
v -0.330421 -0.912700 0.492877
v 0.312352 -0.798852 0.424098
v 0.340705 -0.865445 0.493790
v 0.330421 -0.912700 0.492877
v -0.285703 -0.926198 0.440446
v -0.207761 -0.942097 0.458030
v -0.213131 -0.955833 0.516643
v 0.285703 -0.926198 0.440446
v 0.287839 -0.942485 0.500628
v 0.213131 -0.955833 0.516643
v -0.125832 -0.956278 0.472882
v -0.041972 -0.969401 0.484019
v -0.043864 -0.976600 0.541955
v 0.125832 -0.956278 0.472882
v 0.131344 -0.967104 0.530702
v 0.043864 -0.976600 0.541955
v -0.118609 -0.905517 0.423077
v -0.109984 -0.815022 0.382466
v -0.036641 -0.835456 0.377109
v 0.118609 -0.905517 0.423077
v 0.039530 -0.922363 0.428599
v 0.036641 -0.835456 0.377109
v -0.102659 -0.713439 0.359049
v -0.097237 -0.603600 0.351704
v -0.032410 -0.620777 0.335310
v 0.102659 -0.713439 0.359049
v 0.034200 -0.733894 0.346185
v 0.032410 -0.620777 0.335310
v -0.104215 -0.519147 0.327758
v -0.123357 -0.461439 0.286391
v -0.041443 -0.490223 0.288506
v 0.104215 -0.519147 0.327758
v 0.034851 -0.539112 0.316511
v 0.041443 -0.490223 0.288506
v -0.567643 -0.033904 0.452548
v -0.479872 -0.082532 0.472139
v -0.483454 -0.102097 0.514424
v 0.567643 -0.033904 0.452548
v 0.577666 -0.051947 0.508937
v 0.483454 -0.102097 0.514424
v -0.742542 0.118715 0.404878
v -0.655473 0.032970 0.429619
v -0.671600 0.018183 0.486985
v 0.742542 0.118715 0.404878
v 0.764088 0.108755 0.450511
v 0.671600 0.018183 0.486985
v -0.804885 0.347335 0.467390
v -0.792876 0.224469 0.417675
v -0.818430 0.221487 0.463613
v 0.804885 0.347335 0.467390
v 0.832861 0.353265 0.525982
v 0.818430 0.221487 0.463613
v -0.717815 0.449623 0.517332
v -0.779596 0.422469 0.501041
v -0.805294 0.433872 0.566692
v 0.717815 0.449623 0.517332
v 0.736619 0.463015 0.583879
v 0.805294 0.433872 0.566692
v -0.536519 0.540472 0.571968
v -0.636252 0.488177 0.540770
v -0.648545 0.504458 0.607439
v 0.536519 0.540472 0.571968
v 0.543323 0.560843 0.638222
v 0.648545 0.504458 0.607439
v -0.368698 0.668829 0.620372
v -0.445150 0.601168 0.599570
v -0.448759 0.626537 0.665057
v 0.368698 0.668828 0.620372
v 0.365703 0.698987 0.687399
v 0.448759 0.626537 0.665057
v -0.222366 0.681552 0.647616
v -0.295890 0.695731 0.635963
v -0.285035 0.727654 0.704428
v 0.222366 0.681552 0.647616
v 0.206941 0.710229 0.716004
v 0.285035 0.727654 0.704428
v -0.122057 0.523695 0.647364
v -0.165658 0.624335 0.651387
v -0.144645 0.646508 0.719890
v 0.122057 0.523695 0.647364
v 0.098237 0.540072 0.716307
v 0.144645 0.646508 0.719890
v -0.023952 0.428806 0.639936
v -0.072787 0.457446 0.643536
v -0.056509 0.469902 0.712360
v 0.023952 0.428806 0.639936
v 0.018778 0.439190 0.708540
v 0.056509 0.469902 0.712360
v -0.192017 0.210612 0.757365
v -0.197083 0.182231 0.756449
v -0.188150 0.175435 0.768674
v 0.192017 0.210612 0.757365
v 0.181212 0.205730 0.771385
v 0.188150 0.175435 0.768674
v -0.191284 0.278748 0.762146
v -0.190063 0.242839 0.759318
v -0.179177 0.239930 0.773359
v 0.191284 0.278748 0.762146
v 0.182072 0.277874 0.774434
v 0.179177 0.239930 0.773359
v -0.219381 0.346415 0.763713
v -0.201050 0.313416 0.763611
v -0.191817 0.315532 0.774983
v 0.219381 0.346415 0.763713
v 0.208475 0.352436 0.775004
v 0.191817 0.315532 0.774983
v -0.209290 0.156352 0.757914
v -0.229533 0.132874 0.761292
v -0.221721 0.125018 0.772362
v 0.209290 0.156352 0.757914
v 0.201354 0.148580 0.769142
v 0.221721 0.125018 0.772362
v -0.273478 0.110901 0.754944
v -0.340332 0.091105 0.738871
v -0.338358 0.080264 0.747109
v 0.273478 0.110901 0.754944
v 0.267640 0.102008 0.765017
v 0.338358 0.080264 0.747109
v -0.396973 0.089152 0.724711
v -0.442383 0.105611 0.712789
v -0.448244 0.096541 0.719933
v 0.396973 0.089152 0.724711
v 0.398925 0.078250 0.731973
v 0.448244 0.096541 0.719934
v -0.487305 0.137349 0.698629
v -0.531372 0.183411 0.682495
v -0.545084 0.175716 0.686987
v 0.487305 0.137349 0.698629
v 0.497113 0.129337 0.704837
v 0.545084 0.175716 0.686987
v -0.555786 0.225891 0.674683
v -0.560221 0.263957 0.675354
v -0.576068 0.264874 0.681623
v 0.555786 0.225891 0.674683
v 0.571512 0.221187 0.679195
v 0.576068 0.264874 0.681623
v -0.556315 0.297160 0.677795
v -0.543884 0.325643 0.682312
v -0.559510 0.332460 0.689652
v 0.556315 0.297160 0.677795
v 0.572141 0.301983 0.685020
v 0.559510 0.332460 0.689652
v -0.507263 0.352987 0.702332
v -0.447225 0.379049 0.737000
v -0.454163 0.384315 0.746897
v 0.507263 0.352987 0.702332
v 0.519898 0.359885 0.710587
v 0.454163 0.384315 0.746897
v -0.396444 0.397115 0.754089
v -0.356201 0.406942 0.753133
v -0.357117 0.416891 0.758681
v 0.396444 0.397115 0.754089
v 0.399434 0.403398 0.763071
v 0.357117 0.416891 0.758681
v -0.322022 0.409871 0.756063
v -0.293518 0.405904 0.763468
v -0.290405 0.417826 0.767211
v 0.322021 0.409871 0.756063
v 0.320943 0.421754 0.759800
v 0.290405 0.417826 0.767211
v -0.266663 0.393697 0.766398
v -0.241353 0.373271 0.764689
v -0.231485 0.382262 0.774068
v 0.266663 0.393697 0.766398
v 0.260579 0.404643 0.772074
v 0.231485 0.382262 0.774068
v -0.250285 0.421204 0.771646
v -0.216450 0.396829 0.776428
v -0.196058 0.417074 0.772667
v 0.250285 0.421204 0.771646
v 0.235558 0.444100 0.766171
v 0.196058 0.417074 0.772667
v -0.317525 0.439271 0.757786
v -0.284017 0.435364 0.765319
v -0.274152 0.459603 0.758928
v 0.317525 0.439271 0.757786
v 0.311645 0.463596 0.751162
v 0.274152 0.459603 0.758928
v -0.401957 0.416623 0.756825
v -0.356628 0.432944 0.755202
v -0.354674 0.456190 0.743899
v 0.401957 0.416623 0.756825
v 0.403996 0.437642 0.736667
v 0.354674 0.456190 0.743899
v -0.533957 0.370099 0.705644
v -0.461568 0.395586 0.740162
v -0.469568 0.413451 0.718072
v 0.533957 0.370099 0.705644
v 0.549800 0.383943 0.688578
v 0.469568 0.413451 0.718072
v -0.592588 0.307314 0.679670
v -0.577963 0.340720 0.685197
v -0.599726 0.350740 0.669799
v 0.592588 0.307314 0.679670
v 0.618145 0.313730 0.662352
v 0.599726 0.350740 0.669799
v -0.591430 0.217790 0.673315
v -0.597003 0.266298 0.675784
v -0.623536 0.268828 0.658161
v 0.591430 0.217790 0.673315
v 0.616094 0.216070 0.657052
v 0.623536 0.268829 0.658161
v -0.507896 0.117659 0.697554
v -0.561584 0.167924 0.680619
v -0.581589 0.160305 0.663278
v 0.507896 0.117659 0.697554
v 0.520635 0.102615 0.676737
v 0.581589 0.160305 0.663278
v -0.400858 0.061790 0.725625
v -0.454144 0.081933 0.712650
v -0.460983 0.061985 0.690958
v 0.400858 0.061790 0.725625
v 0.403240 0.039721 0.705739
v 0.460983 0.061985 0.690958
v -0.260418 0.091652 0.760643
v -0.335896 0.065269 0.741738
v -0.332988 0.045520 0.723114
v 0.260418 0.091652 0.760643
v 0.251444 0.078418 0.742673
v 0.332988 0.045520 0.723114
v -0.191527 0.140808 0.768145
v -0.212057 0.117104 0.769452
v -0.199747 0.107552 0.753395
v 0.191527 0.140808 0.768145
v 0.178583 0.131956 0.755224
v 0.199747 0.107552 0.753395
v -0.190999 0.363096 0.778341
v -0.174260 0.320476 0.777445
v -0.147790 0.328481 0.771746
v 0.190999 0.363097 0.778341
v 0.166640 0.378337 0.774518
v 0.147790 0.328481 0.771745
v -0.165003 0.278423 0.776407
v -0.163105 0.237509 0.775292
v -0.140928 0.235732 0.765545
v 0.165003 0.278423 0.776407
v 0.139286 0.280711 0.768694
v 0.140928 0.235732 0.765544
v -0.167092 0.200868 0.772830
v -0.176859 0.168640 0.769142
v -0.161880 0.161253 0.757950
v 0.167092 0.200868 0.772830
v 0.148557 0.195876 0.761943
v 0.161880 0.161253 0.757950
v -0.084390 -0.778849 0.655411
v -0.078008 -0.804740 0.646042
v -0.062322 -0.827506 0.640437
v 0.085511 -0.808576 0.645309
v 0.078008 -0.804740 0.646042
v 0.062322 -0.827506 0.640437
v -0.060510 -0.783066 0.654991
v -0.043960 -0.828916 0.640952
v -0.014771 -0.835424 0.640037
v 0.060510 -0.783066 0.654991
v 0.020386 -0.794703 0.652362
v 0.014771 -0.835424 0.640037
v -0.068982 -0.757768 0.677785
v -0.023315 -0.771632 0.674376
v -0.023478 -0.766883 0.704731
v 0.068982 -0.757768 0.677785
v 0.069457 -0.752934 0.708170
v 0.023478 -0.766883 0.704731
v -0.092907 -0.798067 0.664328
v -0.092400 -0.766233 0.674470
v -0.092956 -0.763696 0.705667
v 0.092907 -0.798067 0.664327
v 0.093484 -0.799516 0.697046
v 0.092956 -0.763696 0.705667
v -0.058808 -0.844318 0.650334
v -0.081644 -0.823989 0.656313
v -0.081765 -0.829342 0.687789
v 0.058808 -0.844318 0.650334
v 0.058776 -0.851685 0.678362
v 0.081765 -0.829342 0.687789
v -0.011841 -0.860448 0.647320
v -0.035504 -0.856264 0.647476
v -0.035277 -0.864849 0.673520
v 0.011841 -0.860448 0.647320
v 0.011759 -0.868978 0.673281
v 0.035277 -0.864849 0.673520
v -0.012736 -0.876791 0.687481
v -0.038187 -0.872641 0.688656
v -0.044547 -0.880803 0.691347
v 0.012736 -0.876790 0.687481
v 0.014872 -0.884988 0.688532
v 0.044547 -0.880803 0.691347
v -0.063150 -0.858989 0.694475
v -0.087095 -0.835568 0.704859
v -0.098495 -0.843692 0.705791
v 0.063150 -0.858989 0.694475
v 0.072623 -0.867192 0.697125
v 0.098495 -0.843692 0.705791
v -0.098814 -0.801836 0.714604
v -0.097330 -0.759485 0.723266
v -0.107219 -0.753940 0.726057
v 0.098814 -0.801836 0.714604
v 0.110356 -0.805362 0.715536
v 0.107219 -0.753940 0.726057
v -0.072367 -0.746281 0.726257
v -0.024455 -0.761919 0.723733
v -0.026347 -0.755325 0.730857
v 0.072367 -0.746281 0.726257
v 0.078241 -0.736654 0.731530
v 0.026347 -0.755325 0.730857
v -0.207437 -0.226840 0.602934
v -0.172544 -0.213616 0.690448
v -0.157057 -0.154585 0.726118
v 0.207437 -0.226840 0.602934
v 0.193932 -0.185998 0.617875
v 0.157057 -0.154585 0.726118
v -0.194990 -0.295861 0.670637
v -0.186033 -0.260573 0.671425
v -0.221007 -0.263644 0.594715
v 0.194990 -0.295861 0.670637
v 0.232031 -0.296707 0.594298
v 0.221007 -0.263644 0.594715
v -0.226788 -0.411842 0.673463
v -0.208500 -0.345666 0.671655
v -0.249385 -0.344437 0.596983
v 0.226788 -0.411842 0.673463
v 0.273096 -0.408380 0.602256
v 0.249385 -0.344437 0.596983
v -0.161625 -0.341841 0.718041
v -0.172263 -0.411719 0.718852
v -0.111665 -0.408882 0.738139
v 0.161625 -0.341841 0.718041
v 0.110335 -0.333785 0.735669
v 0.111665 -0.408882 0.738139
v -0.154640 -0.254673 0.719704
v -0.155928 -0.290083 0.718001
v -0.116743 -0.279782 0.736028
v 0.154640 -0.254673 0.719704
v 0.128504 -0.246410 0.739004
v 0.116743 -0.279782 0.736028
v -0.127862 -0.145369 0.772471
v -0.145546 -0.206740 0.738238
v -0.127832 -0.206676 0.745617
v 0.127862 -0.145369 0.772471
v 0.113792 -0.160231 0.755310
v 0.127832 -0.206676 0.745616
v -0.030924 -0.030436 0.747688
v -0.089634 -0.084354 0.776411
v -0.080081 -0.125482 0.754863
v 0.030924 -0.030436 0.747688
v 0.027174 -0.103863 0.744591
v 0.080081 -0.125482 0.754863
v -0.075102 -0.230172 0.821554
v -0.064030 -0.250282 0.810322
v -0.021606 -0.260815 0.810547
v 0.075102 -0.230172 0.821554
v 0.025553 -0.226709 0.821860
v 0.021606 -0.260815 0.810547
v -0.051046 -0.165402 0.815951
v -0.081602 -0.171136 0.815951
v -0.081043 -0.203561 0.823487
v 0.051046 -0.165402 0.815951
v 0.036085 -0.194408 0.823542
v 0.081043 -0.203561 0.823487
v -0.098309 -0.257303 0.791524
v -0.089197 -0.249054 0.804157
v -0.105579 -0.233387 0.814251
v 0.098309 -0.257303 0.791524
v 0.116762 -0.236311 0.799785
v 0.105579 -0.233387 0.814251
v -0.120668 -0.204207 0.800294
v -0.109567 -0.206775 0.815695
v -0.101262 -0.169908 0.808410
v 0.120668 -0.204207 0.800294
v 0.110126 -0.161780 0.793029
v 0.101262 -0.169908 0.808410
v -0.088642 -0.137956 0.789143
v -0.084145 -0.149529 0.804639
v -0.057930 -0.145531 0.804639
v 0.088642 -0.137956 0.789143
v 0.057072 -0.133930 0.789143
v 0.057930 -0.145531 0.804639
v -0.030766 -0.147073 0.793029
v -0.034289 -0.157352 0.808410
v -0.011997 -0.184073 0.815797
v 0.030766 -0.147073 0.793029
v 0.010173 -0.175296 0.800315
v 0.011997 -0.184073 0.815797
v -0.020630 -0.285351 0.798828
v -0.061277 -0.266171 0.799010
v -0.066652 -0.278726 0.787130
v 0.020630 -0.285351 0.798828
v 0.022400 -0.300134 0.786947
v 0.066652 -0.278726 0.787130
v -0.022888 -0.309899 0.771322
v -0.068117 -0.288390 0.771464
v -0.065542 -0.296560 0.752474
v 0.022888 -0.309899 0.771322
v 0.021973 -0.316291 0.752441
v 0.065542 -0.296560 0.752474
v -0.008023 -0.151111 0.755265
v -0.022241 -0.145120 0.774942
v -0.007243 -0.173343 0.781313
v 0.008023 -0.151111 0.755265
v 0.002441 -0.177592 0.760139
v 0.007243 -0.173343 0.781313
v -0.079694 -0.142327 0.752950
v -0.087055 -0.136023 0.771545
v -0.049036 -0.131977 0.771545
v 0.079694 -0.142327 0.752950
v 0.034220 -0.137738 0.752532
v 0.049036 -0.131977 0.771545
v -0.120895 -0.205761 0.759431
v -0.124045 -0.203800 0.781312
v -0.112445 -0.160335 0.774942
v 0.120895 -0.205761 0.759431
v 0.109011 -0.165358 0.755351
v 0.112445 -0.160335 0.774942
v -0.098019 -0.270607 0.754576
v -0.100750 -0.264526 0.774882
v -0.120139 -0.238834 0.781292
v 0.098019 -0.270607 0.754576
v 0.117171 -0.241100 0.759166
v 0.120139 -0.238834 0.781292
v -0.028687 -0.697862 0.734538
v -0.086311 -0.695205 0.733987
v -0.083822 -0.720181 0.733626
v 0.028687 -0.697862 0.734538
v 0.027812 -0.734533 0.734234
v 0.083822 -0.720181 0.733626
v -0.026733 -0.620958 0.738444
v -0.022095 -0.505568 0.745850
v -0.066743 -0.506376 0.745422
v 0.026733 -0.620958 0.738444
v 0.080472 -0.623529 0.737974
v 0.066743 -0.506376 0.745422
v -0.060863 -0.409838 0.747416
v -0.020142 -0.414503 0.747803
v -0.020996 -0.350715 0.744629
v 0.060863 -0.409838 0.747416
v 0.063229 -0.337121 0.744281
v 0.020996 -0.350715 0.744629
v -0.149727 -0.703038 0.720763
v -0.218544 -0.721233 0.694150
v -0.223293 -0.770731 0.685244
v 0.149727 -0.703038 0.720762
v 0.149272 -0.732612 0.717438
v 0.223293 -0.770731 0.685244
v -0.206398 -0.633892 0.703814
v -0.140470 -0.627944 0.726703
v -0.121939 -0.507861 0.735168
v 0.206398 -0.633892 0.703814
v 0.187359 -0.509864 0.714112
v 0.121939 -0.507861 0.735169
v -0.220384 -0.819498 0.673627
v -0.209646 -0.868394 0.659524
v -0.147486 -0.827701 0.697083
v 0.220384 -0.819498 0.673627
v 0.149068 -0.773627 0.709497
v 0.147486 -0.827701 0.697083
v -0.187592 -0.899217 0.651345
v -0.153804 -0.911820 0.649290
v -0.103141 -0.884872 0.681948
v 0.187592 -0.899217 0.651345
v 0.132206 -0.865055 0.687826
v 0.103141 -0.884872 0.681948
v -0.102596 -0.921178 0.649331
v -0.034444 -0.927797 0.651123
v -0.022196 -0.902037 0.676285
v 0.102596 -0.921178 0.649331
v 0.066276 -0.897018 0.678123
v 0.022196 -0.902037 0.676285
v -0.035217 0.176158 0.755978
v -0.104551 0.187474 0.756145
v -0.116246 0.140257 0.748469
v 0.035217 0.176158 0.755978
v 0.039842 0.106676 0.741429
v 0.116246 0.140257 0.748469
v -0.097410 0.237584 0.765117
v -0.032776 0.242808 0.774126
v -0.032477 0.306714 0.794854
v 0.097410 0.237584 0.765117
v 0.095055 0.290314 0.774960
v 0.032477 0.306714 0.794854
v -0.107466 0.341990 0.782895
v -0.054294 0.361307 0.809950
v -0.096342 0.405445 0.819479
v 0.107466 0.341990 0.782895
v 0.134820 0.392375 0.788658
v 0.096342 0.405445 0.819479
v -0.120904 -0.020077 0.776560
v -0.068814 0.039435 0.748868
v -0.137344 0.098265 0.748672
v 0.120904 -0.020077 0.776560
v 0.169087 0.061695 0.755857
v 0.137344 0.098265 0.748673
v -0.331015 0.011726 0.712087
v -0.330527 -0.035879 0.707545
v -0.209025 -0.045542 0.761898
v 0.331015 0.011726 0.712087
v 0.233967 0.032561 0.743670
v 0.209025 -0.045542 0.761898
v -0.488531 0.046340 0.669087
v -0.535996 0.034492 0.647059
v -0.440187 -0.009044 0.668727
v 0.488531 0.046340 0.669087
v 0.416403 0.016182 0.686900
v 0.440187 -0.009044 0.668727
v -0.618210 0.158901 0.642851
v -0.671031 0.162947 0.618868
v -0.613103 0.092008 0.630458
v 0.618210 0.158901 0.642851
v 0.555995 0.094293 0.654377
v 0.613103 0.092008 0.630458
v -0.662009 0.285166 0.647459
v -0.712311 0.314922 0.643357
v -0.704071 0.237817 0.623181
v 0.662009 0.285166 0.647459
v 0.653692 0.222967 0.640532
v 0.704071 0.237817 0.623181
v -0.632726 0.368115 0.673522
v -0.676412 0.392949 0.695422
v -0.703359 0.366456 0.667629
v 0.632726 0.368115 0.673522
v 0.655152 0.333485 0.658486
v 0.703359 0.366456 0.667629
v -0.480493 0.445129 0.724582
v -0.494513 0.490021 0.758526
v -0.606181 0.433884 0.725878
v 0.480493 0.445129 0.724582
v 0.574010 0.405224 0.695719
v 0.606181 0.433884 0.725878
v -0.351236 0.504815 0.759870
v -0.346680 0.578043 0.801495
v -0.407334 0.538645 0.783836
v 0.351236 0.504815 0.759870
v 0.405644 0.478596 0.746107
v 0.407334 0.538645 0.783836
v -0.240341 0.583079 0.822064
v -0.291382 0.593200 0.814190
v -0.302835 0.515150 0.770551
v 0.240341 0.583079 0.822064
v 0.259524 0.509082 0.778419
v 0.302835 0.515150 0.770551
v -0.141915 0.465300 0.824708
v -0.190537 0.539866 0.825563
v -0.215558 0.483814 0.784685
v 0.141915 0.465300 0.824708
v 0.171075 0.439901 0.789248
v 0.215558 0.483814 0.784685
v -0.069446 0.428475 0.813681
v -0.023770 0.391241 0.804606
v -0.018290 0.427105 0.764286
v 0.069446 0.428475 0.813681
v 0.055105 0.460523 0.769936
v 0.018290 0.427105 0.764286
v -0.166814 0.591258 0.824017
v -0.116972 0.496143 0.820374
v -0.097321 0.531181 0.774860
v 0.166814 0.591258 0.824017
v 0.145499 0.635807 0.778504
v 0.097321 0.531181 0.774860
v -0.284017 0.661173 0.812685
v -0.222478 0.647166 0.821494
v -0.206819 0.698551 0.775107
v 0.284017 0.661173 0.812685
v 0.281149 0.716037 0.764466
v 0.206819 0.698551 0.775107
v -0.418504 0.587148 0.777529
v -0.349080 0.640645 0.798036
v -0.358399 0.689812 0.747926
v 0.418504 0.587148 0.777529
v 0.438709 0.621959 0.725583
v 0.358399 0.689812 0.747926
v -0.630758 0.464849 0.716581
v -0.513007 0.527781 0.750266
v -0.535226 0.556753 0.698260
v 0.630758 0.464849 0.716581
v 0.646775 0.496747 0.666440
v 0.535226 0.556753 0.698260
v -0.750885 0.397686 0.654588
v -0.710755 0.421962 0.684659
v -0.734361 0.453840 0.639950
v 0.750885 0.397686 0.654588
v 0.795711 0.425734 0.618145
v 0.734361 0.453840 0.639950
v -0.755707 0.239078 0.582247
v -0.765696 0.336874 0.620062
v -0.819861 0.350010 0.576946
v 0.755707 0.239078 0.582247
v 0.806365 0.226716 0.518178
v 0.819861 0.350010 0.576946
v -0.652125 0.070544 0.592575
v -0.717784 0.149560 0.573051
v -0.756418 0.119355 0.506053
v 0.652125 0.070544 0.592575
v 0.671294 0.030817 0.540716
v 0.756418 0.119355 0.506053
v -0.460736 -0.044872 0.628281
v -0.566228 0.005704 0.611130
v -0.577850 -0.038824 0.561204
v 0.460736 -0.044872 0.628281
v 0.477147 -0.089808 0.565998
v 0.577850 -0.038824 0.561204
v -0.214274 -0.109758 0.717349
v -0.342287 -0.082937 0.664169
v -0.365738 -0.127487 0.582702
v 0.214274 -0.109758 0.717349
v 0.246808 -0.152998 0.611059
v 0.365738 -0.127487 0.582702
v -0.314112 -0.630295 0.600229
v -0.265053 -0.635255 0.661680
v -0.245790 -0.509010 0.670187
v 0.314112 -0.630295 0.600229
v 0.294845 -0.504164 0.603477
v 0.245790 -0.509009 0.670187
v -0.335415 -0.825528 0.573176
v -0.286098 -0.802856 0.637047
v -0.278664 -0.733827 0.650551
v 0.335415 -0.825528 0.573176
v 0.327784 -0.738246 0.589996
v 0.278664 -0.733827 0.650551
v -0.311806 -0.919780 0.554420
v -0.265188 -0.899746 0.611754
v -0.281724 -0.857970 0.623965
v 0.311806 -0.919780 0.554420
v 0.330329 -0.885912 0.561091
v 0.281724 -0.857970 0.623965
v -0.207028 -0.952903 0.567974
v -0.188900 -0.934850 0.611164
v -0.234344 -0.925197 0.607481
v 0.207028 -0.952903 0.567974
v 0.270688 -0.941752 0.556801
v 0.234345 -0.925197 0.607481
v -0.043864 -0.969845 0.587935
v -0.041768 -0.950706 0.621663
v -0.124507 -0.943232 0.616087
v 0.043864 -0.969845 0.587935
v 0.131100 -0.962221 0.578614
v 0.124508 -0.943232 0.616087
v -0.388861 0.258241 0.810455
v -0.424343 0.273391 0.794250
v -0.449477 0.257418 0.783928
v 0.433644 0.304156 0.787885
v 0.424343 0.273391 0.794250
v 0.449477 0.257418 0.783928
v -0.367543 0.280792 0.815733
v -0.382751 0.317555 0.804632
v -0.413445 0.325593 0.792915
v 0.366793 0.345063 0.804468
v 0.382751 0.317555 0.804632
v 0.413445 0.325593 0.792915
v -0.336971 0.280793 0.822313
v -0.322982 0.317555 0.817607
v -0.337772 0.345063 0.810762
v 0.294728 0.325593 0.818590
v 0.322982 0.317555 0.817607
v 0.337772 0.345063 0.810762
v -0.315652 0.258241 0.825125
v -0.281397 0.273391 0.822839
v -0.274556 0.304156 0.821118
v 0.255174 0.257418 0.821294
v 0.281397 0.273391 0.822839
v 0.274556 0.304156 0.821118
v -0.315652 0.227600 0.825125
v -0.281397 0.213607 0.822839
v -0.255174 0.228397 0.821294
v 0.274556 0.185353 0.821118
v 0.281397 0.213607 0.822839
v 0.255174 0.228397 0.821294
v -0.336971 0.206281 0.822313
v -0.322982 0.172022 0.817607
v -0.294728 0.165181 0.818590
v 0.337772 0.145799 0.810762
v 0.322982 0.172022 0.817607
v 0.294728 0.165181 0.818590
v -0.366793 0.145799 0.804468
v -0.382751 0.172022 0.804632
v -0.413445 0.165181 0.792915
v 0.367543 0.206281 0.815733
v 0.382751 0.172022 0.804632
v 0.413445 0.165181 0.792915
v -0.388861 0.227600 0.810455
v -0.424343 0.213607 0.794250
v -0.433644 0.185353 0.787885
v 0.449477 0.228397 0.783928
v 0.424343 0.213607 0.794250
v 0.433644 0.185353 0.787885
v -0.449630 0.180142 0.775774
v -0.465189 0.221568 0.771900
v -0.463209 0.222045 0.763124
v 0.449630 0.180142 0.775774
v 0.447485 0.182011 0.767010
v 0.463209 0.222045 0.763124
v -0.374270 0.132131 0.793448
v -0.419291 0.150310 0.782979
v -0.417436 0.153386 0.773439
v 0.374270 0.132131 0.793448
v 0.373799 0.136788 0.782225
v 0.417436 0.153386 0.773439
v -0.289517 0.150310 0.810269
v -0.330943 0.132131 0.802581
v -0.331420 0.136788 0.790607
v 0.289517 0.150310 0.810270
v 0.291386 0.153386 0.798319
v 0.331420 0.136788 0.790607
v -0.241506 0.221568 0.814286
v -0.259685 0.180142 0.814125
v -0.262761 0.182011 0.802245
v 0.241506 0.221568 0.814286
v 0.246163 0.222045 0.802409
v 0.262761 0.182011 0.802245
v -0.259685 0.309975 0.814125
v -0.241506 0.264895 0.814286
v -0.246163 0.264424 0.802409
v 0.259685 0.309975 0.814125
v 0.262761 0.308082 0.802245
v 0.246163 0.264424 0.802409
v -0.330943 0.359995 0.802581
v -0.289517 0.341736 0.810269
v -0.291386 0.338640 0.798319
v 0.330943 0.359995 0.802581
v 0.331420 0.355318 0.790607
v 0.291386 0.338640 0.798319
v -0.419291 0.341736 0.782979
v -0.374270 0.359995 0.793448
v -0.373799 0.355318 0.782225
v 0.419291 0.341736 0.782979
v 0.417436 0.338640 0.773439
v 0.373799 0.355318 0.782225
v -0.465189 0.264895 0.771900
v -0.449630 0.309975 0.775774
v -0.447485 0.308082 0.767010
v 0.465189 0.264895 0.771900
v 0.463209 0.264424 0.763124
v 0.447485 0.308082 0.767010
v -0.497030 0.340861 0.703451
v -0.523970 0.275372 0.696796
v -0.482578 0.267821 0.738263
v 0.497030 0.340861 0.703451
v 0.463049 0.318254 0.743084
v 0.482578 0.267821 0.738263
v -0.552572 0.378744 0.601786
v -0.589274 0.288147 0.594076
v -0.559859 0.282208 0.648497
v 0.552572 0.378744 0.601786
v 0.527140 0.361206 0.656128
v 0.559859 0.282208 0.648497
v -0.397461 0.479899 0.633219
v -0.488119 0.443197 0.614970
v -0.470581 0.417765 0.668294
v 0.397461 0.479899 0.633219
v 0.391562 0.450484 0.684592
v 0.470581 0.417765 0.668294
v -0.384746 0.414595 0.727092
v -0.450236 0.387655 0.713664
v -0.427628 0.353695 0.750490
v 0.384746 0.414595 0.727092
v 0.377196 0.373262 0.760252
v 0.427628 0.353695 0.750490
v -0.254394 0.387655 0.749858
v -0.318930 0.414595 0.739279
v -0.327493 0.373262 0.769611
v 0.254394 0.387655 0.749858
v 0.279769 0.353695 0.778279
v 0.327493 0.373262 0.769611
v -0.215007 0.443197 0.664307
v -0.305664 0.479899 0.649821
v -0.311585 0.450484 0.699220
v 0.215007 0.443197 0.664307
v 0.232604 0.417765 0.711752
v 0.311585 0.450484 0.699220
v -0.113851 0.288147 0.676148
v -0.150553 0.378744 0.673096
v -0.176065 0.361206 0.718608
v 0.113851 0.288147 0.676148
v 0.143348 0.282208 0.719827
v 0.176065 0.361206 0.718608
v -0.181190 0.275372 0.755512
v -0.208109 0.340861 0.755250
v -0.245772 0.318254 0.782694
v 0.181190 0.275372 0.755512
v 0.226266 0.267821 0.782878
v 0.245772 0.318254 0.782694
v -0.208109 0.145079 0.755250
v -0.181190 0.209576 0.755512
v -0.226266 0.218118 0.782878
v 0.208109 0.145079 0.755250
v 0.245772 0.170394 0.782694
v 0.226266 0.218118 0.782878
v -0.150553 0.109965 0.673096
v -0.113851 0.197815 0.676147
v -0.143348 0.202740 0.719827
v 0.150553 0.109965 0.673096
v 0.176065 0.124734 0.718609
v 0.143348 0.202740 0.719827
v -0.305664 0.010335 0.649821
v -0.215007 0.046977 0.664307
v -0.232604 0.068704 0.711752
v 0.305664 0.010335 0.649821
v 0.311585 0.036007 0.699220
v 0.232604 0.068704 0.711752
v -0.318930 0.071896 0.739279
v -0.254394 0.098814 0.749859
v -0.279769 0.136397 0.778279
v 0.318930 0.071896 0.739279
v 0.327493 0.116891 0.769611
v 0.279769 0.136397 0.778279
v -0.450236 0.098814 0.713664
v -0.384746 0.071896 0.727092
v -0.377196 0.116891 0.760252
v 0.450236 0.098814 0.713664
v 0.427628 0.136397 0.750490
v 0.377196 0.116891 0.760252
v -0.488119 0.046977 0.614970
v -0.397461 0.010335 0.633219
v -0.391562 0.036007 0.684592
v 0.488119 0.046977 0.614970
v 0.470581 0.068704 0.668294
v 0.391562 0.036007 0.684592
v -0.589274 0.197815 0.594076
v -0.552572 0.109965 0.601786
v -0.527140 0.124734 0.656128
v 0.589274 0.197815 0.594076
v 0.559859 0.202740 0.648497
v 0.527140 0.124734 0.656128
v -0.523970 0.209576 0.696796
v -0.497030 0.145079 0.703451
v -0.463049 0.170394 0.743084
v 0.523970 0.209576 0.696796
v 0.482578 0.218118 0.738263
v 0.463049 0.170394 0.743084
s 0
f 5958 5955 1980
f 5958 1983 5959
f 5959 3 2989
f 5955 2989 511
f 1979 5960 5951
f 5954 1987 5960
f 5960 48 2993
f 5951 2993 515
f 1978 5961 5947
f 5950 1990 5961
f 5961 5 2996
f 5947 2996 518
f 1977 5962 5943
f 5946 2990 5962
f 5962 46 2999
f 5943 2999 521
f 1976 5963 5939
f 5942 1996 5963
f 5963 7 3002
f 5939 3002 524
f 1975 5964 5935
f 5938 2000 5964
f 5964 4 1993
f 5935 1993 520
f 1974 5965 5931
f 5934 2002 5965
f 5965 9 1995
f 5931 1995 522
f 1973 5966 5927
f 5930 2004 5966
f 5966 2 1986
f 5927 1986 513
f 1972 5967 5923
f 533 5967 5926
f 5967 15 3012
f 5923 3012 534
f 1971 5968 5919
f 5922 2010 5968
f 5968 12 2003
f 5919 2003 530
f 1970 5969 5915
f 5918 2011 5969
f 5969 17 3017
f 5915 3017 539
f 1969 5970 5911
f 5914 3013 5970
f 5970 10 1999
f 5911 1999 526
f 5910 5907 1968
f 543 5971 5910
f 2016 3022 5971
f 5971 544 5907
f 1967 5972 5903
f 5906 2020 5972
f 5972 16 2014
f 5903 2014 541
f 5902 5899 1966
f 549 5973 5902
f 2022 2015 5973
f 5973 542 5899
f 1965 5974 5895
f 5898 2024 5974
f 5974 14 2009
f 5895 2009 536
f 5894 5891 1964
f 553 5975 5894
f 2026 3032 5975
f 5975 554 5891
f 1963 5976 5887
f 5890 2030 5976
f 5976 24 2023
f 5887 2023 550
f 5886 5883 1962
f 558 5977 5886
f 2031 3037 5977
f 5977 559 5883
f 1961 5978 5879
f 5882 3033 5978
f 5978 22 2019
f 5879 2019 546
f 5878 5875 1960
f 563 5979 5878
f 2036 3042 5979
f 5979 564 5875
f 5874 5871 1959
f 567 5980 5874
f 2040 2034 5980
f 5980 561 5871
f 5870 5867 1958
f 569 5981 5870
f 2042 2035 5981
f 5981 562 5867
f 1957 5982 5863
f 571 5982 5866
f 5982 26 2029
f 5863 2029 556
f 5862 5859 1956
f 573 5983 5862
f 2046 3052 5983
f 5983 574 5859
f 5858 5855 1955
f 577 5984 5858
f 2050 2043 5984
f 5984 570 5855
f 5854 5851 1954
f 578 5985 5854
f 2051 3057 5985
f 5985 579 5851
f 5850 5847 1953
f 575 5986 5850
f 3053 2039 5986
f 5986 566 5847
f 5846 5843 1952
f 516 5987 5846
f 2994 3061 5987
f 5987 583 5843
f 5842 5839 1951
f 585 5988 5842
f 2058 2054 5988
f 5988 581 5839
f 5838 5835 1950
f 508 5989 5838
f 2986 2055 5989
f 5989 582 5835
f 5834 5831 1949
f 587 5990 5834
f 2060 2049 5990
f 5990 576 5831
f 5830 5827 1948
f 589 5991 5830
f 2062 3068 5991
f 5827 3068 590
f 5826 5823 1947
f 587 5992 5826
f 3065 3071 5992
f 5992 593 5823
f 5822 5819 1946
f 594 5993 5822
f 2067 3073 5993
f 5993 595 5819
f 5818 5815 1945
f 577 5994 5818
f 3055 2065 5994
f 5994 592 5815
f 5814 5811 1944
f 598 5995 5814
f 2071 3077 5995
f 5995 599 5811
f 5810 5807 1943
f 571 5996 5810
f 3049 2070 5996
f 5996 597 5807
f 5806 5803 1942
f 602 5997 5806
f 2075 3081 5997
f 5997 603 5803
f 5802 5799 1941
f 557 5998 5802
f 3035 2074 5998
f 5998 601 5799
f 1940 5999 5795
f 5798 2079 5999
f 2079 3085 5999
f 5795 3085 607
f 1939 6000 5791
f 551 6000 5794
f 3029 2078 6000
f 5791 2078 605
f 1938 6001 5787
f 5790 2083 6001
f 6001 63 3089
f 5787 3089 611
f 1937 6002 5783
f 5786 3015 6002
f 6002 14 2082
f 5783 2082 609
f 1936 6003 5779
f 5782 2087 6003
f 6003 65 3093
f 5779 3093 615
f 1935 6004 5775
f 5778 3009 6004
f 6004 12 2086
f 5775 2086 613
f 1934 6005 5771
f 5774 3066 6005
f 6005 49 3096
f 5771 3096 618
f 1933 6006 5767
f 5770 2992 6006
f 6006 2 2090
f 5767 2090 617
f 3099 2093 61
f 5765 3099 621
f 2093 5765 620
f 50 6008 2095
f 619 6008 2092
f 2095 5762 622
f 63 6009 2097
f 5759 2088 615
f 2097 5759 624
f 2096 2098 62
f 5756 2096 623
f 2098 5756 625
f 3104 3102 61
f 5753 3104 626
f 3102 5753 624
f 64 6012 3103
f 5750 2085 612
f 3103 5750 625
f 3106 3104 61
f 5747 3106 628
f 3104 5747 626
f 60 6014 3105
f 5744 2081 608
f 3105 5744 627
f 3108 3106 61
f 5741 3108 630
f 3106 5741 628
f 58 6016 3107
f 5738 2077 604
f 3107 5738 629
f 3110 3108 61
f 5735 3110 632
f 3108 5735 630
f 56 6018 3109
f 5732 2073 600
f 3109 5732 631
f 3112 3110 61
f 5729 3112 634
f 3110 5729 632
f 54 6020 3111
f 5726 2069 596
f 3111 5726 633
f 2093 3112 61
f 5723 2093 620
f 3112 5723 634
f 52 6022 3113
f 591 6022 2064
f 3113 5720 635
f 5718 5715 1932
f 638 6023 5718
f 2111 3117 6023
f 6023 639 5715
f 5714 5711 1931
f 641 6024 5714
f 2114 3120 6024
f 6024 642 5711
f 5710 5707 1930
f 645 6025 5710
f 2118 2110 6025
f 6025 637 5707
f 5706 5703 1929
f 647 6026 5706
f 2120 3126 6026
f 6026 648 5703
f 1928 6027 5699
f 5702 2124 6027
f 6027 172 2117
f 6027 644 5699
f 1927 6028 5695
f 5698 2126 6028
f 6028 86 3132
f 6028 654 5695
f 1926 6029 5691
f 5694 2130 6029
f 6029 170 2123
f 5691 2123 650
f 1925 6030 5687
f 5690 2132 6030
f 2132 3138 6030
f 6030 660 5687
f 1924 6031 5683
f 5686 2136 6031
f 6031 168 2129
f 5683 2129 656
f 1923 6032 5679
f 5682 2138 6032
f 2138 3144 6032
f 6032 666 5679
f 1922 6033 5675
f 5678 2142 6033
f 6033 146 3148
f 5675 3148 670
f 1921 6034 5671
f 5674 2146 6034
f 6034 80 3152
f 5671 3152 674
f 5670 5667 1920
f 676 6035 5670
f 6035 148 3155
f 5667 3155 677
f 5666 5663 1919
f 680 6036 5666
f 6036 93 2145
f 5663 2145 672
f 1918 6037 5659
f 5662 2155 6037
f 6037 150 3161
f 5659 3161 683
f 1917 6038 5655
f 5658 2159 6038
f 6038 95 2152
f 6038 679 5655
f 5654 5651 1916
f 688 6039 5654
f 6039 152 3167
f 5651 3167 689
f 5650 5647 1915
f 692 6040 5650
f 2165 2158 6040
f 6040 685 5647
f 5646 5643 1914
f 694 6041 5646
f 2167 3173 6041
f 6041 695 5643
f 5642 5639 1913
f 698 6042 5642
f 2171 2164 6042
f 6042 691 5639
f 5638 5635 1912
f 700 6043 5638
f 2173 3179 6043
f 6043 701 5635
f 5634 5631 1911
f 704 6044 5634
f 2177 2170 6044
f 6044 697 5631
f 1910 6045 5627
f 5630 2179 6045
f 6045 158 3185
f 5627 3185 707
f 5626 5623 1909
f 710 6046 5626
f 2183 2176 6046
f 6046 703 5623
f 5622 5619 1908
f 712 6047 5622
f 2185 3191 6047
f 6047 713 5619
f 5618 5615 1907
f 716 6048 5618
f 2189 2182 6048
f 6048 709 5615
f 5614 5611 1906
f 718 6049 5614
f 2191 3197 6049
f 6049 719 5611
f 5610 5607 1905
f 722 6050 5610
f 2195 2188 6050
f 6050 715 5607
f 5606 5603 1904
f 724 6051 5606
f 2197 3203 6051
f 6051 725 5603
f 5602 5599 1903
f 727 6052 5602
f 2200 2194 6052
f 6052 721 5599
f 5598 5595 1902
f 730 6053 5598
f 2203 2192 6053
f 6053 719 5595
f 5594 5591 1901
f 5594 2205 6054
f 6054 111 3211
f 5591 3211 733
f 1900 6055 5587
f 5590 2208 6055
f 6055 158 2186
f 5587 2186 713
f 1899 6056 5583
f 5586 2210 6056
f 6056 129 2204
f 6056 731 5583
f 5582 5579 1898
f 707 6057 5582
f 3185 2208 6057
f 6057 735 5579
f 5578 5575 1897
f 740 6058 5578
f 2213 3219 6058
f 6058 741 5575
f 5574 5571 1896
f 701 6059 5574
f 3179 2212 6059
f 6059 739 5571
f 1895 6060 5567
f 5570 2217 6060
f 6060 125 3223
f 5567 3223 745
f 1894 6061 5563
f 5566 3173 6061
f 6061 154 2216
f 5563 2216 743
f 5562 5559 1893
f 748 6062 5562
f 2221 3227 6062
f 6062 749 5559
f 5558 5555 1892
f 689 6063 5558
f 3167 2220 6063
f 6063 747 5555
f 5554 5551 1891
f 752 6064 5554
f 2225 3231 6064
f 6064 753 5551
f 5550 5547 1890
f 683 6065 5550
f 3161 2224 6065
f 6065 751 5547
f 5546 5543 1889
f 756 6066 5546
f 2229 3235 6066
f 6066 757 5543
f 5542 5539 1888
f 677 6067 5542
f 3155 2228 6067
f 6067 755 5539
f 5538 5535 1887
f 760 6068 5538
f 2233 3239 6068
f 6068 761 5535
f 1886 6069 5531
f 670 6069 5534
f 3148 2232 6069
f 6069 759 5531
f 1885 6070 5527
f 5530 2237 6070
f 6070 115 3243
f 5527 3243 765
f 1884 6071 5523
f 5526 2240 6071
f 2240 3246 6071
f 5523 3246 768
f 1883 6072 5519
f 5522 2244 6072
f 6072 115 2237
f 5519 2237 764
f 5518 5515 1882
f 725 6073 5518
f 3203 3251 6073
f 6073 773 5515
f 5514 5511 1881
f 733 6074 5514
f 3211 3253 6074
f 6074 775 5511
f 1880 6075 5507
f 5510 2250 6075
f 6075 178 3256
f 5507 3256 778
f 1879 6076 5503
f 5506 3252 6076
f 6076 113 3258
f 5503 3258 780
f 5502 5499 1878
f 5502 2255 6077
f 6077 183 2251
f 5499 2251 778
f 5498 5495 1877
f 770 6078 5498
f 3248 2254 6078
f 6078 781 5495
f 1876 6079 5491
f 5494 2259 6079
f 6079 176 2111
f 5491 2111 638
f 1875 6080 5487
f 5490 2260 6080
f 6080 136 3266
f 5487 3266 788
f 1874 6081 5483
f 5486 3262 6081
f 6081 174 2118
f 5483 2118 645
f 1873 6082 5479
f 5482 2264 6082
f 2264 3270 6082
f 6082 792 5479
f 5478 5475 1872
f 789 6083 5478
f 3267 2124 6083
f 6083 651 5475
f 5474 5471 1871
f 795 6084 5474
f 2268 3274 6084
f 6084 796 5471
f 1870 6085 5467
f 5470 2271 6085
f 6085 185 3277
f 5467 3277 799
f 1869 6086 5463
f 5466 2275 6086
f 6086 167 2137
f 5463 2137 664
f 1868 6087 5459
f 5462 3135 6087
f 6087 168 2272
f 5459 2272 799
f 1867 6088 5455
f 5458 3274 6088
f 6088 132 3282
f 5455 3282 804
f 5454 5451 1866
f 807 6089 5454
f 2280 3286 6089
f 6089 808 5451
f 5450 5447 1865
f 810 6090 5450
f 2283 3289 6090
f 6090 811 5447
f 5446 5443 1864
f 808 6091 5446
f 3286 3291 6091
f 6091 813 5443
f 5442 5439 1863
f 801 6092 5442
f 3279 3292 6092
f 6092 814 5439
f 5438 5435 1862
f 803 6093 5438
f 6093 185 2285
f 5435 2285 812
f 5434 5431 1861
f 817 6094 5434
f 2290 2288 6094
f 6094 815 5431
f 1860 6095 5427
f 5430 2293 6095
f 6095 191 3299
f 5427 3299 821
f 1859 6096 5423
f 5426 2297 6096
f 6096 143 3303
f 5423 3303 825
f 5422 5419 1858
f 828 6097 5422
f 2301 2292 6097
f 6097 819 5419
f 1857 6098 5415
f 5418 2303 6098
f 2303 3309 6098
f 6098 831 5415
f 5414 5411 1856
f 834 6099 5414
f 2307 2300 6099
f 6099 827 5411
f 5410 5407 1855
f 836 6100 5410
f 2309 3315 6100
f 6100 837 5407
f 5406 5403 1854
f 840 6101 5406
f 2313 2306 6101
f 6101 833 5403
f 5402 5399 1853
f 839 6102 5402
f 6102 138 2311
f 6102 838 5399
f 5398 5395 1852
f 821 6103 5398
f 3299 3321 6103
f 6103 843 5395
f 5394 5391 1851
f 810 6104 5394
f 3288 2315 6104
f 6104 842 5391
f 5390 5387 1850
f 846 6105 5390
f 2319 3325 6105
f 6105 847 5387
f 5386 5383 1849
f 844 6106 5386
f 3322 2318 6106
f 6106 845 5383
f 1848 6107 5379
f 5382 2324 6107
f 6107 200 3330
f 5379 3330 852
f 1847 6108 5375
f 5378 3328 6108
f 6108 71 2314
f 5375 2314 841
f 1846 6109 5371
f 5374 2328 6109
f 2328 3334 6109
f 6109 856 5371
f 5370 5367 1845
f 5370 3331 6110
f 3331 2308 6110
f 6110 835 5367
f 5366 5363 1844
f 5366 2332 6111
f 6111 204 3338
f 6111 860 5363
f 5362 5359 1843
f 857 6112 5362
f 3335 2302 6112
f 6112 829 5359
f 1842 6113 5355
f 863 6113 5358
f 2336 2319 6113
f 5355 2319 846
f 1841 6114 5351
f 5354 3339 6114
f 6114 194 2296
f 5351 2296 823
f 1840 6115 5347
f 5350 3337 6115
f 6115 202 2328
f 5347 2328 855
f 5346 5343 1839
f 866 6116 5346
f 2339 2327 6116
f 6116 854 5343
f 1838 6117 5339
f 5342 3325 6117
f 6117 206 2336
f 5339 2336 863
f 1837 6118 5335
f 5338 3345 6118
f 3345 2339 6118
f 5335 2339 866
f 1836 6119 5331
f 5334 2342 6119
f 6119 164 2241
f 5331 2241 768
f 1835 6120 5327
f 5330 3315 6120
f 6120 139 2341
f 5327 2341 868
f 5326 5323 1834
f 871 6121 5326
f 2344 3350 6121
f 6121 872 5323
f 1833 6122 5319
f 5322 3309 6122
f 6122 141 2343
f 5319 2343 870
f 5318 5315 1832
f 875 6123 5318
f 2348 3354 6123
f 6123 876 5315
f 5314 5311 1831
f 825 6124 5314
f 3303 2347 6124
f 6124 874 5311
f 5310 5307 1830
f 797 6125 5310
f 3275 3357 6125
f 6125 879 5307
f 5306 5303 1829
f 811 6126 5306
f 3289 2351 6126
f 6126 878 5303
f 5302 5299 1828
f 882 6127 5302
f 2355 2352 6127
f 6127 879 5299
f 5298 5295 1827
f 5298 2357 6128
f 6128 82 2138
f 6128 665 5295
f 5294 5291 1826
f 886 6129 5294
f 2359 2349 6129
f 6129 876 5291
f 5290 5287 1825
f 888 6130 5290
f 2361 2356 6130
f 6130 883 5287
f 1824 6131 5283
f 5286 3350 6131
f 6131 211 2359
f 5283 2359 886
f 1823 6132 5279
f 5282 3152 6132
f 6132 80 3368
f 5279 3368 890
f 5278 5275 1822
f 892 6133 5278
f 2365 3371 6133
f 6133 893 5275
f 5274 5271 1821
f 817 6134 5274
f 3295 3373 6134
f 6134 895 5271
f 1820 6135 5267
f 5270 3369 6135
f 6135 222 3375
f 5267 3375 897
f 5266 5263 1819
f 795 6136 5266
f 3273 3377 6136
f 6136 899 5263
f 1818 6137 5259
f 896 6137 5262
f 6137 220 3379
f 5259 3379 901
f 1817 6138 5255
f 5258 3269 6138
f 6138 136 3381
f 5255 3381 903
f 1816 6139 5251
f 5254 3378 6139
f 6139 218 3383
f 5251 3383 905
f 1815 6140 5247
f 5250 3265 6140
f 6140 137 2377
f 5247 2377 904
f 5246 5243 1814
f 908 6141 5246
f 2381 3387 6141
f 6141 909 5243
f 5242 5239 1813
f 906 6142 5242
f 3384 2380 6142
f 6142 907 5239
f 1812 6143 5235
f 5238 2385 6143
f 6143 227 3391
f 6143 913 5235
f 1811 6144 5231
f 5234 3380 6144
f 6144 219 2384
f 5231 2384 911
f 1810 6145 5227
f 5230 2389 6145
f 6145 225 3395
f 5227 3395 917
f 1809 6146 5223
f 5226 3376 6146
f 6146 221 2388
f 5223 2388 915
f 5222 5219 1808
f 920 6147 5222
f 2393 3399 6147
f 6147 921 5219
f 5218 5215 1807
f 894 6148 5218
f 3372 2392 6148
f 6148 919 5215
f 1806 6149 5211
f 5214 3387 6149
f 6149 229 3402
f 5211 3402 924
f 1805 6150 5207
f 5210 3401 6150
f 6150 224 2395
f 5207 2395 922
f 2397 3395 225
f 5205 2397 924
f 917 6151 5205
f 228 6152 3396
f 5202 2387 914
f 3396 5202 918
f 1804 6153 5197
f 5200 2400 6153
f 6153 234 3406
f 5197 3406 928
f 1803 6154 5193
f 783 6154 5196
f 3261 3409 6154
f 5193 3409 931
f 1802 6155 5189
f 5192 3404 6155
f 6155 232 3411
f 5189 3411 933
f 5188 5185 1801
f 780 6156 5188
f 3258 3413 6156
f 6156 935 5185
f 5184 5181 1800
f 5184 3410 6157
f 6157 254 3415
f 5181 3415 937
f 5180 5177 1799
f 775 6158 5180
f 3253 3417 6158
f 6158 939 5177
f 5176 5173 1798
f 940 6159 5176
f 2413 3419 6159
f 6159 941 5173
f 5172 5169 1797
f 5172 3249 6160
f 6160 182 2403
f 5169 2403 930
f 1796 6161 5165
f 5168 2417 6161
f 6161 250 3423
f 5165 3423 945
f 1795 6162 5161
f 5164 3243 6162
f 3243 2416 6162
f 6162 943 5161
f 1794 6163 5157
f 5160 2421 6163
f 6163 248 3427
f 5157 3427 949
f 1793 6164 5153
f 5156 3239 6164
f 6164 117 2420
f 5153 2420 947
f 1792 6165 5149
f 5152 2425 6165
f 6165 246 3431
f 5149 3431 953
f 1791 6166 5145
f 5148 3235 6166
f 6166 119 2424
f 5145 2424 951
f 1790 6167 5141
f 5144 2429 6167
f 6167 244 3435
f 5141 3435 957
f 1789 6168 5137
f 5140 3231 6168
f 6168 121 2428
f 5137 2428 955
f 5136 5133 1788
f 960 6169 5136
f 2433 3439 6169
f 6169 961 5133
f 5132 5129 1787
f 749 6170 5132
f 6170 123 2432
f 6170 959 5129
f 5128 5125 1786
f 964 6171 5128
f 2437 3443 6171
f 6171 965 5125
f 5124 5121 1785
f 745 6172 5124
f 3223 2436 6172
f 6172 963 5121
f 1784 6173 5117
f 5120 2441 6173
f 6173 236 3447
f 5117 3447 969
f 1783 6174 5113
f 5116 3219 6174
f 6174 127 2440
f 5113 2440 967
f 1782 6175 5109
f 5112 2445 6175
f 6175 238 3451
f 5109 3451 973
f 1781 6176 5105
f 5108 3215 6176
f 6176 180 2444
f 5105 2444 971
f 1780 6177 5101
f 5104 3414 6177
f 6177 256 3454
f 5101 3454 976
f 1779 6178 5097
f 732 6178 5100
f 3210 2448 6178
f 5097 2448 975
f 1778 6179 5093
f 5096 2452 6179
f 6179 258 3458
f 6179 980 5093
f 5092 5089 1777
f 977 6180 5092
f 3455 3461 6180
f 6180 983 5089
f 1776 6181 5085
f 5088 3456 6181
f 6181 276 3463
f 5085 3463 985
f 1775 6182 5081
f 5084 3452 6182
f 6182 237 3465
f 5081 3465 987
f 1774 6183 5077
f 5080 3462 6183
f 6183 278 3467
f 5077 3467 989
f 5076 5073 1773
f 5076 3448 6184
f 3448 3469 6184
f 6184 991 5073
f 5072 5069 1772
f 5072 3466 6185
f 6185 274 3471
f 6185 993 5069
f 5068 5065 1771
f 966 6186 5068
f 3444 3473 6186
f 6186 995 5065
f 1770 6187 5061
f 992 6187 5064
f 3470 3475 6187
f 5061 3475 997
f 1769 6188 5057
f 962 6188 5060
f 6188 245 3477
f 5057 3477 999
f 1768 6189 5053
f 5056 3474 6189
f 6189 270 3479
f 5053 3479 1001
f 5052 5049 1767
f 958 6190 5052
f 6190 247 3481
f 6190 1003 5049
f 1766 6191 5045
f 5048 3478 6191
f 6191 268 3483
f 5045 3483 1005
f 1765 6192 5041
f 5044 3432 6192
f 6192 249 3485
f 5041 3485 1007
f 5040 5037 1764
f 1004 6193 5040
f 3482 3487 6193
f 6193 1009 5037
f 5036 5033 1763
f 950 6194 5036
f 3428 3489 6194
f 6194 1011 5033
f 5032 5029 1762
f 1008 6195 5032
f 3486 3491 6195
f 6195 1013 5029
f 5028 5025 1761
f 946 6196 5028
f 3424 3493 6196
f 6196 1015 5025
f 1760 6197 5021
f 1012 6197 5024
f 3490 3495 6197
f 5021 3495 1017
f 1759 6198 5017
f 5020 3420 6198
f 6198 235 3497
f 5017 3497 1019
f 1758 6199 5013
f 5016 2493 6199
f 6199 260 3499
f 5013 3499 1021
f 1757 6200 5009
f 938 6200 5012
f 3416 2455 6200
f 5009 2455 982
f 1756 6201 5005
f 5008 2497 6201
f 6201 282 3503
f 5005 3503 1025
f 1755 6202 5001
f 5004 3412 6202
f 6202 255 2496
f 5001 2496 1023
f 1754 6203 4997
f 5000 3494 6203
f 6203 280 3506
f 4997 3506 1028
f 1753 6204 4993
f 4996 3407 6204
f 6204 233 2500
f 4993 2500 1027
f 1752 6205 4989
f 1031 6205 4992
f 2504 3510 6205
f 6205 1032 4989
f 1751 6206 4985
f 4988 3205 6206
f 6206 67 2503
f 4985 2503 1030
f 1750 6207 4981
f 4984 2508 6207
f 6207 286 3514
f 6207 1036 4981
f 1749 6208 4977
f 4980 3200 6208
f 6208 109 2507
f 4977 2507 1034
f 4976 4973 1748
f 1039 6209 4976
f 2512 3518 6209
f 6209 1040 4973
f 4972 4969 1747
f 716 6210 4972
f 3194 2511 6210
f 6210 1038 4969
f 4968 4965 1746
f 1043 6211 4968
f 6211 290 3522
f 4965 3522 1044
f 4964 4961 1745
f 710 6212 4964
f 3188 2515 6212
f 6212 1042 4961
f 4960 4957 1744
f 1047 6213 4960
f 2520 3526 6213
f 6213 1048 4957
f 4956 4953 1743
f 704 6214 4956
f 3182 2519 6214
f 6214 1046 4953
f 1742 6215 4949
f 1051 6215 4952
f 2524 3530 6215
f 4949 3530 1052
f 4948 4945 1741
f 698 6216 4948
f 3176 2523 6216
f 6216 1050 4945
f 4944 4941 1740
f 1055 6217 4944
f 2528 3534 6217
f 6217 1056 4941
f 4940 4937 1739
f 692 6218 4940
f 3170 2527 6218
f 6218 1054 4937
f 1738 6219 4933
f 4936 2532 6219
f 6219 298 3538
f 4933 3538 1060
f 1737 6220 4929
f 4932 3164 6220
f 3164 2531 6220
f 6220 1058 4929
f 1736 6221 4925
f 4928 2536 6221
f 6221 300 3542
f 4925 3542 1064
f 1735 6222 4921
f 680 6222 4924
f 6222 95 2535
f 4921 2535 1062
f 4920 4917 1734
f 1069 6223 4920
f 2542 3548 6223
f 6223 1070 4917
f 4916 4913 1733
f 1068 6224 4916
f 3546 3551 6224
f 6224 1073 4913
f 4912 4909 1732
f 1067 6225 4912
f 3545 3554 6225
f 6225 1076 4909
f 4908 4905 1731
f 1075 6226 4908
f 3553 3556 6226
f 6226 1078 4905
f 4904 4901 1730
f 1074 6227 4904
f 3552 3559 6227
f 6227 1081 4901
f 4900 4897 1729
f 1080 6228 4900
f 3558 3561 6228
f 6228 1083 4897
f 1728 6229 4893
f 4896 2558 6229
f 6229 306 2552
f 4893 2552 1079
f 1727 6230 4889
f 4892 3120 6230
f 6230 90 3564
f 4889 3564 1086
f 1726 6231 4885
f 4888 3562 6231
f 6231 340 3566
f 4885 3566 1088
f 1725 6232 4881
f 4884 3126 6232
f 6232 88 3568
f 4881 3568 1090
f 1724 6233 4877
f 4880 3565 6233
f 6233 334 3570
f 4877 3570 1092
f 1723 6234 4873
f 4876 3132 6234
f 6234 86 3572
f 4873 3572 1094
f 1722 6235 4869
f 4872 3569 6235
f 6235 330 3574
f 4869 3574 1096
f 1721 6236 4865
f 4868 3138 6236
f 6236 84 3576
f 4865 3576 1098
f 1720 6237 4861
f 4864 3554 6237
f 6237 338 3578
f 4861 3578 1100
f 1719 6238 4857
f 4860 2575 6238
f 2575 2570 6238
f 6238 1097 4857
f 4856 4853 1718
f 1088 6239 4856
f 3566 2554 6239
f 6239 1081 4853
f 4852 4849 1717
f 4852 3571 6240
f 6240 331 2575
f 6240 1102 4849
f 4848 4845 1716
f 1100 6241 4848
f 3578 2543 6241
f 6241 1070 4845
f 4844 4841 1715
f 4844 2578 6242
f 2578 3584 6242
f 6242 1106 4841
f 1714 6243 4837
f 4840 3573 6243
f 6243 332 2577
f 4837 2577 1104
f 1713 6244 4833
f 4836 3144 6244
f 6244 82 3586
f 4833 3586 1108
f 1712 6245 4829
f 4832 2583 6245
f 6245 344 3589
f 4829 3589 1111
f 4828 4825 1711
f 1114 6246 4828
f 2587 2361 6246
f 6246 888 4825
f 4824 4821 1710
f 1115 6247 4824
f 2588 2582 6247
f 6247 1109 4821
f 4820 4817 1709
f 1108 6248 4820
f 3586 2357 6248
f 6248 884 4817
f 4816 4813 1708
f 1111 6249 4816
f 3589 3596 6249
f 4813 3596 1118
f 4812 4809 1707
f 890 6250 4812
f 6250 80 3598
f 4809 3598 1120
f 4808 4805 1706
f 4808 2594 6251
f 6251 300 2536
f 6251 1063 4805
f 4804 4801 1705
f 1120 6252 4804
f 3598 2146 6252
f 6252 673 4801
f 4800 4797 1704
f 1125 6253 4800
f 2598 3604 6253
f 6253 1126 4797
f 4796 4793 1703
f 1129 6254 4796
f 2602 2596 6254
f 6254 1123 4793
f 4792 4789 1702
f 4792 2604 6255
f 2604 3610 6255
f 6255 1132 4789
f 4788 4785 1701
f 1127 6256 4788
f 3605 2603 6256
f 6256 1130 4785
f 1700 6257 4781
f 4784 2609 6257
f 6257 348 3615
f 4781 3615 1137
f 4780 4777 1699
f 1133 6258 4780
f 3611 2608 6258
f 6258 1135 4777
f 1698 6259 4773
f 4776 2614 6259
f 6259 328 2542
f 4773 2542 1069
f 1697 6260 4769
f 4772 3616 6260
f 6260 305 2613
f 4769 2613 1140
f 4768 4765 1696
f 1141 6261 4768
f 3619 3621 6261
f 6261 1143 4765
f 1695 6262 4761
f 4764 3584 6262
f 6262 327 2589
f 4761 2589 1116
f 1694 6263 4757
f 4760 2619 6263
f 6263 318 3625
f 4757 3625 1147
f 1693 6264 4753
f 4756 3539 6264
f 6264 297 3628
f 4753 3628 1150
f 4752 4749 1692
f 4752 2626 6265
f 6265 324 2597
f 6265 1124 4749
f 4748 4745 1691
f 1155 6266 4748
f 2628 2624 6266
f 6266 1151 4745
f 4744 4741 1690
f 1158 6267 4744
f 2631 3637 6267
f 4741 3637 1159
f 4740 4737 1689
f 1162 6268 4740
f 2635 2629 6268
f 6268 1156 4737
f 1688 6269 4733
f 4736 2637 6269
f 6269 354 3643
f 4733 3643 1165
f 1687 6270 4729
f 4732 3638 6270
f 6270 303 2636
f 4729 2636 1163
f 1686 6271 4725
f 1169 6271 4728
f 2642 2625 6271
f 6271 1152 4725
f 1685 6272 4721
f 4724 3644 6272
f 6272 75 2641
f 4721 2641 1168
f 1684 6273 4717
f 1172 6273 4720
f 6273 362 3651
f 4717 3651 1173
f 1683 6274 4713
f 4716 3531 6274
f 3531 3654 6274
f 4713 3654 1176
f 1682 6275 4709
f 4712 2651 6275
f 6275 368 3657
f 4709 3657 1179
f 1681 6276 4705
f 4708 3652 6276
f 6276 365 3660
f 4705 3660 1182
f 1680 6277 4701
f 4704 2657 6277
f 6277 370 3663
f 4701 3663 1185
f 1679 6278 4697
f 4700 3658 6278
f 6278 367 3666
f 4697 3666 1188
f 1678 6279 4693
f 1190 6279 4696
f 2663 3669 6279
f 6279 1191 4693
f 1677 6280 4689
f 4692 3664 6280
f 6280 373 3672
f 6280 1194 4689
f 4688 4685 1676
f 1197 6281 4688
f 2670 2664 6281
f 6281 1191 4685
f 4684 4681 1675
f 1199 6282 4684
f 6282 315 3678
f 4681 3678 1200
f 1674 6283 4677
f 4680 2675 6283
f 6283 374 2670
f 4677 2670 1197
f 1673 6284 4673
f 4676 3648 6284
f 6284 317 3682
f 4673 3682 1204
f 1672 6285 4669
f 4672 2678 6285
f 6285 372 2662
f 4669 2662 1189
f 1671 6286 4665
f 4668 3645 6286
f 6286 355 2676
f 4665 2676 1203
f 1670 6287 4661
f 4664 2680 6287
f 6287 366 2656
f 4661 2656 1183
f 1669 6288 4657
f 4660 3639 6288
f 6288 357 2679
f 4657 2679 1206
f 1668 6289 4653
f 4656 2683 6289
f 6289 364 2650
f 6289 1177 4653
f 1667 6290 4649
f 1212 6290 4652
f 6290 359 2681
f 4649 2681 1208
f 4648 4645 1666
f 1171 6291 4648
f 3649 2683 6291
f 6291 1210 4645
f 4644 4641 1665
f 1049 6292 4644
f 3527 3692 6292
f 6292 1214 4641
f 4640 4637 1664
f 1209 6293 4640
f 3687 2630 6293
f 6293 1157 4637
f 4636 4633 1663
f 1217 6294 4636
f 2690 2688 6294
f 6294 1215 4633
f 1662 6295 4629
f 4632 3518 6295
f 6295 288 2517
f 4629 2517 1044
f 4628 4625 1661
f 1037 6296 4628
f 3515 3697 6296
f 6296 1219 4625
f 1660 6297 4621
f 4624 3691 6297
f 3691 2689 6297
f 4621 2689 1216
f 1659 6298 4617
f 4620 3697 6298
f 6298 285 3699
f 4617 3699 1221
f 73 6299 2695
f 1032 6299 2505
f 2695 4615 1222
f 2694 3700 74
f 4612 2694 1221
f 3700 4612 1222
f 4610 4607 1658
f 1145 6301 4610
f 3623 3701 6301
f 6301 1223 4607
f 4606 4603 1657
f 1057 6302 4606
f 3535 2648 6302
f 6302 1175 4603
f 1656 6303 4599
f 4602 2699 6303
f 6303 368 2651
f 4599 2651 1178
f 1655 6304 4595
f 4598 2701 6304
f 6304 311 2697
f 4595 2697 1224
f 1654 6305 4591
f 4594 2703 6305
f 6305 370 2657
f 4591 2657 1184
f 1653 6306 4587
f 4590 2705 6306
f 6306 313 2700
f 4587 2700 1227
f 4586 4583 1652
f 1190 6307 4586
f 3668 2703 6307
f 6307 1230 4583
f 4582 4579 1651
f 1200 6308 4582
f 3678 3712 6308
f 6308 1234 4579
f 4578 4575 1650
f 1236 6309 4578
f 6309 386 3715
f 4575 3715 1237
f 4574 4571 1649
f 1139 6310 4574
f 3617 3718 6310
f 6310 1240 4571
f 4570 4567 1648
f 1237 6311 4570
f 3715 3721 6311
f 6311 1243 4567
f 4566 4563 1647
f 1245 6312 4566
f 2718 3724 6312
f 6312 1246 4563
f 1646 6313 4559
f 4562 2720 6313
f 6313 384 2715
f 4559 2715 1242
f 1645 6314 4555
f 4558 3543 6314
f 6314 299 2622
f 4555 2622 1149
f 1644 6315 4551
f 4554 3588 6315
f 6315 342 3728
f 4551 3728 1250
f 1643 6316 4547
f 4550 2725 6316
f 6316 301 2721
f 4547 2721 1248
f 2616 3728 342
f 1143 6317 2616
f 3728 4545 1250
f 2713 3729 385
f 1240 6318 2713
f 3729 4542 1251
f 2594 3727 300
f 1121 6319 2594
f 1249 6319 4539
f 345 6320 3730
f 1119 6320 2592
f 3730 4536 1252
f 4534 4531 1642
f 4534 2727 6321
f 2727 3733 6321
f 6321 1255 4531
f 4530 4527 1641
f 1258 6322 4530
f 2731 2672 6322
f 6322 1199 4527
f 4526 4523 1640
f 1255 6323 4526
f 3733 3737 6323
f 4523 3737 1259
f 4522 4519 1639
f 1204 6324 4522
f 3682 2627 6324
f 6324 1154 4519
f 4518 4515 1638
f 1262 6325 4518
f 2735 2727 6325
f 6325 1254 4515
f 4514 4511 1637
f 1244 6326 4514
f 3722 3742 6326
f 6326 1264 4511
f 4510 4507 1636
f 1265 6327 4510
f 2738 2735 6327
f 6327 1262 4507
f 4506 4503 1635
f 1134 6328 4506
f 3612 2712 6328
f 6328 1239 4503
f 324 6329 3603
f 1259 6329 2732
f 3603 4501 1125
f 2739 3606 353
f 1266 6330 2739
f 3606 4498 1128
f 4496 4493 1634
f 1269 6331 4496
f 2742 3748 6331
f 6331 1270 4493
f 4492 4489 1633
f 1273 6332 4492
f 2746 3752 6332
f 6332 1274 4489
f 1632 6333 4485
f 4488 2749 6333
f 6333 404 3755
f 4485 3755 1277
f 1631 6334 4481
f 4484 3752 6334
f 6334 401 3758
f 4481 3758 1280
f 4480 4477 1630
f 1282 6335 4480
f 2755 3761 6335
f 6335 1283 4477
f 4476 4473 1629
f 4476 3756 6336
f 6336 399 3764
f 4473 3764 1286
f 4472 4469 1628
f 1288 6337 4472
f 2761 3767 6337
f 6337 1289 4469
f 4468 4465 1627
f 1284 6338 4468
f 3762 3770 6338
f 6338 1292 4465
f 4464 4461 1626
f 4464 2767 6339
f 6339 410 3773
f 4461 3773 1295
f 4460 4457 1625
f 1290 6340 4460
f 3768 3776 6340
f 6340 1298 4457
f 1624 6341 4453
f 4456 2773 6341
f 6341 412 3779
f 4453 3779 1301
f 1623 6342 4449
f 1296 6342 4452
f 3774 3782 6342
f 6342 1304 4449
f 1622 6343 4445
f 4448 2779 6343
f 6343 418 3785
f 4445 3785 1307
f 1621 6344 4441
f 4444 2783 6344
f 6344 411 2776
f 4441 2776 1303
f 1620 6345 4437
f 4440 2785 6345
f 6345 420 2778
f 4437 2778 1305
f 1619 6346 4433
f 4436 2787 6346
f 6346 409 2770
f 4433 2770 1297
f 4432 4429 1618
f 1316 6347 4432
f 6347 422 2784
f 4429 2784 1311
f 4428 4425 1617
f 1318 6348 4428
f 2791 2764 6348
f 6348 1291 4425
f 4424 4421 1616
f 1320 6349 4424
f 2793 2788 6349
f 6349 1315 4421
f 4420 4417 1615
f 1322 6350 4420
f 2795 2758 6350
f 6350 1285 4417
f 4416 4413 1614
f 1324 6351 4416
f 2797 2792 6351
f 6351 1319 4413
f 4412 4409 1613
f 1326 6352 4412
f 2799 2752 6352
f 6352 1279 4409
f 1612 6353 4405
f 4408 2800 6353
f 6353 416 3806
f 4405 3806 1328
f 1611 6354 4401
f 4404 3749 6354
f 6354 403 2799
f 4401 2799 1326
f 4400 4397 1610
f 4400 2805 6355
f 2805 3811 6355
f 6355 1333 4397
f 4396 4393 1609
f 4396 3724 6356
f 3724 3814 6356
f 6356 1336 4393
f 4392 4389 1608
f 1301 6357 4392
f 3779 3816 6357
f 6357 1338 4389
f 4388 4385 1607
f 1340 6358 4388
f 2813 2808 6358
f 6358 1335 4385
f 1606 6359 4381
f 4384 3809 6359
f 6359 442 3819
f 4381 3819 1341
f 1605 6360 4377
f 4380 3626 6360
f 6360 311 2701
f 4377 2701 1228
f 1604 6361 4373
f 4376 2818 6361
f 6361 414 2742
f 4373 2742 1269
f 1603 6362 4369
f 4372 2820 6362
f 6362 383 3826
f 4369 3826 1348
f 1602 6363 4365
f 1349 6363 4368
f 2822 3828 6363
f 4365 3828 1350
f 1601 6364 4361
f 4364 3786 6364
f 6364 413 2812
f 4361 2812 1339
f 4360 4357 1600
f 1355 6365 4360
f 2828 2823 6365
f 6365 1350 4357
f 4356 4353 1599
f 1357 6366 4356
f 2830 3836 6366
f 6366 1358 4353
f 1598 6367 4349
f 4352 3832 6367
f 3832 3839 6367
f 6367 1361 4349
f 1597 6368 4345
f 4348 2836 6368
f 2836 3842 6368
f 4345 3842 1364
f 4344 4341 1596
f 1367 6369 4344
f 2840 2833 6369
f 6369 1360 4341
f 4340 4337 1595
f 1369 6370 4340
f 2842 3848 6370
f 6370 1370 4337
f 4336 4333 1594
f 1366 6371 4336
f 3844 3851 6371
f 6371 1373 4333
f 4332 4329 1593
f 1375 6372 4332
f 2848 3854 6372
f 6372 1376 4329
f 1592 6373 4325
f 1371 6373 4328
f 6373 450 3855
f 4325 3855 1377
f 4324 4321 1591
f 1346 6374 4324
f 6374 415 2803
f 4321 2803 1330
f 1590 6375 4317
f 4320 3850 6375
f 6375 430 2817
f 4317 2817 1344
f 4316 4313 1589
f 4316 2853 6376
f 2853 2705 6376
f 6376 1232 4313
f 4312 4309 1588
f 4312 2854 6377
f 6377 446 2840
f 6377 1367 4309
f 4308 4305 1587
f 1342 6378 4308
f 3820 2853 6378
f 6378 1380 4305
f 2806 3859 442
f 1333 6379 2806
f 1381 6379 4303
f 2829 3860 447
f 1356 6380 2829
f 3860 4300 1382
f 1586 6381 4295
f 4298 2857 6381
f 6381 452 3863
f 4295 3863 1385
f 1585 6382 4291
f 4294 3856 6382
f 6382 417 3866
f 4291 3866 1388
f 4290 4287 1584
f 4290 2862 6383
f 2862 3868 6383
f 6383 1390 4287
f 4286 4283 1583
f 1374 6384 4286
f 3852 2860 6384
f 6384 1387 4283
f 1582 6385 4279
f 4282 2866 6385
f 6385 460 3872
f 4279 3872 1394
f 1581 6386 4275
f 4278 3848 6386
f 6386 433 2865
f 4275 2865 1392
f 4274 4271 1580
f 1397 6387 4274
f 2870 3876 6387
f 6387 1398 4271
f 4270 4267 1579
f 1364 6388 4270
f 3842 2869 6388
f 6388 1396 4267
f 4266 4263 1578
f 1401 6389 4266
f 6389 456 3880
f 6389 1402 4263
f 4262 4259 1577
f 1362 6390 4262
f 3840 2873 6390
f 6390 1400 4259
f 1576 6391 4255
f 4258 2878 6391
f 6391 454 3884
f 4255 3884 1406
f 1575 6392 4251
f 4254 3836 6392
f 6392 439 2877
f 4251 2877 1404
f 1574 6393 4247
f 1409 6393 4250
f 2882 3888 6393
f 4247 3888 1410
f 1573 6394 4243
f 4246 3830 6394
f 6394 441 2881
f 4243 2881 1408
f 1572 6395 4239
f 4242 3861 6395
f 6395 476 3892
f 4239 3892 1414
f 1571 6396 4235
f 4238 3807 6396
f 6396 429 3894
f 4235 3894 1416
f 1570 6397 4231
f 4234 3891 6397
f 6397 464 3896
f 4231 3896 1418
f 1569 6398 4227
f 4230 3803 6398
f 6398 427 3898
f 4227 3898 1420
f 1568 6399 4223
f 4226 3895 6399
f 6399 466 3900
f 4223 3900 1422
f 1567 6400 4219
f 4222 3799 6400
f 6400 425 3902
f 4219 3902 1424
f 1566 6401 4215
f 4218 3899 6401
f 6401 468 3904
f 4215 3904 1426
f 4214 4211 1565
f 4214 3795 6402
f 3795 3906 6402
f 6402 1428 4211
f 4210 4207 1564
f 1425 6403 4210
f 6403 470 3908
f 4207 3908 1430
f 4206 4203 1563
f 1313 6404 4206
f 3791 3910 6404
f 6404 1432 4203
f 4202 4199 1562
f 1429 6405 4202
f 3907 3911 6405
f 6405 1433 4199
f 4198 4195 1561
f 1309 6406 4198
f 3787 2885 6406
f 6406 1412 4195
f 4194 4191 1560
f 4194 2909 6407
f 6407 480 3915
f 6407 1437 4191
f 4190 4187 1559
f 1403 6408 4190
f 3881 3918 6408
f 6408 1440 4187
f 1558 6409 4183
f 4186 2915 6409
f 6409 482 3921
f 4183 3921 1443
f 4182 4179 1557
f 1438 6410 4182
f 3916 3924 6410
f 6410 1446 4179
f 1556 6411 4175
f 1448 6411 4178
f 2921 3927 6411
f 4175 3927 1449
f 1555 6412 4171
f 4174 3922 6412
f 3922 3930 6412
f 4171 3930 1452
f 4170 4167 1554
f 1454 6413 4170
f 2927 3933 6413
f 6413 1455 4167
f 4166 4163 1553
f 1450 6414 4166
f 3928 3936 6414
f 6414 1458 4163
f 1552 6415 4159
f 4162 2933 6415
f 6415 486 2926
f 4159 2926 1453
f 1551 6416 4155
f 4158 3893 6416
f 6416 465 3940
f 4155 3940 1462
f 4154 4151 1550
f 1447 6417 4154
f 3925 2933 6417
f 6417 1460 4151
f 4150 4147 1549
f 1464 6418 4150
f 2937 2859 6418
f 6418 1386 4147
f 4146 4143 1548
f 1465 6419 4146
f 6419 478 2914
f 4143 2914 1441
f 4142 4139 1547
f 1391 6420 4142
f 6420 453 2937
f 4139 2937 1464
f 1546 6421 4135
f 4138 3943 6421
f 6421 462 2867
f 4135 2867 1394
f 1545 6422 4131
f 4134 3918 6422
f 6422 459 2872
f 4131 2872 1399
f 4130 4127 1544
f 1467 6423 4130
f 2940 2909 6423
f 6423 1436 4127
f 4126 4123 1543
f 1411 6424 4126
f 3889 2880 6424
f 6424 1407 4123
f 1542 6425 4119
f 4122 3920 6425
f 6425 480 2940
f 4119 2940 1467
f 1541 6426 4115
f 1470 6426 4118
f 2943 2907 6426
f 4115 2907 1434
f 4114 4111 1540
f 1448 6427 4114
f 6427 482 2942
f 6427 1469 4111
f 4110 4107 1539
f 1472 6428 4110
f 2945 2904 6428
f 6428 1431 4107
f 4106 4103 1538
f 1454 6429 4106
f 3932 2944 6429
f 6429 1471 4103
f 4102 4099 1537
f 1474 6430 4102
f 2947 2900 6430
f 6430 1427 4099
f 1536 6431 4095
f 4098 3933 6431
f 6431 490 2946
f 6431 1473 4095
f 1535 6432 4091
f 4094 2949 6432
f 6432 467 2896
f 4091 2896 1423
f 464 6433 3896
f 1459 6433 2932
f 3896 4089 1418
f 2949 3897 467
f 1476 6434 2949
f 3897 4086 1419
f 1534 6435 4081
f 4084 2951 6435
f 6435 504 3957
f 4081 3957 1479
f 1533 6436 4077
f 4080 3782 6436
f 6436 393 3960
f 4077 3960 1482
f 1532 6437 4073
f 4076 3955 6437
f 6437 502 3962
f 4073 3962 1484
f 1531 6438 4069
f 4072 3776 6438
f 6438 395 3964
f 4069 3964 1486
f 1530 6439 4065
f 4068 3961 6439
f 6439 500 3966
f 4065 3966 1488
f 4064 4061 1529
f 1292 6440 4064
f 3770 3968 6440
f 6440 1490 4061
f 4060 4057 1528
f 1487 6441 4060
f 3965 3970 6441
f 6441 1492 4057
f 4056 4053 1527
f 1286 6442 4056
f 3764 3972 6442
f 6442 1494 4053
f 4052 4049 1526
f 1491 6443 4052
f 3969 3974 6443
f 6443 1496 4049
f 4048 4045 1525
f 1280 6444 4048
f 3758 3976 6444
f 6444 1498 4045
f 4044 4041 1524
f 1495 6445 4044
f 3973 3978 6445
f 4041 3978 1500
f 4040 4037 1523
f 1273 6446 4040
f 3751 3980 6446
f 6446 1502 4037
f 4036 4033 1522
f 1479 6447 4036
f 3957 3982 6447
f 6447 1504 4033
f 4032 4029 1521
f 1506 6448 4032
f 2979 2974 6448
f 6448 1501 4029
f 1520 6449 4025
f 4028 2980 6449
f 6449 500 2957
f 4025 2957 1484
f 1519 6450 4021
f 4024 3975 6450
f 6450 495 2979
f 4021 2979 1506
f 2965 3985 496
f 1492 6451 2965
f 3985 4019 1507
f 2962 3986 501
f 1489 6452 2962
f 3986 4016 1508
f 4014 4011 1518
f 1343 6453 4014
f 6453 388 2972
f 6453 1499 4011
f 4010 4007 1517
f 1234 6454 4010
f 3712 3988 6454
f 6454 1510 4007
f 4006 4003 1516
f 4006 3982 6455
f 3982 3989 6455
f 6455 1511 4003
f 1515 6456 3999
f 4002 3988 6456
f 6456 315 2731
f 3999 2731 1258
f 1514 6457 3995
f 3998 3989 6457
f 6457 504 2951
f 6457 1478 3995
f 1513 6458 3991
f 3994 3742 6458
f 6458 321 2813
f 3991 2813 1340
f 3993 2954 1481
f 3993 3991 6459
f 6459 1340 3818
f 6459 391 2954
f 505 6460 3959
f 2985 3992 6460
f 6460 1513 3993
f 6460 1481 3959
f 1512 6461 3992
f 3990 2737 6461
f 6461 1264 3994
f 3992 3994 1513
f 1337 6462 2810
f 3997 3995 6462
f 3995 3956 6462
f 6462 390 2810
f 320 6463 3815
f 2734 3996 6463
f 6463 1514 3997
f 3815 3997 1337
f 1261 6464 3996
f 3739 2984 6464
f 6464 1511 3998
f 3996 3998 1514
f 4001 3990 1512
f 4001 3999 6465
f 6465 1258 3736
f 6465 323 3990
f 2978 2985 505
f 2978 4000 6466
f 4000 4001 6466
f 6466 1512 2985
f 1505 6467 4000
f 3983 2983 6467
f 6467 1510 4002
f 4000 4002 1515
f 1253 6468 2726
f 4005 4003 6468
f 4003 2984 6468
f 6468 322 2726
f 314 6469 3731
f 2982 4004 6469
f 6469 1516 4005
f 3731 4005 1253
f 1509 6470 4004
f 3987 2977 6470
f 6470 1504 4006
f 4004 4006 1516
f 4009 2975 1502
f 1517 6471 4009
f 4007 2983 6471
f 6471 507 2975
f 389 6472 3980
f 1348 6472 2821
f 4008 4009 6472
f 6472 1502 3980
f 3826 4008 1348
f 3826 2707 6473
f 6473 1234 4010
f 6473 1517 4008
f 4013 3987 1509
f 1518 6474 4013
f 4011 3977 6474
f 6474 506 3987
f 2706 2982 314
f 1233 6475 2706
f 4012 4013 6475
f 6475 1509 2982
f 1233 6476 4012
f 3711 2816 6476
f 2816 4014 6476
f 6476 1518 4012
f 4015 2981 1508
f 1493 6477 4015
f 2981 3971 497
f 1508 6478 4015
f 4017 4016 1489
f 4015 4017 1493
f 3967 4017 1489
f 499 6479 3967
f 4017 2966 1493
f 4018 2980 1507
f 1488 6480 4018
f 2980 3966 500
f 1507 6481 4018
f 4020 4019 1492
f 4018 4020 1488
f 3970 4020 1492
f 498 6482 3970
f 4020 2961 1488
f 1485 6483 2958
f 4023 4021 6483
f 6483 1506 3984
f 2958 3984 503
f 501 6484 3963
f 3986 4022 6484
f 6484 1519 4023
f 3963 4023 1485
f 1508 6485 4022
f 497 6485 2981
f 6485 1497 4024
f 4022 4024 1519
f 1503 6486 2976
f 4027 4025 6486
f 6486 1484 3962
f 2976 3962 502
f 494 6487 3981
f 2969 4026 6487
f 6487 1520 4027
f 3981 4027 1503
f 1496 6488 4026
f 496 6488 3974
f 6488 1507 4028
f 4026 4028 1520
f 4031 3983 1505
f 1521 6489 4031
f 4029 3979 6489
f 6489 507 3983
f 2953 2978 505
f 1480 6490 2953
f 4030 4031 6490
f 6490 1505 2978
f 3958 4030 1480
f 503 6491 3958
f 3984 4032 6491
f 6491 1521 4030
f 4035 2973 1500
f 1522 6492 4035
f 4033 2977 6492
f 6492 506 2973
f 3981 3978 494
f 1503 6493 3981
f 4034 4035 6493
f 6493 1500 3978
f 2976 4034 1503
f 502 6494 2976
f 2952 4036 6494
f 6494 1522 4034
f 1501 6495 3979
f 1523 6495 4039
f 4037 2975 6495
f 3979 2975 507
f 2971 2974 495
f 1498 6496 2971
f 4038 4039 6496
f 2974 4039 1501
f 3976 4038 1498
f 401 6497 3976
f 2746 4040 6497
f 6497 1523 4038
f 4043 3977 1499
f 1524 6498 4043
f 6498 1500 2973
f 3977 2973 506
f 2741 2972 388
f 1268 6499 2741
f 4042 4043 6499
f 6499 1499 2972
f 3746 4042 1268
f 400 6500 3746
f 2968 4044 6500
f 6500 1524 4042
f 4047 3975 1497
f 1525 6501 4047
f 4045 2971 6501
f 6501 495 3975
f 2967 2970 497
f 1494 6502 2967
f 4046 4047 6502
f 6502 1497 2970
f 3972 4046 1494
f 399 6503 3972
f 2753 4048 6503
f 6503 1525 4046
f 4051 3973 1495
f 1526 6504 4051
f 4049 2969 6504
f 6504 494 3973
f 2748 2968 400
f 1275 6505 2748
f 4050 4051 6505
f 6505 1495 2968
f 3753 4050 1275
f 398 6506 3753
f 2964 4052 6506
f 6506 1526 4050
f 4055 3971 1493
f 1527 6507 4055
f 4053 2967 6507
f 6507 497 3971
f 2963 2966 499
f 1490 6508 2963
f 4054 4055 6508
f 6508 1493 2966
f 3968 4054 1490
f 397 6509 3968
f 2759 4056 6509
f 6509 1527 4054
f 4059 3969 1491
f 1528 6510 4059
f 4057 2965 6510
f 6510 496 3969
f 2754 2964 398
f 1281 6511 2754
f 4058 4059 6511
f 6511 1491 2964
f 3759 4058 1281
f 396 6512 3759
f 2960 4060 6512
f 6512 1528 4058
f 1489 6513 3967
f 1529 6513 4063
f 4061 2963 6513
f 3967 2963 499
f 501 6514 2962
f 2959 4062 6514
f 6514 1529 4063
f 2962 4063 1489
f 1486 6515 4062
f 3964 2765 6515
f 6515 1292 4064
f 6515 1529 4062
f 4067 3965 1487
f 1530 6516 4067
f 6516 1488 2961
f 3965 2961 498
f 2760 2960 396
f 1287 6517 2760
f 4066 4067 6517
f 6517 1487 2960
f 1287 6518 4066
f 3765 2956 6518
f 6518 1483 4068
f 6518 1530 4066
f 1485 6519 3963
f 4071 4069 6519
f 6519 1486 2959
f 3963 2959 501
f 503 6520 2958
f 2955 4070 6520
f 6520 1531 4071
f 2958 4071 1485
f 1482 6521 4070
f 3960 2771 6521
f 6521 1298 4072
f 4070 4072 1531
f 1483 6522 3961
f 4075 4073 6522
f 6522 1484 2957
f 3961 2957 500
f 394 6523 2956
f 2766 4074 6523
f 6523 1532 4075
f 2956 4075 1483
f 1293 6524 4074
f 3771 2950 6524
f 6524 1477 4076
f 4074 4076 1532
f 1480 6525 3958
f 4079 4077 6525
f 6525 1482 2955
f 3958 2955 503
f 505 6526 2953
f 3959 4078 6526
f 6526 1533 4079
f 2953 4079 1480
f 1481 6527 4078
f 2954 2777 6527
f 6527 1304 4080
f 4078 4080 1533
f 1477 6528 3955
f 4083 4081 6528
f 6528 1479 2952
f 3955 2952 502
f 392 6529 2950
f 2772 4082 6529
f 6529 1534 4083
f 2950 4083 1477
f 1299 6530 4082
f 3777 3956 6530
f 6530 1478 4084
f 4082 4084 1534
f 4085 2892 1419
f 1462 6531 4085
f 465 6531 3940
f 1419 6532 4085
f 1476 6532 4086
f 4085 4087 1462
f 3954 4087 1476
f 493 6533 3954
f 1462 6533 2935
f 4088 2891 1418
f 1475 6534 4088
f 2891 3953 466
f 1418 6535 4088
f 4090 4089 1459
f 1475 6535 4090
f 1459 6536 4090
f 492 6536 3937
f 4090 2948 1475
f 1474 6537 2947
f 4093 4091 6537
f 6537 1423 3901
f 2947 3901 469
f 491 6538 3952
f 2929 4092 6538
f 6538 1535 4093
f 6538 1474 3952
f 1456 6539 4092
f 3934 3954 6539
f 6539 1476 4094
f 4092 4094 1535
f 1422 6540 2895
f 4097 4095 6540
f 6540 1473 3951
f 2895 3951 468
f 466 6541 3900
f 3953 4096 6541
f 6541 1536 4097
f 3900 4097 1422
f 1475 6542 4096
f 2948 2928 6542
f 6542 1455 4098
f 4096 4098 1536
f 4101 2945 1472
f 1537 6543 4101
f 4099 3905 6543
f 6543 471 2945
f 2930 3950 489
f 1457 6544 2930
f 4100 4101 6544
f 6544 1472 3950
f 3935 4100 1457
f 491 6545 3935
f 3952 4102 6545
f 6545 1537 4100
f 4105 2899 1426
f 1538 6546 4105
f 4103 3949 6546
f 6546 470 2899
f 3951 3904 468
f 1473 6547 3951
f 4104 4105 6547
f 6547 1426 3904
f 2946 4104 1473
f 490 6548 2946
f 2927 4106 6548
f 6548 1538 4104
f 4109 2943 1470
f 1539 6549 4109
f 4107 3909 6549
f 6549 473 2943
f 483 6550 3948
f 1451 6550 2924
f 4108 4109 6550
f 6550 1470 3948
f 3929 4108 1451
f 489 6551 3929
f 3950 4110 6551
f 6551 1539 4108
f 4113 2903 1430
f 1540 6552 4113
f 4111 3947 6552
f 6552 472 2903
f 3949 3908 470
f 1471 6553 3949
f 4112 4113 6553
f 6553 1430 3908
f 2944 4112 1471
f 488 6554 2944
f 2921 4114 6554
f 6554 1540 4112
f 1468 6555 2941
f 4117 4115 6555
f 6555 1434 3912
f 2941 3912 475
f 481 6556 3946
f 2918 4116 6556
f 6556 1541 4117
f 3946 4117 1468
f 1445 6557 4116
f 3923 3948 6557
f 6557 1470 4118
f 4116 4118 1541
f 1433 6558 2906
f 4121 4119 6558
f 6558 1467 3945
f 2906 3945 474
f 3947 3911 472
f 1469 6559 3947
f 6559 1542 4121
f 3911 4121 1433
f 1469 6560 4120
f 2942 2915 6560
f 6560 1442 4122
f 4120 4122 1542
f 4125 2912 1439
f 1543 6561 4125
f 4123 3885 6561
f 6561 457 2912
f 3946 3917 481
f 1468 6562 3946
f 4124 4125 6562
f 6562 1439 3917
f 2941 4124 1468
f 475 6563 2941
f 2884 4126 6563
f 6563 1543 4124
f 4129 2879 1406
f 1544 6564 4129
f 4127 3914 6564
f 6564 456 2879
f 2883 3884 454
f 1410 6565 2883
f 4128 4129 6565
f 6565 1406 3884
f 3888 4128 1410
f 474 6566 3888
f 3945 4130 6566
f 6566 1544 4128
f 1395 6567 2868
f 4133 4131 6567
f 6567 1399 3877
f 2868 3877 461
f 463 6568 3873
f 2939 4132 6568
f 6568 1545 4133
f 3873 4133 1395
f 1466 6569 4132
f 3944 2913 6569
f 6569 1440 4134
f 4132 4134 1545
f 1398 6570 2871
f 4137 4135 6570
f 6570 1394 3872
f 2871 3872 460
f 458 6571 3876
f 2908 4136 6571
f 6571 1546 4137
f 3876 4137 1398
f 1435 6572 4136
f 3913 2938 6572
f 6572 1465 4138
f 4136 4138 1546
f 1446 6573 2919
f 4141 4139 6573
f 6573 1464 3942
f 2919 3942 485
f 479 6574 3924
f 1466 6574 3944
f 4140 4141 6574
f 3924 4141 1446
f 2939 4140 1466
f 463 6575 2939
f 2864 4142 6575
f 6575 1547 4140
f 1463 6576 2936
f 4145 4143 6576
f 6576 1441 3919
f 2936 3919 484
f 452 6577 3941
f 1390 6577 2863
f 4144 4145 6577
f 3941 4145 1463
f 3868 4144 1390
f 462 6578 3868
f 3943 4146 6578
f 6578 1548 4144
f 4149 2934 1461
f 1549 6579 4149
f 4147 3864 6579
f 6579 477 2934
f 2925 3939 487
f 1452 6580 2925
f 4148 4149 6580
f 6580 1461 3939
f 3930 4148 1452
f 485 6581 3930
f 3942 4150 6581
f 6581 1549 4148
f 4153 2858 1385
f 1550 6582 4153
f 4151 3938 6582
f 6582 476 2858
f 3941 3863 452
f 1463 6583 3941
f 4152 4153 6583
f 6583 1385 3863
f 2936 4152 1463
f 484 6584 2936
f 2920 4154 6584
f 6584 1550 4152
f 1458 6585 2931
f 4157 4155 6585
f 4155 2935 6585
f 2931 2935 493
f 487 6586 3936
f 3939 4156 6586
f 6586 1551 4157
f 3936 4157 1458
f 1461 6587 4156
f 2934 2888 6587
f 6587 1415 4158
f 4156 4158 1551
f 4161 3937 1459
f 4161 4159 6588
f 6588 1453 3931
f 3937 3931 492
f 464 6589 2932
f 2887 4160 6589
f 6589 1552 4161
f 2932 4161 1459
f 1414 6590 4160
f 3892 3938 6590
f 6590 1460 4162
f 4160 4162 1552
f 4165 3934 1456
f 1553 6591 4165
f 4163 2931 6591
f 6591 493 3934
f 3935 2929 491
f 1457 6592 3935
f 4164 4165 6592
f 6592 1456 2929
f 2930 4164 1457
f 489 6593 2930
f 2923 4166 6593
f 6593 1553 4164
f 4169 3931 1453
f 1554 6594 4169
f 4167 2928 6594
f 6594 492 3931
f 2922 2926 486
f 1449 6595 2922
f 4168 4169 6595
f 6595 1453 2926
f 3927 4168 1449
f 488 6596 3927
f 3932 4170 6596
f 6596 1554 4168
f 1450 6597 3928
f 4173 4171 6597
f 6597 1452 2925
f 6597 487 3928
f 3929 2923 489
f 1451 6598 3929
f 6598 1555 4173
f 2923 4173 1450
f 1451 6599 4172
f 2924 2917 6599
f 6599 1444 4174
f 4172 4174 1555
f 1447 6600 3925
f 4177 4175 6600
f 6600 1449 2922
f 6600 486 3925
f 2916 2920 484
f 2916 4176 6601
f 6601 1556 4177
f 2920 4177 1447
f 1443 6602 4176
f 3921 3926 6602
f 6602 1448 4178
f 4176 4178 1556
f 4181 3922 1444
f 1557 6603 4181
f 4179 2919 6603
f 6603 485 3922
f 483 6604 2917
f 3923 4180 6604
f 6604 1557 4181
f 2917 4181 1444
f 1445 6605 4180
f 2918 2911 6605
f 2911 4182 6605
f 6605 1557 4180
f 4185 3919 1441
f 1558 6606 4185
f 4183 2916 6606
f 6606 484 3919
f 2910 2914 478
f 1437 6607 2910
f 4184 4185 6607
f 6607 1441 2914
f 3915 4184 1437
f 3915 3920 6608
f 6608 1442 4186
f 6608 1558 4184
f 4189 3916 1438
f 1559 6609 4189
f 4187 2913 6609
f 6609 479 3916
f 481 6610 2911
f 3917 4188 6610
f 4188 4189 6610
f 6610 1438 2911
f 1439 6611 4188
f 2912 2876 6611
f 6611 1403 4190
f 4188 4190 1559
f 4193 3913 1435
f 1560 6612 4193
f 4191 2910 6612
f 6612 478 3913
f 2875 2908 458
f 1402 6613 2875
f 4192 4193 6613
f 6613 1435 2908
f 1402 6614 4192
f 3880 3914 6614
f 6614 1436 4194
f 4192 4194 1560
f 4197 3912 1434
f 1561 6615 4197
f 4195 3890 6615
f 6615 475 3912
f 2905 2907 473
f 1432 6616 2905
f 4196 4197 6616
f 6616 1434 2907
f 3910 4196 1432
f 421 6617 3910
f 2782 4198 6617
f 6617 1561 4196
f 4201 2882 1409
f 1562 6618 4201
f 4199 2906 6618
f 6618 474 2882
f 2779 3887 418
f 1306 6619 2779
f 4200 4201 6619
f 6619 1409 3887
f 3784 4200 1306
f 420 6620 3784
f 2902 4202 6620
f 6620 1562 4200
f 4205 3909 1431
f 1563 6621 4205
f 4203 2905 6621
f 6621 473 3909
f 471 6622 2904
f 1428 6622 2901
f 4204 4205 6622
f 2904 4205 1431
f 3906 4204 1428
f 423 6623 3906
f 2786 4206 6623
f 6623 1563 4204
f 4209 3907 1429
f 1564 6624 4209
f 4207 2903 6624
f 6624 472 3907
f 2785 2902 420
f 1312 6625 2785
f 4208 4209 6625
f 6625 1429 2902
f 3790 4208 1312
f 422 6626 3790
f 2898 4210 6626
f 6626 1564 4208
f 1427 6627 3905
f 1565 6627 4213
f 4211 2901 6627
f 6627 471 3905
f 469 6628 2900
f 2897 4212 6628
f 6628 1565 4213
f 2900 4213 1427
f 1424 6629 4212
f 3902 2790 6629
f 6629 1317 4214
f 4212 4214 1565
f 4217 3903 1425
f 1566 6630 4217
f 6630 1426 2899
f 6630 470 3903
f 2789 2898 422
f 2789 4216 6631
f 4216 4217 6631
f 6631 1425 2898
f 1316 6632 4216
f 3794 2894 6632
f 6632 1421 4218
f 4216 4218 1566
f 1423 6633 3901
f 4221 4219 6633
f 6633 1424 2897
f 3901 2897 469
f 467 6634 2896
f 2893 4220 6634
f 6634 1567 4221
f 2896 4221 1423
f 1420 6635 4220
f 3898 2794 6635
f 6635 1321 4222
f 4220 4222 1567
f 1421 6636 3899
f 4225 4223 6636
f 6636 1422 2895
f 3899 2895 468
f 424 6637 2894
f 2793 4224 6637
f 6637 1568 4225
f 2894 4225 1421
f 1320 6638 4224
f 3798 2890 6638
f 6638 1417 4226
f 4224 4226 1568
f 1419 6639 3897
f 4229 4227 6639
f 6639 1420 2893
f 3897 2893 467
f 465 6640 2892
f 2889 4228 6640
f 6640 1569 4229
f 2892 4229 1419
f 1416 6641 4228
f 3894 2798 6641
f 6641 1325 4230
f 4228 4230 1569
f 1417 6642 3895
f 4233 4231 6642
f 6642 1418 2891
f 3895 2891 466
f 426 6643 2890
f 2797 4232 6643
f 6643 1570 4233
f 2890 4233 1417
f 1324 6644 4232
f 3802 2886 6644
f 6644 1413 4234
f 4232 4234 1570
f 1415 6645 3893
f 4237 4235 6645
f 6645 1416 2889
f 3893 2889 465
f 477 6646 2888
f 2861 4236 6646
f 6646 1571 4237
f 2888 4237 1415
f 1388 6647 4236
f 3866 2802 6647
f 6647 1329 4238
f 4236 4238 1571
f 1413 6648 3891
f 4241 4239 6648
f 6648 1414 2887
f 3891 2887 464
f 428 6649 2886
f 2801 4240 6649
f 6649 1572 4241
f 2886 4241 1413
f 1328 6650 4240
f 3806 2856 6650
f 6650 1383 4242
f 4240 4242 1572
f 1411 6651 3889
f 4245 4243 6651
f 6651 1408 3886
f 3889 3886 455
f 3890 2884 475
f 1412 6652 3890
f 6652 1573 4245
f 2884 4245 1411
f 2885 4244 1412
f 419 6653 2885
f 6653 1352 4246
f 4244 4246 1573
f 1405 6654 2878
f 4249 4247 6654
f 6654 1410 2883
f 2878 2883 454
f 440 6655 3883
f 2822 4248 6655
f 6655 1574 4249
f 3883 4249 1405
f 1349 6656 4248
f 418 6656 3827
f 3887 4250 6656
f 4248 4250 1574
f 1407 6657 3885
f 4253 4251 6657
f 6657 1404 3882
f 3885 3882 457
f 455 6658 2880
f 3886 4252 6658
f 6658 1575 4253
f 2880 4253 1407
f 1408 6659 4252
f 2881 2831 6659
f 6659 1358 4254
f 4252 4254 1575
f 1401 6660 2874
f 4257 4255 6660
f 6660 1406 2879
f 2874 2879 456
f 438 6661 3879
f 2826 4256 6661
f 6661 1576 4257
f 3879 4257 1401
f 1353 6662 4256
f 3831 3883 6662
f 6662 1405 4258
f 4256 4258 1576
f 4261 3881 1403
f 1577 6663 4261
f 4259 3878 6663
f 6663 459 3881
f 457 6664 2876
f 1404 6664 3882
f 4260 4261 6664
f 6664 1403 2876
f 2877 4260 1404
f 439 6665 2877
f 2835 4262 6665
f 6665 1577 4260
f 4265 2870 1397
f 1578 6666 4265
f 4263 2875 6666
f 6666 458 2870
f 2834 3875 436
f 1361 6667 2834
f 4264 4265 6667
f 6667 1397 3875
f 3839 4264 1361
f 438 6668 3839
f 3879 4266 6668
f 6668 1578 4264
f 4269 3877 1399
f 1579 6669 4269
f 4267 3874 6669
f 6669 461 3877
f 3878 2872 459
f 1400 6670 3878
f 4268 4269 6670
f 6670 1399 2872
f 2873 4268 1400
f 437 6671 2873
f 2837 4270 6671
f 6671 1579 4268
f 4273 2866 1393
f 1580 6672 4273
f 4271 2871 6672
f 6672 460 2866
f 2832 3871 434
f 1359 6673 2832
f 4272 4273 6673
f 6673 1393 3871
f 3837 4272 1359
f 436 6674 3837
f 3875 4274 6674
f 6674 1580 4272
f 1395 6675 3873
f 4277 4275 6675
f 6675 1392 3870
f 3873 3870 463
f 461 6676 2868
f 3874 4276 6676
f 6676 1581 4277
f 2868 4277 1395
f 1396 6677 4276
f 2869 2843 6677
f 6677 1370 4278
f 4276 4278 1581
f 1389 6678 2862
f 4281 4279 6678
f 6678 1394 2867
f 2862 2867 462
f 432 6679 3867
f 2838 4280 6679
f 6679 1582 4281
f 3867 4281 1389
f 1365 6680 4280
f 3843 3871 6680
f 6680 1393 4282
f 4280 4282 1582
f 4285 3869 1391
f 1583 6681 4285
f 4283 3865 6681
f 6681 453 3869
f 3870 2864 463
f 3870 4284 6682
f 4284 4285 6682
f 6682 1391 2864
f 1392 6683 4284
f 2865 2847 6683
f 2847 4286 6683
f 6683 1583 4284
f 4289 2857 1384
f 1584 6684 4289
f 4287 2863 6684
f 6684 452 2857
f 2846 3862 450
f 1373 6685 2846
f 4288 4289 6685
f 6685 1384 3862
f 3851 4288 1373
f 3851 3867 6686
f 6686 1389 4290
f 6686 1584 4288
f 1386 6687 3864
f 4293 4291 6687
f 6687 1388 2861
f 3864 2861 477
f 453 6688 2859
f 3865 4292 6688
f 6688 1585 4293
f 2859 4293 1386
f 1387 6689 4292
f 2860 2851 6689
f 6689 1378 4294
f 4292 4294 1585
f 1383 6690 3861
f 4297 4295 6690
f 6690 1385 2858
f 3861 2858 476
f 416 6691 2856
f 2850 4296 6691
f 6691 1586 4297
f 2856 4297 1383
f 1377 6692 4296
f 3855 3862 6692
f 6692 1384 4298
f 4296 4298 1586
f 1382 6693 2855
f 1334 6693 4299
f 2855 3812 443
f 1382 6694 4299
f 4301 4300 1356
f 4299 4301 1334
f 1356 6695 4301
f 445 6695 3834
f 4301 2807 1334
f 4302 2854 1381
f 1355 6696 4302
f 2854 3833 446
f 1381 6697 4302
f 4304 4303 1333
f 4302 4304 1355
f 3811 4304 1333
f 444 6698 3811
f 1355 6698 2828
f 4307 2841 1368
f 1587 6699 4307
f 4305 3858 6699
f 6699 449 2841
f 447 6700 3846
f 3860 4306 6700
f 4306 4307 6700
f 6700 1368 3846
f 2855 4306 1382
f 2855 2815 6701
f 2815 4308 6701
f 6701 1587 4306
f 4311 2852 1379
f 1588 6702 4311
f 4309 3845 6702
f 6702 448 2852
f 2814 3857 312
f 1341 6703 2814
f 4310 4311 6703
f 6703 1379 3857
f 3819 4310 1341
f 3819 3859 6704
f 3859 4312 6704
f 6704 1588 4310
f 1347 6705 2820
f 1589 6705 4315
f 4313 3710 6705
f 6705 383 2820
f 431 6706 3825
f 2848 4314 6706
f 6706 1589 4315
f 3825 4315 1347
f 1375 6707 4314
f 3853 3858 6707
f 6707 1380 4316
f 6707 1589 4314
f 4319 2702 1229
f 1590 6708 4319
f 6708 1344 3822
f 6708 382 2702
f 3857 3707 312
f 3857 4318 6709
f 4318 4319 6709
f 6709 1229 3707
f 1379 6710 4318
f 2852 2845 6710
f 6710 1372 4320
f 6710 1590 4318
f 1378 6711 3856
f 4323 4321 6711
f 6711 1330 3808
f 3856 3808 417
f 451 6712 2851
f 1376 6712 2849
f 6712 1591 4323
f 2851 4323 1378
f 3854 4322 1376
f 431 6713 3854
f 2819 4324 6713
f 6713 1591 4322
f 1327 6714 2800
f 4327 4325 6714
f 6714 1377 2850
f 2800 2850 416
f 414 6715 3805
f 1345 6715 2818
f 4326 4327 6715
f 3805 4327 1327
f 3823 4326 1345
f 430 6716 3823
f 2844 4328 6716
f 6716 1592 4326
f 4331 3852 1374
f 1593 6717 4331
f 4329 2849 6717
f 6717 451 3852
f 2842 2847 433
f 1369 6718 2842
f 4330 4331 6718
f 6718 1374 2847
f 3847 4330 1369
f 449 6719 3847
f 3853 4332 6719
f 6719 1593 4330
f 4335 3849 1371
f 1594 6720 4335
f 4333 2846 6720
f 6720 450 3849
f 3850 2844 430
f 1372 6721 3850
f 4334 4335 6721
f 6721 1371 2844
f 2845 4334 1372
f 448 6722 2845
f 2839 4336 6722
f 6722 1594 4334
f 4339 2836 1363
f 1595 6723 4339
f 4337 2843 6723
f 6723 435 2836
f 3846 3841 447
f 1368 6724 3846
f 4338 4339 6724
f 6724 1363 3841
f 2841 4338 1368
f 2841 3847 6725
f 3847 4340 6725
f 6725 1595 4338
f 4343 3843 1365
f 1596 6726 4343
f 4341 3838 6726
f 6726 434 3843
f 3844 2838 432
f 1366 6727 3844
f 4342 4343 6727
f 6727 1365 2838
f 2839 4342 1366
f 2839 3845 6728
f 3845 4344 6728
f 6728 1596 4342
f 4347 3840 1362
f 4347 4345 6729
f 6729 1364 2837
f 6729 437 3840
f 2830 2835 439
f 2830 4346 6730
f 6730 1597 4347
f 6730 1362 2835
f 1357 6731 4346
f 3835 3841 6731
f 6731 1363 4348
f 4346 4348 1597
f 1359 6732 3837
f 4351 4349 6732
f 4349 2834 6732
f 6732 436 3837
f 3838 2832 434
f 3838 4350 6733
f 6733 1598 4351
f 2832 4351 1359
f 1360 6734 4350
f 2833 2827 6734
f 6734 1354 4352
f 4350 4352 1598
f 4355 2824 1351
f 1599 6735 4355
f 4353 2831 6735
f 6735 441 2824
f 3834 3829 445
f 1356 6736 3834
f 4354 4355 6736
f 6736 1351 3829
f 2829 4354 1356
f 447 6737 2829
f 3835 4356 6737
f 6737 1599 4354
f 4359 3831 1353
f 1600 6738 4359
f 4357 3828 6738
f 6738 440 3831
f 3832 2826 438
f 1354 6739 3832
f 4358 4359 6739
f 6739 1353 2826
f 2827 4358 1354
f 446 6740 2827
f 3833 4360 6740
f 6740 1600 4358
f 1351 6741 3829
f 4363 4361 6741
f 6741 1339 3817
f 3829 3817 445
f 3830 2824 441
f 1352 6742 3830
f 6742 1601 4363
f 2824 4363 1351
f 2825 4362 1352
f 2825 2781 6743
f 6743 1308 4364
f 4362 4364 1601
f 1338 6744 2811
f 4367 4365 6744
f 6744 1350 2823
f 2811 2823 444
f 412 6745 3816
f 2780 4366 6745
f 6745 1602 4367
f 3816 4367 1338
f 1307 6746 4366
f 3785 3827 6746
f 3827 4368 6746
f 4366 4368 1602
f 1272 6747 2745
f 4371 4369 6747
f 6747 1348 2821
f 2745 2821 389
f 415 6748 3750
f 3824 4370 6748
f 6748 1603 4371
f 3750 4371 1272
f 1346 6749 4370
f 2819 3825 6749
f 6749 1347 4372
f 4370 4372 1603
f 1343 6750 3821
f 4375 4373 6750
f 6750 1269 3747
f 3821 3747 388
f 382 6751 2816
f 3822 4374 6751
f 6751 1604 4375
f 2816 4375 1343
f 1344 6752 4374
f 2817 3823 6752
f 6752 1345 4376
f 4374 4376 1604
f 1342 6753 3820
f 4379 4377 6753
f 6753 1228 3706
f 3820 3706 313
f 443 6754 2815
f 2809 4378 6754
f 6754 1605 4379
f 2815 4379 1342
f 1336 6755 4378
f 3814 2621 6755
f 6755 1148 4380
f 4378 4380 1605
f 1225 6756 2698
f 4383 4381 6756
f 6756 1341 2814
f 2698 2814 312
f 310 6757 3703
f 2620 4382 6757
f 6757 1606 4383
f 3703 4383 1225
f 1147 6758 4382
f 3625 2804 6758
f 6758 1331 4384
f 4382 4384 1606
f 4387 3817 1339
f 1607 6759 4387
f 4385 3813 6759
f 6759 445 3817
f 2775 2812 413
f 1302 6760 2775
f 4386 4387 6760
f 6760 1339 2812
f 3780 4386 1302
f 391 6761 3780
f 3818 4388 6761
f 6761 1607 4386
f 4391 2805 1332
f 1608 6762 4391
f 4389 2811 6762
f 6762 444 2805
f 3815 3810 320
f 1337 6763 3815
f 4390 4391 6763
f 6763 1332 3810
f 2810 4390 1337
f 390 6764 2810
f 2774 4392 6764
f 6764 1608 4390
f 4395 3812 1334
f 1609 6765 4395
f 4393 2809 6765
f 6765 443 3812
f 3813 2807 445
f 3813 4394 6766
f 4394 4395 6766
f 6766 1334 2807
f 1335 6767 4394
f 2808 2719 6767
f 6767 1246 4396
f 4394 4396 1609
f 4399 3809 1331
f 1610 6768 4399
f 4397 2806 6768
f 6768 442 3809
f 2714 2804 318
f 2714 4398 6769
f 4398 4399 6769
f 6769 1331 2804
f 1241 6770 4398
f 3719 3810 6770
f 6770 1332 4400
f 4398 4400 1610
f 1329 6771 3807
f 4403 4401 6771
f 6771 1326 3804
f 3807 3804 429
f 417 6772 2802
f 3808 4402 6772
f 6772 1611 4403
f 2802 4403 1329
f 1330 6773 4402
f 2803 2744 6773
f 6773 1271 4404
f 4402 4404 1611
f 1323 6774 2796
f 4407 4405 6774
f 6774 1328 2801
f 2796 2801 428
f 402 6775 3801
f 2743 4406 6775
f 6775 1612 4407
f 3801 4407 1323
f 1270 6776 4406
f 3748 3805 6776
f 6776 1327 4408
f 4406 4408 1612
f 4411 2795 1322
f 1613 6777 4411
f 6777 1279 3757
f 6777 405 2795
f 3803 3800 427
f 1325 6778 3803
f 4410 4411 6778
f 6778 1322 3800
f 2798 4410 1325
f 429 6779 2798
f 3804 4412 6779
f 6779 1613 4410
f 1276 6780 2749
f 1614 6780 4415
f 4413 3797 6780
f 6780 404 2749
f 3801 3754 402
f 1323 6781 3801
f 4414 4415 6781
f 6781 1276 3754
f 2796 4414 1323
f 428 6782 2796
f 3802 4416 6782
f 6782 1614 4414
f 4419 2791 1318
f 1615 6783 4419
f 4417 3763 6783
f 6783 407 2791
f 3799 3796 425
f 1321 6784 3799
f 4418 4419 6784
f 6784 1318 3796
f 2794 4418 1321
f 427 6785 2794
f 3800 4420 6785
f 6785 1615 4418
f 4423 2755 1282
f 1616 6786 4423
f 4421 3793 6786
f 6786 406 2755
f 3797 3760 404
f 1319 6787 3797
f 4422 4423 6787
f 6787 1282 3760
f 2792 4422 1319
f 426 6788 2792
f 3798 4424 6788
f 6788 1616 4422
f 1314 6789 2787
f 1617 6789 4427
f 4425 3769 6789
f 6789 409 2787
f 423 6790 3792
f 1317 6790 3795
f 4426 4427 6790
f 3792 4427 1314
f 2790 4426 1317
f 425 6791 2790
f 3796 4428 6791
f 6791 1617 4426
f 4431 2761 1288
f 1618 6792 4431
f 6792 1311 3789
f 6792 408 2761
f 3793 3766 406
f 1315 6793 3793
f 4430 4431 6793
f 6793 1288 3766
f 2788 4430 1315
f 424 6794 2788
f 3794 4432 6794
f 6794 1618 4430
f 1310 6795 2783
f 4435 4433 6795
f 6795 1297 3775
f 2783 3775 411
f 421 6796 3788
f 3791 4434 6796
f 6796 1619 4435
f 3788 4435 1310
f 1313 6797 4434
f 2786 3792 6797
f 6797 1314 4436
f 4434 4436 1619
f 1294 6798 2767
f 4439 4437 6798
f 6798 1305 3783
f 2767 3783 410
f 408 6799 3772
f 3789 4438 6799
f 6799 1620 4439
f 3772 4439 1294
f 1311 6800 4438
f 2784 3790 6800
f 6800 1312 4440
f 4438 4440 1620
f 1308 6801 3786
f 4443 4441 6801
f 6801 1303 3781
f 3786 3781 413
f 419 6802 2781
f 3787 4442 6802
f 6802 1621 4443
f 2781 4443 1308
f 1309 6803 4442
f 2782 3788 6803
f 6803 1310 4444
f 4442 4444 1621
f 1300 6804 2773
f 4447 4445 6804
f 6804 1307 2780
f 2773 2780 412
f 410 6805 3778
f 3783 4446 6805
f 6805 1622 4447
f 3778 4447 1300
f 1305 6806 4446
f 2778 3784 6806
f 6806 1306 4448
f 4446 4448 1622
f 1302 6807 3780
f 4451 4449 6807
f 4449 2777 6807
f 3780 2777 391
f 413 6808 2775
f 3781 4450 6808
f 6808 1623 4451
f 2775 4451 1302
f 1303 6809 4450
f 2776 2769 6809
f 6809 1296 4452
f 4450 4452 1623
f 4455 3777 1299
f 4455 4453 6810
f 6810 1301 2774
f 3777 2774 390
f 2768 2772 392
f 1295 6811 2768
f 6811 1624 4455
f 6811 1299 2772
f 1295 6812 4454
f 3773 3778 6812
f 6812 1300 4456
f 4454 4456 1624
f 4459 3774 1296
f 1625 6813 4459
f 4457 2771 6813
f 6813 393 3774
f 411 6814 2769
f 3775 4458 6814
f 4458 4459 6814
f 2769 4459 1296
f 2770 4458 1297
f 409 6815 2770
f 2763 4460 6815
f 6815 1625 4458
f 4463 3771 1293
f 1626 6816 4463
f 4461 2768 6816
f 6816 392 3771
f 2762 2766 394
f 1289 6817 2762
f 4462 4463 6817
f 6817 1293 2766
f 3767 4462 1289
f 408 6818 3767
f 3772 4464 6818
f 6818 1626 4462
f 4467 3768 1290
f 1627 6819 4467
f 4465 2765 6819
f 6819 395 3768
f 3769 2763 409
f 1291 6820 3769
f 4466 4467 6820
f 6820 1290 2763
f 2764 4466 1291
f 407 6821 2764
f 2757 4468 6821
f 6821 1627 4466
f 4471 3765 1287
f 1628 6822 4471
f 4469 2762 6822
f 6822 394 3765
f 2756 2760 396
f 1283 6823 2756
f 4470 4471 6823
f 6823 1287 2760
f 3761 4470 1283
f 406 6824 3761
f 3766 4472 6824
f 6824 1628 4470
f 4475 3762 1284
f 1629 6825 4475
f 6825 1286 2759
f 3762 2759 397
f 3763 2757 407
f 1285 6826 3763
f 4474 4475 6826
f 6826 1284 2757
f 2758 4474 1285
f 405 6827 2758
f 6827 1278 4476
f 6827 1629 4474
f 1281 6828 3759
f 1630 6828 4479
f 4477 2756 6828
f 3759 2756 396
f 398 6829 2754
f 2750 4478 6829
f 4478 4479 6829
f 2754 4479 1281
f 1277 6830 4478
f 404 6830 3755
f 3760 4480 6830
f 6830 1630 4478
f 1278 6831 3756
f 4483 4481 6831
f 6831 1280 2753
f 3756 2753 399
f 405 6832 2751
f 3757 4482 6832
f 6832 1631 4483
f 2751 4483 1278
f 1279 6833 4482
f 2752 2747 6833
f 6833 1274 4484
f 4482 4484 1631
f 1275 6834 3753
f 4487 4485 6834
f 6834 1277 2750
f 3753 2750 398
f 400 6835 2748
f 2740 4486 6835
f 6835 1632 4487
f 2748 4487 1275
f 1267 6836 4486
f 3745 3754 6836
f 6836 1276 4488
f 4486 4488 1632
f 4491 3749 1271
f 1633 6837 4491
f 4489 2747 6837
f 6837 403 3749
f 3750 2744 415
f 1272 6838 3750
f 4490 4491 6838
f 6838 1271 2744
f 2745 4490 1272
f 389 6839 2745
f 3751 4492 6839
f 6839 1633 4490
f 4495 3745 1267
f 1634 6840 4495
f 4493 2743 6840
f 6840 402 3745
f 3746 2740 400
f 1268 6841 3746
f 4494 4495 6841
f 6841 1267 2740
f 2741 4494 1268
f 388 6842 2741
f 3747 4496 6842
f 6842 1634 4494
f 4497 2601 1128
f 1260 6843 4497
f 325 6843 3738
f 4498 4497 1128
f 4499 4498 1266
f 4497 4499 1260
f 3744 4499 1266
f 381 6845 3744
f 1260 6845 2733
f 4500 2598 1125
f 1265 6846 4500
f 2598 3743 352
f 4501 4500 1125
f 4502 4501 1259
f 4500 4502 1265
f 1259 6848 4502
f 380 6848 3737
f 4502 2738 1265
f 4505 2736 1263
f 1635 6849 4505
f 4503 3717 6849
f 6849 387 2736
f 3744 3741 381
f 1266 6850 3744
f 4504 4505 6850
f 6850 1263 3741
f 2739 4504 1266
f 353 6851 2739
f 2607 4506 6851
f 6851 1635 4504
f 4509 2709 1236
f 1636 6852 4509
f 4507 3740 6852
f 6852 386 2709
f 2604 3714 350
f 1131 6853 2604
f 4508 4509 6853
f 6853 1236 3714
f 3609 4508 1131
f 352 6854 3609
f 3743 4510 6854
f 6854 1636 4508
f 4513 2730 1257
f 1637 6855 4513
f 4511 2737 6855
f 6855 323 2730
f 3741 3735 381
f 1263 6856 3741
f 4512 4513 6856
f 6856 1257 3735
f 1263 6857 4512
f 2736 2717 6857
f 2717 4514 6857
f 6857 1637 4512
f 4517 3739 1261
f 1638 6858 4517
f 4515 3732 6858
f 6858 322 3739
f 2716 2734 320
f 1243 6859 2716
f 4516 4517 6859
f 6859 1261 2734
f 3721 4516 1243
f 3721 3740 6860
f 6860 1262 4518
f 6860 1638 4516
f 4521 3738 1260
f 1639 6861 4521
f 4519 3632 6861
f 3738 3632 325
f 2729 2733 381
f 1256 6862 2729
f 4520 4521 6862
f 2733 4521 1260
f 3734 4520 1256
f 379 6863 3734
f 2677 4522 6863
f 6863 1639 4520
f 4525 2626 1153
f 1640 6864 4525
f 4523 2732 6864
f 2626 2732 324
f 2674 3631 316
f 1201 6865 2674
f 4524 4525 6865
f 6865 1153 3631
f 3679 4524 1201
f 378 6866 3679
f 2728 4526 6866
f 6866 1640 4524
f 1256 6867 3734
f 1641 6867 4529
f 6867 1199 3677
f 3734 3677 379
f 3735 2729 381
f 3735 4528 6868
f 4528 4529 6868
f 6868 1256 2729
f 1257 6869 4528
f 2730 3736 6869
f 3736 4530 6869
f 6869 1641 4528
f 1196 6870 2669
f 1642 6870 4533
f 6870 1255 2728
f 2669 2728 378
f 3731 3674 314
f 1253 6871 3731
f 4532 4533 6871
f 6871 1196 3674
f 2726 4532 1253
f 2726 3732 6872
f 6872 1254 4534
f 6872 1642 4532
f 1252 6873 2725
f 1122 6873 4535
f 2725 3600 301
f 1252 6874 4535
f 4537 4536 1119
f 1122 6874 4537
f 1119 6875 4537
f 347 6875 3597
f 4537 2595 1122
f 4538 2722 1249
f 1118 6876 4538
f 344 6876 3596
f 1249 6877 4538
f 1121 6877 4539
f 4538 4540 1118
f 3599 4540 1121
f 346 6878 3599
f 1118 6878 2591
f 4541 2724 1251
f 1144 6879 4541
f 2724 3622 343
f 1251 6880 4541
f 4543 4542 1240
f 4541 4543 1144
f 3718 4543 1240
f 349 6881 3718
f 4543 2617 1144
f 4544 2723 1250
f 1235 6882 4544
f 2723 3713 384
f 1250 6883 4544
f 4546 4545 1143
f 4544 4546 1235
f 3621 4546 1143
f 348 6884 3621
f 4546 2708 1235
f 1251 6885 3729
f 4549 4547 6885
f 6885 1248 3726
f 3729 3726 385
f 343 6886 2724
f 2586 4548 6886
f 6886 1643 4549
f 2724 4549 1251
f 1113 6887 4548
f 3591 3730 6887
f 6887 1252 4550
f 4548 4550 1643
f 1247 6888 2720
f 4553 4551 6888
f 6888 1250 2723
f 2720 2723 384
f 300 6889 3725
f 3727 4552 6889
f 6889 1644 4553
f 3725 4553 1247
f 1249 6890 4552
f 2722 2583 6890
f 6890 1110 4554
f 4552 4554 1644
f 1245 6891 2718
f 4557 4555 6891
f 6891 1149 3627
f 2718 3627 319
f 385 6892 3723
f 3726 4556 6892
f 6892 1645 4557
f 3723 4557 1245
f 1248 6893 4556
f 2721 2538 6893
f 6893 1065 4558
f 4556 4558 1645
f 1146 6894 2619
f 4561 4559 6894
f 6894 1242 3720
f 2619 3720 318
f 298 6895 3624
f 2537 4560 6895
f 6895 1646 4561
f 3624 4561 1146
f 1064 6896 4560
f 3542 3725 6896
f 6896 1247 4562
f 4560 4562 1646
f 4565 3722 1244
f 1647 6897 4565
f 4563 2719 6897
f 6897 321 3722
f 2711 2717 387
f 1238 6898 2711
f 4564 4565 6898
f 6898 1244 2717
f 1238 6899 4564
f 3716 3723 6899
f 6899 1245 4566
f 6899 1647 4564
f 4569 3719 1241
f 1648 6900 4569
f 4567 2716 6900
f 6900 320 3719
f 3720 2714 318
f 1242 6901 3720
f 4568 4569 6901
f 6901 1241 2714
f 1242 6902 4568
f 2715 2710 6902
f 6902 1237 4570
f 6902 1648 4568
f 4573 3716 1238
f 1649 6903 4573
f 4571 2713 6903
f 3716 2713 385
f 387 6904 2711
f 1239 6904 3717
f 4572 4573 6904
f 2711 4573 1238
f 2712 4572 1239
f 351 6905 2712
f 2612 4574 6905
f 6905 1649 4572
f 4577 3713 1235
f 1650 6906 4577
f 4575 2710 6906
f 3713 2710 384
f 2609 2708 348
f 1136 6907 2609
f 4576 4577 6907
f 6907 1235 2708
f 3614 4576 1136
f 350 6908 3614
f 3714 4578 6908
f 6908 1650 4576
f 4581 2704 1231
f 1651 6909 4581
f 4579 2707 6909
f 6909 383 2704
f 2666 3709 371
f 1193 6910 2666
f 4580 4581 6910
f 6910 1231 3709
f 3671 4580 1193
f 377 6911 3671
f 2673 4582 6911
f 6911 1651 4580
f 4585 3711 1233
f 1652 6912 4585
f 4583 3708 6912
f 6912 382 3711
f 2668 2706 314
f 1195 6913 2668
f 4584 4585 6913
f 6913 1233 2706
f 3673 4584 1195
f 376 6914 3673
f 2663 4586 6914
f 6914 1652 4584
f 1187 6915 2660
f 4589 4587 6915
f 6915 1227 3705
f 2660 3705 369
f 371 6916 3665
f 3709 4588 6916
f 6916 1653 4589
f 3665 4589 1187
f 1231 6917 4588
f 2704 3710 6917
f 6917 1232 4590
f 4588 4590 1653
f 1226 6918 2699
f 4593 4591 6918
f 6918 1184 3662
f 2699 3662 368
f 312 6919 3704
f 3707 4592 6919
f 6919 1654 4593
f 3704 4593 1226
f 1229 6920 4592
f 2702 3708 6920
f 6920 1230 4594
f 4592 4594 1654
f 1181 6921 2654
f 4597 4595 6921
f 6921 1224 3702
f 2654 3702 363
f 369 6922 3659
f 3705 4596 6922
f 6922 1655 4597
f 3659 4597 1181
f 1227 6923 4596
f 2700 3706 6923
f 3706 4598 6923
f 4596 4598 1655
f 1223 6924 2696
f 4601 4599 6924
f 6924 1178 3656
f 2696 3656 362
f 310 6925 3701
f 3703 4600 6925
f 6925 1656 4601
f 3701 4601 1223
f 2698 4600 1225
f 2698 3704 6926
f 6926 1226 4602
f 4600 4602 1656
f 4605 3702 1224
f 1657 6927 4605
f 4603 3653 6927
f 6927 363 3702
f 2623 2697 311
f 1150 6928 2623
f 4604 4605 6928
f 6928 1224 2697
f 3628 4604 1150
f 297 6929 3628
f 2530 4606 6929
f 6929 1657 4604
f 4609 2645 1172
f 1658 6930 4609
f 4607 2696 6930
f 6930 362 2645
f 2529 3650 294
f 1056 6931 2529
f 4608 4609 6931
f 6931 1172 3650
f 3534 4608 1056
f 296 6932 3534
f 2618 4610 6932
f 6932 1658 4608
f 4611 2695 1222
f 1033 6933 4611
f 73 6933 3511
f 1222 6934 4611
f 4613 4612 1221
f 4611 4613 1033
f 1221 6935 4613
f 2506 3699 285
f 4613 2506 1033
f 4614 3700 1222
f 3698 4614 1220
f 3700 3698 74
f 1222 6937 4614
f 4616 4615 1032
f 4614 4616 1220
f 3510 4616 1032
f 2693 3510 284
f 1220 6938 2693
f 1217 6939 2690
f 4619 4617 6939
f 6939 1221 2694
f 2690 2694 74
f 2687 3695 361
f 2687 4618 6940
f 6940 1659 4619
f 3695 4619 1217
f 1214 6941 4618
f 291 6941 3692
f 6941 1219 4620
f 4618 4620 1659
f 1220 6942 3698
f 4623 4621 6942
f 6942 1216 3694
f 3698 3694 74
f 284 6943 2693
f 2691 4622 6943
f 6943 1660 4623
f 2693 4623 1220
f 1218 6944 4622
f 290 6944 3696
f 6944 1213 4624
f 4622 4624 1660
f 1045 6945 2518
f 4627 4625 6945
f 6945 1219 2692
f 2518 2692 291
f 289 6946 3523
f 2514 4626 6946
f 6946 1661 4627
f 3523 4627 1045
f 3519 4626 1041
f 287 6947 3519
f 2510 4628 6947
f 6947 1661 4626
f 1218 6948 3696
f 4631 4629 6948
f 6948 1044 3522
f 3696 3522 290
f 2509 2691 284
f 1036 6949 2509
f 4630 4631 6949
f 6949 1218 2691
f 3514 4630 1036
f 286 6950 3514
f 2513 4632 6950
f 6950 1662 4630
f 4635 2635 1162
f 1663 6951 4635
f 4633 3693 6951
f 6951 302 2635
f 2685 3640 359
f 1212 6952 2685
f 4634 4635 6952
f 6952 1162 3640
f 3690 4634 1212
f 361 6953 3690
f 3695 4636 6953
f 6953 1663 4634
f 4639 3693 1215
f 1664 6954 4639
f 4637 3635 6954
f 6954 302 3693
f 3694 2688 74
f 1216 6955 3694
f 4638 4639 6955
f 6955 1215 2688
f 2689 4638 1216
f 360 6956 2689
f 2682 4640 6956
f 6956 1664 4638
f 4643 2684 1211
f 1665 6957 4643
f 4641 2687 6957
f 6957 361 2684
f 2649 3689 365
f 1176 6958 2649
f 4642 4643 6958
f 6958 1211 3689
f 3654 4642 1176
f 293 6959 3654
f 2522 4644 6959
f 6959 1665 4642
f 4647 3691 1213
f 1666 6960 4647
f 4645 3688 6960
f 6960 360 3691
f 2521 2686 290
f 1048 6961 2521
f 4646 4647 6961
f 6961 1213 2686
f 3526 4646 1048
f 292 6962 3526
f 2644 4648 6962
f 6962 1666 4646
f 4651 2655 1182
f 4651 4649 6963
f 6963 1208 3686
f 6963 367 2655
f 365 6964 3660
f 3689 4650 6964
f 6964 1667 4651
f 6964 1182 3660
f 1211 6965 4650
f 2684 3690 6965
f 6965 1212 4652
f 4650 4652 1667
f 1207 6966 2680
f 4655 4653 6966
f 4653 3655 6966
f 6966 366 2680
f 358 6967 3685
f 1209 6967 3687
f 6967 1668 4655
f 3685 4655 1207
f 1209 6968 4654
f 2682 3688 6968
f 6968 1210 4656
f 4654 4656 1668
f 1188 6969 2661
f 4659 4657 6969
f 6969 1206 3684
f 2661 3684 373
f 367 6970 3666
f 3686 4658 6970
f 6970 1669 4659
f 3666 4659 1188
f 1208 6971 4658
f 2681 2634 6971
f 6971 1161 4660
f 4658 4660 1669
f 1205 6972 2678
f 4663 4661 6972
f 6972 1183 3661
f 2678 3661 372
f 356 6973 3683
f 2631 4662 6973
f 6973 1670 4663
f 3683 4663 1205
f 1158 6974 4662
f 3636 3685 6974
f 6974 1207 4664
f 4662 4664 1670
f 1194 6975 2667
f 4667 4665 6975
f 6975 1203 3681
f 2667 3681 375
f 373 6976 3672
f 3684 4666 6976
f 6976 1671 4667
f 3672 4667 1194
f 1206 6977 4666
f 2679 2640 6977
f 6977 1167 4668
f 4666 4668 1671
f 1202 6978 2675
f 4671 4669 6978
f 6978 1189 3667
f 2675 3667 374
f 354 6979 3680
f 2637 4670 6979
f 6979 1672 4671
f 3680 4671 1202
f 1164 6980 4670
f 3642 3683 6980
f 6980 1205 4672
f 4670 4672 1672
f 1198 6981 2671
f 4675 4673 6981
f 6981 1204 2677
f 2671 2677 379
f 375 6982 3676
f 3681 4674 6982
f 6982 1673 4675
f 3676 4675 1198
f 1203 6983 4674
f 2676 2643 6983
f 6983 1170 4676
f 4674 4676 1673
f 1201 6984 3679
f 4679 4677 6984
f 6984 1197 3675
f 3679 3675 378
f 316 6985 2674
f 2642 4678 6985
f 6985 1674 4679
f 2674 4679 1201
f 1169 6986 4678
f 3647 3680 6986
f 6986 1202 4680
f 4678 4680 1674
f 4683 2665 1192
f 1675 6987 4683
f 4681 2673 6987
f 6987 377 2665
f 3676 3670 375
f 1198 6988 3676
f 4682 4683 6988
f 6988 1192 3670
f 2671 4682 1198
f 379 6989 2671
f 3677 4684 6989
f 6989 1675 4682
f 4687 3673 1195
f 1676 6990 4687
f 4685 3669 6990
f 6990 376 3673
f 314 6991 2668
f 1196 6991 3674
f 4686 4687 6991
f 2668 4687 1195
f 2669 4686 1196
f 378 6992 2669
f 3675 4688 6992
f 6992 1676 4686
f 4691 3670 1192
f 4691 4689 6993
f 4689 2667 6993
f 6993 375 3670
f 3671 2665 377
f 1193 6994 3671
f 6994 1677 4691
f 6994 1192 2665
f 2666 4690 1193
f 2666 2659 6995
f 6995 1186 4692
f 4690 4692 1677
f 4695 3667 1189
f 4695 4693 6996
f 4693 2664 6996
f 6996 374 3667
f 372 6997 2662
f 2658 4694 6997
f 6997 1678 4695
f 6997 1189 2662
f 1185 6998 4694
f 3663 3668 6998
f 3668 4696 6998
f 4694 4696 1678
f 1186 6999 3664
f 4699 4697 6999
f 6999 1188 2661
f 3664 2661 373
f 371 7000 2659
f 3665 4698 7000
f 7000 1679 4699
f 2659 4699 1186
f 1187 7001 4698
f 2660 2653 7001
f 7001 1180 4700
f 4698 4700 1679
f 1183 7002 3661
f 4703 4701 7002
f 7002 1185 2658
f 3661 2658 372
f 366 7003 2656
f 2652 4702 7003
f 7003 1680 4703
f 2656 4703 1183
f 1179 7004 4702
f 3657 3662 7004
f 7004 1184 4704
f 4702 4704 1680
f 1180 7005 3658
f 4707 4705 7005
f 7005 1182 2655
f 3658 2655 367
f 369 7006 2653
f 3659 4706 7006
f 7006 1681 4707
f 2653 4707 1180
f 1181 7007 4706
f 2654 2647 7007
f 7007 1174 4708
f 4706 4708 1681
f 1177 7008 3655
f 4711 4709 7008
f 7008 1179 2652
f 3655 2652 366
f 364 7009 2650
f 2646 4710 7009
f 7009 1682 4711
f 2650 4711 1177
f 1173 7010 4710
f 3651 3656 7010
f 7010 1178 4712
f 4710 4712 1682
f 1174 7011 3652
f 4715 4713 7011
f 7011 1176 2649
f 3652 2649 365
f 363 7012 2647
f 1175 7012 3653
f 7012 1683 4715
f 2647 4715 1174
f 2648 4714 1175
f 295 7013 2648
f 7013 1053 4716
f 4714 4716 1683
f 1171 7014 3649
f 4719 4717 7014
f 7014 1173 2646
f 3649 2646 364
f 2525 2644 292
f 2525 4718 7015
f 7015 1684 4719
f 2644 4719 1171
f 1052 7016 4718
f 294 7016 3530
f 3650 4720 7016
f 4718 4720 1684
f 4723 2628 1155
f 4723 4721 7017
f 7017 1168 3646
f 7017 76 2628
f 3648 3633 317
f 1170 7018 3648
f 7018 1685 4723
f 7018 1155 3633
f 2643 4722 1170
f 2643 2639 7019
f 7019 1166 4724
f 4722 4724 1685
f 1168 7020 3646
f 4727 4725 7020
f 4725 3630 7020
f 7020 76 3646
f 75 7021 2641
f 2638 4726 7021
f 7021 1686 4727
f 2641 4727 1168
f 1165 7022 4726
f 3643 3647 7022
f 3647 4728 7022
f 4726 4728 1686
f 1166 7023 3644
f 4731 4729 7023
f 7023 1163 3641
f 3644 3641 75
f 355 7024 2639
f 3645 4730 7024
f 7024 1687 4731
f 2639 4731 1166
f 1167 7025 4730
f 357 7025 2640
f 7025 1160 4732
f 4730 4732 1687
f 1163 7026 3641
f 4735 4733 7026
f 7026 1165 2638
f 3641 2638 75
f 303 7027 2636
f 2632 4734 7027
f 7027 1688 4735
f 2636 4735 1163
f 1159 7028 4734
f 356 7028 3637
f 7028 1164 4736
f 4734 4736 1688
f 1160 7029 3638
f 1689 7029 4739
f 4737 3634 7029
f 3638 3634 303
f 3639 2633 357
f 1161 7030 3639
f 4738 4739 7030
f 2633 4739 1160
f 2634 4738 1161
f 359 7031 2634
f 3640 4740 7031
f 7031 1689 4738
f 4743 3634 1156
f 1690 7032 4743
f 7032 1159 2632
f 3634 2632 303
f 3635 2629 302
f 1157 7033 3635
f 4742 4743 7033
f 7033 1156 2629
f 2630 4742 1157
f 358 7034 2630
f 3636 4744 7034
f 7034 1690 4742
f 4747 2602 1129
f 1691 7035 4747
f 4745 3629 7035
f 7035 77 2602
f 325 7036 3607
f 3632 4746 7036
f 4746 4747 7036
f 7036 1129 3607
f 2627 4746 1154
f 317 7037 2627
f 3633 4748 7037
f 7037 1691 4746
f 4751 3629 1151
f 1692 7038 4751
f 4749 3602 7038
f 7038 77 3629
f 3630 2624 76
f 1152 7039 3630
f 4750 4751 7039
f 7039 1151 2624
f 2625 4750 1152
f 316 7040 2625
f 3631 4752 7040
f 7040 1692 4750
f 1148 7041 3626
f 4755 4753 7041
f 7041 1150 2623
f 3626 2623 311
f 319 7042 2621
f 3627 4754 7042
f 7042 1693 4755
f 2621 4755 1148
f 1149 7043 4754
f 2622 2534 7043
f 7043 1061 4756
f 4754 4756 1693
f 1145 7044 3623
f 4759 4757 7044
f 7044 1147 2620
f 3623 2620 310
f 296 7045 2618
f 2533 4758 7045
f 7045 1694 4759
f 2618 4759 1145
f 1060 7046 4758
f 3538 3624 7046
f 7046 1146 4760
f 4758 4760 1694
f 4763 3622 1144
f 1695 7047 4763
f 7047 1116 3594
f 3622 3594 343
f 2615 2617 349
f 1142 7048 2615
f 4762 4763 7048
f 7048 1144 2617
f 3620 4762 1142
f 329 7049 3620
f 2579 4764 7049
f 7049 1695 4762
f 1115 7050 2588
f 1696 7050 4767
f 4765 2616 7050
f 2588 2616 342
f 326 7051 3593
f 2576 4766 7051
f 7051 1696 4767
f 3593 4767 1115
f 3581 4766 1103
f 328 7052 3581
f 2614 4768 7052
f 7052 1696 4766
f 1072 7053 2545
f 4771 4769 7053
f 7053 1140 3618
f 2545 3618 309
f 329 7054 3550
f 3620 4770 7054
f 7054 1697 4771
f 3550 4771 1072
f 1142 7055 4770
f 2615 2611 7055
f 7055 1138 4772
f 4770 4772 1697
f 1140 7056 3618
f 4775 4773 7056
f 7056 1069 3547
f 3618 3547 309
f 305 7057 2613
f 2610 4774 7057
f 7057 1698 4775
f 2613 4775 1140
f 1137 7058 4774
f 3615 3619 7058
f 7058 1141 4776
f 4774 4776 1698
f 1138 7059 3616
f 4779 4777 7059
f 7059 1135 3613
f 3616 3613 305
f 349 7060 2611
f 3617 4778 7060
f 7060 1699 4779
f 2611 4779 1138
f 1139 7061 4778
f 351 7061 2612
f 2606 4780 7061
f 7061 1699 4778
f 1135 7062 3613
f 4783 4781 7062
f 7062 1137 2610
f 3613 2610 305
f 2605 2608 78
f 1132 7063 2605
f 4782 4783 7063
f 7063 1135 2608
f 3610 4782 1132
f 350 7064 3610
f 7064 1136 4784
f 7064 1700 4782
f 4787 3611 1133
f 1701 7065 4787
f 4785 3608 7065
f 7065 78 3611
f 3612 2606 351
f 3612 4786 7066
f 4786 4787 7066
f 7066 1133 2606
f 1134 7067 4786
f 353 7067 2607
f 2600 4788 7067
f 7067 1701 4786
f 4791 3608 1130
f 1702 7068 4791
f 4789 2605 7068
f 7068 78 3608
f 2599 2603 304
f 1126 7069 2599
f 4790 4791 7069
f 7069 1130 2603
f 3604 4790 1126
f 352 7070 3604
f 7070 1131 4792
f 7070 1702 4790
f 4795 3605 1127
f 1703 7071 4795
f 4793 3601 7071
f 7071 304 3605
f 3606 2600 353
f 1128 7072 3606
f 4794 4795 7072
f 7072 1127 2600
f 2601 4794 1128
f 325 7073 2601
f 3607 4796 7073
f 7073 1703 4794
f 4799 3601 1123
f 1704 7074 4799
f 4797 2599 7074
f 7074 304 3601
f 3602 2596 77
f 1124 7075 3602
f 4798 4799 7075
f 7075 1123 2596
f 2597 4798 1124
f 324 7076 2597
f 3603 4800 7076
f 7076 1704 4798
f 4803 2539 1066
f 1705 7077 4803
f 4801 3151 7077
f 7077 93 2539
f 301 7078 3544
f 3600 4802 7078
f 4802 4803 7078
f 7078 1066 3544
f 1122 7079 4802
f 347 7079 2595
f 2593 4804 7079
f 7079 1705 4802
f 4807 2141 668
f 1706 7080 4807
f 4805 3541 7080
f 7080 92 2141
f 2590 3146 79
f 1117 7081 2590
f 4806 4807 7081
f 7081 668 3146
f 3595 4806 1117
f 346 7082 3595
f 7082 1121 4808
f 7082 1706 4806
f 4811 3597 1119
f 1707 7083 4811
f 7083 1120 2593
f 3597 2593 347
f 2585 2592 345
f 1112 7084 2585
f 4810 4811 7084
f 2592 4811 1119
f 1112 7085 4810
f 216 7085 3590
f 2363 4812 7085
f 7085 1707 4810
f 1117 7086 3595
f 1708 7086 4815
f 4813 2591 7086
f 3595 2591 346
f 79 7087 2590
f 889 7087 2362
f 4814 4815 7087
f 2590 4815 1117
f 3367 4814 889
f 215 7088 3367
f 7088 1111 4816
f 7088 1708 4814
f 4819 2587 1114
f 1709 7089 4819
f 4817 3362 7089
f 7089 210 2587
f 3594 3592 343
f 1116 7090 3594
f 4818 4819 7090
f 7090 1114 3592
f 2589 4818 1116
f 327 7091 2589
f 2581 4820 7091
f 7091 1709 4818
f 4823 2354 881
f 1710 7092 4823
f 4821 3587 7092
f 7092 209 2354
f 2580 3359 81
f 1107 7093 2580
f 4822 4823 7093
f 7093 881 3359
f 3585 4822 1107
f 326 7094 3585
f 3593 4824 7094
f 7094 1710 4822
f 4827 3590 1112
f 1711 7095 4827
f 4825 3366 7095
f 3590 3366 216
f 345 7096 2585
f 3591 4826 7096
f 7096 1711 4827
f 2585 4827 1112
f 1113 7097 4826
f 2586 3592 7097
f 3592 4828 7097
f 4826 4828 1711
f 4831 2358 885
f 1712 7098 4831
f 4829 2584 7098
f 2358 2584 215
f 3587 3363 209
f 1109 7099 3587
f 4830 4831 7099
f 7099 885 3363
f 2582 4830 1109
f 2582 3588 7100
f 7100 1110 4832
f 4830 4832 1712
f 1105 7101 2578
f 4835 4833 7101
f 7101 1108 2581
f 2578 2581 327
f 333 7102 3583
f 2571 4834 7102
f 7102 1713 4835
f 3583 4835 1105
f 1098 7103 4834
f 3576 2139 7103
f 7103 666 4836
f 4834 4836 1713
f 1107 7104 3585
f 4839 4837 7104
f 7104 1104 3582
f 3585 3582 326
f 81 7105 2580
f 2134 4838 7105
f 7105 1714 4839
f 2580 4839 1107
f 661 7106 4838
f 3139 2568 7106
f 7106 1095 4840
f 4838 4840 1714
f 4843 2544 1071
f 1715 7107 4843
f 4841 2579 7107
f 7107 329 2544
f 2574 3549 339
f 1101 7108 2574
f 4842 4843 7108
f 7108 1071 3549
f 3579 4842 1101
f 3579 3583 7109
f 7109 1105 4844
f 7109 1715 4842
f 4847 3581 1103
f 1716 7110 4847
f 4845 3548 7110
f 7110 328 3581
f 3582 2576 326
f 3582 4846 7111
f 4846 4847 7111
f 7111 1103 2576
f 1104 7112 4846
f 2577 2573 7112
f 2573 4848 7112
f 7112 1716 4846
f 4851 2555 1082
f 1717 7113 4851
f 4849 3580 7113
f 7113 337 2555
f 2562 3560 341
f 1089 7114 2562
f 4850 4851 7114
f 7114 1082 3560
f 3567 4850 1089
f 335 7115 3567
f 7115 1093 4852
f 7115 1717 4850
f 4855 2572 1099
f 1718 7116 4855
f 4853 3559 7116
f 7116 336 2572
f 330 7117 3577
f 2565 4854 7117
f 4854 4855 7117
f 7117 1099 3577
f 1092 7118 4854
f 334 7118 3570
f 2561 4856 7118
f 7118 1718 4854
f 1101 7119 3579
f 4859 4857 7119
f 4857 3575 7119
f 7119 333 3579
f 339 7120 2574
f 2550 4858 7120
f 7120 1719 4859
f 2574 4859 1101
f 1077 7121 4858
f 3555 3580 7121
f 7121 1102 4860
f 4858 4860 1719
f 4863 2569 1096
f 4863 4861 7122
f 7122 1100 2573
f 7122 332 2569
f 3577 3574 330
f 3577 4862 7123
f 7123 1720 4863
f 7123 1096 3574
f 1099 7124 4862
f 2572 2549 7124
f 7124 1076 4864
f 4862 4864 1720
f 1097 7125 3575
f 4867 4865 7125
f 7125 1098 2571
f 3575 2571 333
f 331 7126 2570
f 2567 4866 7126
f 7126 1721 4867
f 2570 4867 1097
f 1094 7127 4866
f 3572 2133 7127
f 7127 660 4868
f 4866 4868 1721
f 1095 7128 3573
f 4871 4869 7128
f 7128 1096 2569
f 3573 2569 332
f 83 7129 2568
f 2128 4870 7129
f 7129 1722 4871
f 2568 4871 1095
f 655 7130 4870
f 3133 2564 7130
f 7130 1091 4872
f 4870 4872 1722
f 1093 7131 3571
f 4875 4873 7131
f 7131 1094 2567
f 3571 2567 331
f 335 7132 2566
f 2563 4874 7132
f 7132 1723 4875
f 2566 4875 1093
f 1090 7133 4874
f 3568 2127 7133
f 7133 654 4876
f 4874 4876 1723
f 1091 7134 3569
f 4879 4877 7134
f 7134 1092 2565
f 3569 2565 330
f 85 7135 2564
f 2122 4878 7135
f 7135 1724 4879
f 2564 4879 1091
f 649 7136 4878
f 3127 2560 7136
f 7136 1087 4880
f 4878 4880 1724
f 1089 7137 3567
f 4883 4881 7137
f 7137 1090 2563
f 3567 2563 335
f 341 7138 2562
f 2559 4882 7138
f 7138 1725 4883
f 2562 4883 1089
f 1086 7139 4882
f 3564 2121 7139
f 7139 648 4884
f 4882 4884 1725
f 1087 7140 3565
f 4887 4885 7140
f 7140 1088 2561
f 3565 2561 334
f 87 7141 2560
f 2116 4886 7141
f 7141 1726 4887
f 2560 4887 1087
f 643 7142 4886
f 3121 2557 7142
f 7142 1084 4888
f 4886 4888 1726
f 1083 7143 2556
f 4891 4889 7143
f 7143 1086 2559
f 2556 2559 341
f 306 7144 3561
f 2558 4890 7144
f 7144 1727 4891
f 3561 4891 1083
f 1085 7145 4890
f 3563 2115 7145
f 7145 642 4892
f 4890 4892 1727
f 1084 7146 3562
f 4895 4893 7146
f 7146 1079 3557
f 3562 3557 340
f 89 7147 2557
f 2109 4894 7147
f 7147 1728 4895
f 2557 4895 1084
f 636 7148 4894
f 3114 3563 7148
f 7148 1085 4896
f 4894 4896 1728
f 4899 3560 1082
f 1729 7149 4899
f 4897 2556 7149
f 7149 341 3560
f 2551 2555 337
f 1078 7150 2551
f 4898 4899 7150
f 7150 1082 2555
f 3556 4898 1078
f 307 7151 3556
f 2553 4900 7151
f 7151 1729 4898
f 4903 3557 1079
f 1730 7152 4903
f 4901 2554 7152
f 7152 340 3557
f 3558 2552 306
f 1080 7153 3558
f 4902 4903 7153
f 7153 1079 2552
f 2553 4902 1080
f 307 7154 2553
f 2547 4904 7154
f 7154 1730 4902
f 4907 3555 1077
f 1731 7155 4907
f 4905 2551 7155
f 7155 337 3555
f 2546 2550 339
f 1073 7156 2546
f 4906 4907 7156
f 7156 1077 2550
f 3551 4906 1073
f 308 7157 3551
f 2548 4908 7157
f 7157 1731 4906
f 4911 3552 1074
f 1732 7158 4911
f 4909 2549 7158
f 7158 336 3552
f 3553 2547 307
f 1075 7159 3553
f 4910 4911 7159
f 7159 1074 2547
f 2548 4910 1075
f 308 7160 2548
f 2540 4912 7160
f 7160 1732 4910
f 4915 3549 1071
f 1733 7161 4915
f 4913 2546 7161
f 7161 339 3549
f 3550 2544 329
f 1072 7162 3550
f 4914 4915 7162
f 7162 1071 2544
f 2545 4914 1072
f 309 7163 2545
f 2541 4916 7163
f 7163 1733 4914
f 4919 3545 1067
f 1734 7164 4919
f 4917 2543 7164
f 7164 338 3545
f 3546 2540 308
f 1068 7165 3546
f 4918 4919 7165
f 7165 1067 2540
f 2541 4918 1068
f 309 7166 2541
f 3547 4920 7166
f 7166 1734 4918
f 1065 7167 3543
f 4923 4921 7167
f 7167 1062 3540
f 3543 3540 299
f 301 7168 2538
f 3544 4922 7168
f 7168 1735 4923
f 2538 4923 1065
f 1066 7169 4922
f 2539 2153 7169
f 7169 680 4924
f 4922 4924 1735
f 1059 7170 2532
f 4927 4925 7170
f 7170 1064 2537
f 2532 2537 298
f 94 7171 3537
f 675 7171 2148
f 7171 1736 4927
f 3537 4927 1059
f 675 7172 4926
f 3153 3541 7172
f 7172 1063 4928
f 4926 4928 1736
f 1061 7173 3539
f 4931 4929 7173
f 4929 3536 7173
f 3539 3536 297
f 299 7174 2534
f 3540 4930 7174
f 7174 1737 4931
f 2534 4931 1061
f 1062 7175 4930
f 2535 2159 7175
f 7175 686 4932
f 4930 4932 1737
f 4935 2528 1055
f 4935 4933 7176
f 7176 1060 2533
f 2528 2533 296
f 2154 3533 96
f 2154 4934 7177
f 7177 1738 4935
f 7177 1055 3533
f 681 7178 4934
f 3159 3537 7178
f 7178 1059 4936
f 4934 4936 1738
f 4939 3535 1057
f 1739 7179 4939
f 4937 3532 7179
f 7179 295 3535
f 3536 2530 297
f 1058 7180 3536
f 4938 4939 7180
f 7180 1057 2530
f 2531 4938 1058
f 97 7181 2531
f 2165 4940 7181
f 7181 1739 4938
f 4943 2524 1051
f 1740 7182 4943
f 4941 2529 7182
f 7182 294 2524
f 2160 3529 98
f 687 7183 2160
f 4942 4943 7183
f 7183 1051 3529
f 3165 4942 687
f 96 7184 3165
f 3533 4944 7184
f 7184 1740 4942
f 1053 7185 3531
f 4947 4945 7185
f 4945 3528 7185
f 7185 293 3531
f 3532 2526 295
f 1054 7186 3532
f 7186 1741 4947
f 2526 4947 1053
f 2527 4946 1054
f 99 7187 2527
f 2171 4948 7187
f 7187 1741 4946
f 4951 2520 1047
f 4951 4949 7188
f 7188 1052 2525
f 7188 292 2520
f 2166 3525 100
f 693 7189 2166
f 4950 4951 7189
f 7189 1047 3525
f 3171 4950 693
f 98 7190 3171
f 3529 4952 7190
f 7190 1742 4950
f 4955 3527 1049
f 1743 7191 4955
f 4953 3524 7191
f 7191 291 3527
f 3528 2522 293
f 1050 7192 3528
f 4954 4955 7192
f 7192 1049 2522
f 2523 4954 1050
f 101 7193 2523
f 2177 4956 7193
f 7193 1743 4954
f 4959 2516 1043
f 1744 7194 4959
f 4957 2521 7194
f 7194 290 2516
f 2172 3521 102
f 699 7195 2172
f 4958 4959 7195
f 7195 1043 3521
f 3177 4958 699
f 100 7196 3177
f 3525 4960 7196
f 7196 1744 4958
f 4963 3523 1045
f 1745 7197 4963
f 4961 3520 7197
f 7197 289 3523
f 291 7198 2518
f 1046 7198 3524
f 4962 4963 7198
f 2518 4963 1045
f 2519 4962 1046
f 103 7199 2519
f 2183 4964 7199
f 7199 1745 4962
f 4967 2512 1039
f 1746 7200 4967
f 4965 2517 7200
f 7200 288 2512
f 2178 3517 104
f 705 7201 2178
f 4966 4967 7201
f 7201 1039 3517
f 3183 4966 705
f 102 7202 3183
f 3521 4968 7202
f 7202 1746 4966
f 4971 3519 1041
f 1747 7203 4971
f 4969 3516 7203
f 7203 287 3519
f 3520 2514 289
f 1042 7204 3520
f 4970 4971 7204
f 7204 1041 2514
f 2515 4970 1042
f 105 7205 2515
f 2189 4972 7205
f 7205 1747 4970
f 4975 2508 1035
f 1748 7206 4975
f 4973 2513 7206
f 7206 286 2508
f 2184 3513 106
f 711 7207 2184
f 4974 4975 7207
f 7207 1035 3513
f 3189 4974 711
f 104 7208 3189
f 3517 4976 7208
f 7208 1748 4974
f 4979 3515 1037
f 4979 4977 7209
f 7209 1034 3512
f 7209 285 3515
f 287 7210 2510
f 3516 4978 7210
f 7210 1749 4979
f 7210 1037 2510
f 1038 7211 4978
f 107 7211 2511
f 7211 722 4980
f 4978 4980 1749
f 1031 7212 2504
f 4983 4981 7212
f 4981 2509 7212
f 7212 284 2504
f 108 7213 3509
f 2190 4982 7213
f 7213 1750 4983
f 3509 4983 1031
f 717 7214 4982
f 106 7214 3195
f 7214 1035 4984
f 4982 4984 1750
f 4987 3511 1033
f 4987 4985 7215
f 7215 1030 3508
f 3511 3508 73
f 3512 2506 285
f 1034 7216 3512
f 7216 1751 4987
f 7216 1033 2506
f 1034 7217 4986
f 109 7217 2507
f 7217 727 4988
f 4986 4988 1751
f 1030 7218 3508
f 4991 4989 7218
f 4989 2505 7218
f 3508 2505 73
f 67 7219 2503
f 2196 4990 7219
f 7219 1752 4991
f 2503 4991 1030
f 723 7220 4990
f 108 7220 3201
f 7220 1031 4992
f 4990 4992 1752
f 1029 7221 3507
f 4995 4993 7221
f 7221 1027 3505
f 3507 3505 283
f 281 7222 2502
f 2492 4994 7222
f 7222 1753 4995
f 2502 4995 1029
f 1019 7223 4994
f 3497 2402 7223
f 7223 929 4996
f 4994 4996 1753
f 1024 7224 2497
f 4999 4997 7224
f 7224 1028 2501
f 2497 2501 282
f 232 7225 3502
f 2401 4998 7225
f 7225 1754 4999
f 3502 4999 1024
f 928 7226 4998
f 3406 2489 7226
f 7226 1016 5000
f 4998 5000 1754
f 1026 7227 3504
f 5003 5001 7227
f 7227 1023 3501
f 3504 3501 261
f 283 7228 2499
f 3505 5002 7228
f 7228 1755 5003
f 2499 5003 1026
f 1027 7229 5002
f 2500 2407 7229
f 7229 934 5004
f 5002 5004 1755
f 1020 7230 2493
f 5007 5005 7230
f 7230 1025 2498
f 2493 2498 260
f 254 7231 3498
f 2406 5006 7231
f 7231 1756 5007
f 3498 5007 1020
f 933 7232 5006
f 3411 3502 7232
f 7232 1024 5008
f 5006 5008 1756
f 1022 7233 3500
f 5011 5009 7233
f 7233 982 3460
f 3500 3460 259
f 261 7234 2495
f 3501 5010 7234
f 7234 1757 5011
f 2495 5011 1022
f 1023 7235 5010
f 2496 2411 7235
f 7235 938 5012
f 5010 5012 1757
f 979 7236 2452
f 5015 5013 7236
f 7236 1021 2494
f 2452 2494 258
f 2410 3457 256
f 937 7237 2410
f 7237 1758 5015
f 3457 5015 979
f 937 7238 5014
f 3415 3498 7238
f 7238 1020 5016
f 5014 5016 1758
f 1018 7239 3496
f 5019 5017 7239
f 7239 1019 2492
f 3496 2492 281
f 2488 2491 263
f 1015 7240 2488
f 7240 1759 5019
f 2491 5019 1018
f 3493 5018 1015
f 253 7241 3493
f 2415 5020 7241
f 5018 5020 1759
f 1016 7242 3494
f 5023 5021 7242
f 7242 1017 2490
f 3494 2490 280
f 234 7243 2489
f 2414 5022 7243
f 7243 1760 5023
f 2489 5023 1016
f 3419 5022 941
f 252 7244 3419
f 2485 5024 7244
f 5022 5024 1760
f 5027 3492 1014
f 1761 7245 5027
f 5025 2488 7245
f 7245 263 3492
f 2484 2487 265
f 1011 7246 2484
f 5026 5027 7246
f 7246 1014 2487
f 3489 5026 1011
f 3489 2419 7247
f 7247 946 5028
f 7247 1761 5026
f 5031 3490 1012
f 1762 7248 5031
f 5029 2486 7248
f 7248 262 3490
f 2418 2485 252
f 945 7249 2418
f 5030 5031 7249
f 7249 1012 2485
f 945 7250 5030
f 3423 2481 7250
f 2481 5032 7250
f 7250 1762 5030
f 5035 3488 1010
f 1763 7251 5035
f 5033 2484 7251
f 7251 265 3488
f 2480 2483 267
f 1007 7252 2480
f 5034 5035 7252
f 7252 1010 2483
f 1007 7253 5034
f 3485 2423 7253
f 2423 5036 7253
f 7253 1763 5034
f 5039 3486 1008
f 1764 7254 5039
f 5037 2482 7254
f 7254 264 3486
f 2422 2481 250
f 949 7255 2422
f 5038 5039 7255
f 7255 1008 2481
f 3427 5038 949
f 3427 2477 7256
f 7256 1004 5040
f 7256 1764 5038
f 1006 7257 3484
f 5043 5041 7257
f 5041 2480 7257
f 7257 267 3484
f 269 7258 2479
f 2476 5042 7258
f 7258 1765 5043
f 2479 5043 1006
f 1003 7259 5042
f 3481 2427 7259
f 7259 954 5044
f 5042 5044 1765
f 5047 3482 1004
f 5047 5045 7260
f 7260 1005 2478
f 7260 266 3482
f 248 7261 2477
f 2426 5046 7261
f 7261 1766 5047
f 2477 5047 1004
f 953 7262 5046
f 3431 2473 7262
f 7262 1000 5048
f 5046 5048 1766
f 5051 3480 1002
f 1767 7263 5051
f 5049 2476 7263
f 7263 269 3480
f 271 7264 2475
f 2472 5050 7264
f 7264 1767 5051
f 2475 5051 1002
f 999 7265 5050
f 3477 2431 7265
f 7265 958 5052
f 5050 5052 1767
f 5055 3478 1000
f 1768 7266 5055
f 5053 2474 7266
f 7266 268 3478
f 246 7267 2473
f 957 7267 2430
f 5054 5055 7267
f 7267 1000 2473
f 957 7268 5054
f 3435 2469 7268
f 7268 996 5056
f 5054 5056 1768
f 998 7269 3476
f 5059 5057 7269
f 7269 999 2472
f 3476 2472 271
f 2468 2471 273
f 995 7270 2468
f 7270 1769 5059
f 2471 5059 998
f 3473 5058 995
f 243 7271 3473
f 2435 5060 7271
f 5058 5060 1769
f 996 7272 3474
f 5063 5061 7272
f 7272 997 2470
f 3474 2470 270
f 244 7273 2469
f 961 7273 2434
f 7273 1770 5063
f 2469 5063 996
f 3439 5062 961
f 242 7274 3439
f 2465 5064 7274
f 5062 5064 1770
f 5067 3472 994
f 1771 7275 5067
f 5065 2468 7275
f 7275 273 3472
f 275 7276 2467
f 2464 5066 7276
f 5066 5067 7276
f 7276 994 2467
f 991 7277 5066
f 241 7277 3469
f 2439 5068 7277
f 7277 1771 5066
f 5071 3470 992
f 1772 7278 5071
f 5069 2466 7278
f 7278 272 3470
f 2438 2465 242
f 965 7279 2438
f 5070 5071 7279
f 7279 992 2465
f 3443 5070 965
f 240 7280 3443
f 7280 988 5072
f 7280 1772 5070
f 5075 3468 990
f 1773 7281 5075
f 5073 2464 7281
f 3468 2464 275
f 279 7282 2463
f 2460 5074 7282
f 7282 1773 5075
f 2463 5075 990
f 987 7283 5074
f 3465 2443 7283
f 7283 970 5076
f 5074 5076 1773
f 5079 3466 988
f 1774 7284 5079
f 5077 2462 7284
f 3466 2462 274
f 2442 2461 240
f 2442 5078 7285
f 5078 5079 7285
f 7285 988 2461
f 969 7286 5078
f 3447 2457 7286
f 7286 984 5080
f 5078 5080 1774
f 986 7287 3464
f 5083 5081 7287
f 7287 987 2460
f 3464 2460 279
f 277 7288 2459
f 2456 5082 7288
f 7288 1775 5083
f 2459 5083 986
f 983 7289 5082
f 3461 2447 7289
f 7289 974 5084
f 5082 5084 1775
f 984 7290 3462
f 5087 5085 7290
f 7290 985 2458
f 3462 2458 278
f 236 7291 2457
f 2446 5086 7291
f 7291 1776 5087
f 2457 5087 984
f 973 7292 5086
f 3451 2451 7292
f 7292 978 5088
f 5086 5088 1776
f 5091 3459 981
f 1777 7293 5091
f 5089 2456 7293
f 7293 277 3459
f 259 7294 2454
f 3460 5090 7294
f 7294 1777 5091
f 7294 981 2454
f 982 7295 5090
f 2455 2450 7295
f 7295 977 5092
f 5090 5092 1777
f 5095 3456 978
f 1778 7296 5095
f 5093 2453 7296
f 7296 276 3456
f 2449 2451 238
f 976 7297 2449
f 5094 5095 7297
f 7297 978 2451
f 976 7298 5094
f 3454 3457 7298
f 7298 979 5096
f 5094 5096 1778
f 977 7299 3455
f 5099 5097 7299
f 7299 975 3453
f 7299 239 3455
f 257 7300 2450
f 2412 5098 7300
f 7300 1779 5099
f 2450 5099 977
f 939 7301 5098
f 3417 2205 7301
f 7301 732 5100
f 5098 5100 1779
f 972 7302 2445
f 5103 5101 7302
f 7302 976 2449
f 7302 238 2445
f 2202 3450 128
f 729 7303 2202
f 7303 1780 5103
f 3450 5103 972
f 729 7304 5102
f 3207 2409 7304
f 7304 936 5104
f 5102 5104 1780
f 974 7305 3452
f 5107 5105 7305
f 7305 971 3449
f 3452 3449 237
f 239 7306 2447
f 3453 5106 7306
f 7306 1781 5107
f 2447 5107 974
f 975 7307 5106
f 2448 2210 7307
f 7307 737 5108
f 5106 5108 1781
f 968 7308 2441
f 5111 5109 7308
f 7308 973 2446
f 2441 2446 236
f 179 7309 3446
f 2207 5110 7309
f 7309 1782 5111
f 3446 5111 968
f 734 7310 5110
f 3212 3450 7310
f 7310 972 5112
f 5110 5112 1782
f 970 7311 3448
f 5115 5113 7311
f 5113 3445 7311
f 3448 3445 241
f 237 7312 2443
f 3449 5114 7312
f 7312 1783 5115
f 2443 5115 970
f 971 7313 5114
f 2444 2214 7313
f 7313 741 5116
f 5114 5116 1783
f 5119 2437 964
f 5119 5117 7314
f 7314 969 2442
f 2437 2442 240
f 126 7315 3442
f 2211 5118 7315
f 7315 1784 5119
f 3442 5119 964
f 738 7316 5118
f 3216 3446 7316
f 7316 968 5120
f 5118 5120 1784
f 5123 3444 966
f 1785 7317 5123
f 5121 3441 7317
f 7317 243 3444
f 3445 2439 241
f 967 7318 3445
f 5122 5123 7318
f 7318 966 2439
f 2440 5122 967
f 2440 2218 7319
f 2218 5124 7319
f 7319 1785 5122
f 5127 2433 960
f 1786 7320 5127
f 5125 2438 7320
f 7320 242 2433
f 2215 3438 124
f 742 7321 2215
f 5126 5127 7321
f 7321 960 3438
f 3220 5126 742
f 3220 3442 7322
f 3442 5128 7322
f 7322 1786 5126
f 5131 3440 962
f 1787 7323 5131
f 5129 3437 7323
f 7323 245 3440
f 3441 2435 243
f 963 7324 3441
f 5130 5131 7324
f 7324 962 2435
f 2436 5130 963
f 125 7325 2436
f 2222 5132 7325
f 7325 1787 5130
f 5135 2429 956
f 1788 7326 5135
f 5133 2434 7326
f 7326 244 2429
f 122 7327 3434
f 746 7327 2219
f 5134 5135 7327
f 7327 956 3434
f 3224 5134 746
f 124 7328 3224
f 3438 5136 7328
f 7328 1788 5134
f 958 7329 3436
f 5139 5137 7329
f 7329 955 3433
f 3436 3433 247
f 245 7330 2431
f 3437 5138 7330
f 7330 1789 5139
f 2431 5139 958
f 959 7331 5138
f 2432 2226 7331
f 7331 753 5140
f 5138 5140 1789
f 952 7332 2425
f 5143 5141 7332
f 7332 957 2430
f 2425 2430 246
f 120 7333 3430
f 2223 5142 7333
f 7333 1790 5143
f 3430 5143 952
f 750 7334 5142
f 3228 3434 7334
f 7334 956 5144
f 5142 5144 1790
f 954 7335 3432
f 5147 5145 7335
f 7335 951 3429
f 3432 3429 249
f 247 7336 2427
f 3433 5146 7336
f 7336 1791 5147
f 2427 5147 954
f 955 7337 5146
f 2428 2230 7337
f 7337 757 5148
f 5146 5148 1791
f 948 7338 2421
f 5151 5149 7338
f 7338 953 2426
f 2421 2426 248
f 118 7339 3426
f 2227 5150 7339
f 7339 1792 5151
f 3426 5151 948
f 754 7340 5150
f 3232 3430 7340
f 7340 952 5152
f 5150 5152 1792
f 5155 3428 950
f 5155 5153 7341
f 7341 947 3425
f 3428 3425 251
f 249 7342 2423
f 3429 5154 7342
f 7342 1793 5155
f 2423 5155 950
f 951 7343 5154
f 2424 2234 7343
f 7343 761 5156
f 5154 5156 1793
f 944 7344 2417
f 5159 5157 7344
f 5157 2422 7344
f 2417 2422 250
f 116 7345 3422
f 2231 5158 7345
f 7345 1794 5159
f 3422 5159 944
f 758 7346 5158
f 3236 3426 7346
f 7346 948 5160
f 5158 5160 1794
f 946 7347 3424
f 5163 5161 7347
f 5161 3421 7347
f 7347 253 3424
f 251 7348 2419
f 3425 5162 7348
f 7348 1795 5163
f 2419 5163 946
f 947 7349 5162
f 2420 2238 7349
f 7349 765 5164
f 5162 5164 1795
f 5167 2413 940
f 5167 5165 7350
f 7350 945 2418
f 7350 252 2413
f 2235 3418 114
f 2235 5166 7351
f 7351 1796 5167
f 7351 940 3418
f 762 7352 5166
f 3240 3422 7352
f 7352 944 5168
f 5166 5168 1796
f 5171 3420 942
f 1797 7353 5171
f 7353 930 3408
f 3420 3408 235
f 3421 2415 253
f 943 7354 3421
f 5170 5171 7354
f 7354 942 2415
f 2416 5170 943
f 2416 2244 7355
f 7355 771 5172
f 7355 1797 5170
f 927 7356 2400
f 1798 7356 5175
f 5173 2414 7356
f 2400 2414 234
f 181 7357 3405
f 2239 5174 7357
f 5174 5175 7357
f 3405 5175 927
f 766 7358 5174
f 3244 3418 7358
f 3418 5176 7358
f 7358 1798 5174
f 5179 3416 938
f 1799 7359 5179
f 5177 2412 7359
f 7359 257 3416
f 255 7360 2411
f 2408 5178 7360
f 5178 5179 7360
f 2411 5179 938
f 935 7361 5178
f 113 7361 3413
f 7361 775 5180
f 7361 1799 5178
f 5183 3414 936
f 1800 7362 5183
f 5181 2410 7362
f 7362 256 3414
f 2245 2409 110
f 772 7363 2245
f 5182 5183 7363
f 7363 936 2409
f 772 7364 5182
f 112 7364 3250
f 7364 932 5184
f 7364 1800 5182
f 934 7365 3412
f 5187 5185 7365
f 7365 935 2408
f 3412 2408 255
f 233 7366 2407
f 2404 5186 7366
f 7366 1801 5187
f 2407 5187 934
f 931 7367 5186
f 184 7367 3409
f 2253 5188 7367
f 5186 5188 1801
f 932 7368 3410
f 5191 5189 7368
f 7368 933 2406
f 3410 2406 254
f 2249 2405 112
f 776 7369 2249
f 5190 5191 7369
f 7369 932 2405
f 3254 5190 776
f 183 7370 3254
f 7370 926 5192
f 5190 5192 1802
f 929 7371 3407
f 5195 5193 7371
f 7371 931 2404
f 3407 2404 233
f 235 7372 2402
f 3408 5194 7372
f 7372 1803 5195
f 2402 5195 929
f 930 7373 5194
f 2403 2256 7373
f 7373 783 5196
f 5194 5196 1803
f 926 7374 3404
f 5199 5197 7374
f 7374 928 2401
f 3404 2401 232
f 2255 2399 183
f 782 7375 2255
f 7375 1804 5199
f 2399 5199 926
f 782 7376 5198
f 3260 3405 7376
f 7376 927 5200
f 5198 5200 1804
f 918 7377 2391
f 3403 5201 925
f 2391 3403 226
f 5202 5201 918
f 5203 5202 914
f 925 7378 5203
f 914 7379 5203
f 2398 3392 230
f 5203 2398 925
f 5204 2390 917
f 3391 5204 913
f 227 7380 3391
f 5205 5204 917
f 924 7381 5205
f 5204 5206 913
f 3402 5206 924
f 2386 3402 229
f 913 7382 2386
f 925 7383 3403
f 5209 5207 7383
f 7383 922 3400
f 3403 3400 226
f 230 7384 2398
f 2383 5208 7384
f 7384 1805 5209
f 2398 5209 925
f 910 7385 5208
f 3388 2396 7385
f 7385 923 5210
f 5208 5210 1805
f 921 7386 2394
f 5213 5211 7386
f 7386 924 2397
f 2394 2397 225
f 224 7387 3399
f 3401 5212 7387
f 7387 1806 5213
f 3399 5213 921
f 923 7388 5212
f 2396 2382 7388
f 7388 909 5214
f 5212 5214 1806
f 5217 3400 922
f 1807 7389 5217
f 5215 3397 7389
f 7389 226 3400
f 2393 2395 224
f 920 7390 2393
f 5216 5217 7390
f 7390 922 2395
f 3398 5216 920
f 72 7391 3398
f 2367 5218 7391
f 7391 1807 5216
f 5221 2389 916
f 1808 7392 5221
f 5219 2394 7392
f 7392 225 2389
f 2366 3394 222
f 893 7393 2366
f 5220 5221 7393
f 7393 916 3394
f 3371 5220 893
f 72 7394 3371
f 3398 5222 7394
f 7394 1808 5220
f 918 7395 3396
f 5225 5223 7395
f 7395 915 3393
f 3396 3393 228
f 226 7396 2391
f 3397 5224 7396
f 7396 1809 5225
f 2391 5225 918
f 919 7397 5224
f 2392 2371 7397
f 7397 898 5226
f 5224 5226 1809
f 912 7398 2385
f 5229 5227 7398
f 7398 917 2390
f 2385 2390 227
f 220 7399 3390
f 2370 5228 7399
f 7399 1810 5229
f 3390 5229 912
f 897 7400 5228
f 3375 3394 7400
f 7400 916 5230
f 5228 5230 1810
f 5233 3392 914
f 5233 5231 7401
f 5231 3389 7401
f 7401 230 3392
f 228 7402 2387
f 3393 5232 7402
f 7402 1811 5233
f 7402 914 2387
f 915 7403 5232
f 2388 2375 7403
f 7403 902 5234
f 5232 5234 1811
f 5237 2381 908
f 5237 5235 7404
f 5235 2386 7404
f 7404 229 2381
f 218 7405 3386
f 2374 5236 7405
f 7405 1812 5237
f 3386 5237 908
f 901 7406 5236
f 3379 3390 7406
f 7406 912 5238
f 5236 5238 1812
f 5241 3388 910
f 1813 7407 5241
f 5239 3385 7407
f 7407 231 3388
f 3389 2383 230
f 911 7408 3389
f 5240 5241 7408
f 7408 910 2383
f 911 7409 5240
f 2384 2379 7409
f 7409 906 5242
f 7409 1813 5240
f 5245 3385 907
f 1814 7410 5245
f 5243 2382 7410
f 7410 231 3385
f 2378 2380 217
f 905 7411 2378
f 5244 5245 7411
f 7411 907 2380
f 905 7412 5244
f 3383 3386 7412
f 7412 908 5246
f 7412 1814 5244
f 906 7413 3384
f 5249 5247 7413
f 7413 904 3382
f 3384 3382 217
f 219 7414 2379
f 2376 5248 7414
f 7414 1815 5249
f 2379 5249 906
f 903 7415 5248
f 3381 2260 7415
f 7415 787 5250
f 5248 5250 1815
f 904 7416 3382
f 5253 5251 7416
f 7416 905 2378
f 3382 2378 217
f 137 7417 2377
f 2258 5252 7417
f 7417 1816 5253
f 2377 5253 904
f 785 7418 5252
f 3263 2373 7418
f 7418 900 5254
f 5252 5254 1816
f 902 7419 3380
f 5257 5255 7419
f 7419 903 2376
f 3380 2376 219
f 221 7420 2375
f 899 7420 2372
f 7420 1817 5257
f 2375 5257 902
f 3377 5256 899
f 134 7421 3377
f 7421 791 5258
f 5256 5258 1817
f 900 7422 3378
f 5261 5259 7422
f 7422 901 2374
f 3378 2374 218
f 135 7423 2373
f 2263 5260 7423
f 7423 1818 5261
f 2373 5261 900
f 790 7424 5260
f 133 7424 3268
f 2369 5262 7424
f 5260 5262 1818
f 898 7425 3376
f 5265 5263 7425
f 5263 2372 7425
f 3376 2372 221
f 223 7426 2371
f 2368 5264 7426
f 7426 1819 5265
f 2371 5265 898
f 895 7427 5264
f 132 7427 3373
f 2268 5266 7427
f 5264 5266 1819
f 5269 3374 896
f 5269 5267 7428
f 7428 897 2370
f 3374 2370 220
f 2267 2369 133
f 794 7429 2267
f 5268 5269 7429
f 7429 896 2369
f 3272 5268 794
f 131 7430 3272
f 7430 891 5270
f 5268 5270 1820
f 5273 3372 894
f 1821 7431 5273
f 5271 2368 7431
f 7431 223 3372
f 2365 2367 72
f 892 7432 2365
f 5272 5273 7432
f 7432 894 2367
f 3370 5272 892
f 130 7433 3370
f 2290 5274 7433
f 7433 1821 5272
f 5277 3369 891
f 1822 7434 5277
f 5275 2366 7434
f 7434 222 3369
f 2289 2364 131
f 816 7435 2289
f 5276 5277 7435
f 7435 891 2364
f 3294 5276 816
f 130 7436 3294
f 3370 5278 7436
f 7436 1822 5276
f 887 7437 2360
f 5281 5279 7437
f 7437 890 2363
f 2360 2363 216
f 212 7438 3365
f 2346 5280 7438
f 7438 1823 5281
f 3365 5281 887
f 873 7439 5280
f 3351 2147 7439
f 7439 674 5282
f 5280 5282 1823
f 889 7440 3367
f 5285 5283 7440
f 7440 886 3364
f 3367 3364 215
f 79 7441 2362
f 2140 5284 7441
f 7441 1824 5285
f 2362 5285 889
f 667 7442 5284
f 3145 2345 7442
f 7442 872 5286
f 5284 5286 1824
f 5289 2350 877
f 1825 7443 5289
f 5287 3361 7443
f 7443 214 2350
f 3365 3355 212
f 887 7444 3365
f 5288 5289 7444
f 7444 877 3355
f 2360 5288 887
f 216 7445 2360
f 3366 5290 7445
f 7445 1825 5288
f 5293 2355 882
f 1826 7446 5293
f 5291 3354 7446
f 7446 213 2355
f 3363 3360 209
f 885 7447 3363
f 5292 5293 7447
f 7447 882 3360
f 2358 5292 885
f 215 7448 2358
f 3364 5294 7448
f 7448 1826 5292
f 5297 2353 880
f 1827 7449 5297
f 5295 3143 7449
f 7449 167 2353
f 3361 3358 214
f 883 7450 3361
f 5296 5297 7450
f 7450 880 3358
f 2356 5296 883
f 2356 3362 7451
f 7451 884 5298
f 7451 1827 5296
f 5301 2135 662
f 1828 7452 5301
f 5299 3357 7452
f 7452 166 2135
f 81 7453 3140
f 3359 5300 7453
f 5300 5301 7453
f 7453 662 3140
f 881 7454 5300
f 2354 3360 7454
f 3360 5302 7454
f 7454 1828 5300
f 5305 3358 880
f 1829 7455 5305
f 5303 3356 7455
f 7455 214 3358
f 2275 2353 167
f 802 7456 2275
f 5304 5305 7456
f 7456 880 2353
f 3280 5304 802
f 188 7457 3280
f 2284 5306 7457
f 7457 1829 5304
f 5309 2348 875
f 1830 7458 5309
f 5307 2352 7458
f 7458 213 2348
f 2278 3353 144
f 805 7459 2278
f 5308 5309 7459
f 7459 875 3353
f 3283 5308 805
f 187 7460 3283
f 2270 5310 7460
f 7460 1830 5308
f 5313 3355 877
f 1831 7461 5313
f 5311 3352 7461
f 7461 212 3355
f 3356 2350 214
f 878 7462 3356
f 5312 5313 7462
f 7462 877 2350
f 2351 5312 878
f 2351 2298 7463
f 7463 825 5314
f 7463 1831 5312
f 5317 2344 871
f 1832 7464 5317
f 5315 2349 7464
f 7464 211 2344
f 2291 3349 142
f 818 7465 2291
f 5316 5317 7465
f 7465 871 3349
f 818 7466 5316
f 3296 3353 7466
f 3353 5318 7466
f 7466 1832 5316
f 5321 3351 873
f 5321 5319 7467
f 7467 870 3348
f 3351 3348 165
f 3352 2346 212
f 874 7468 3352
f 5320 5321 7468
f 7468 873 2346
f 2347 5320 874
f 143 7469 2347
f 2304 5322 7469
f 7469 1833 5320
f 869 7470 2342
f 5325 5323 7470
f 5323 2345 7470
f 2342 2345 164
f 140 7471 3347
f 2299 5324 7471
f 7471 1834 5325
f 3347 5325 869
f 3304 5324 826
f 142 7472 3304
f 3349 5326 7472
f 7472 1834 5324
f 769 7473 2242
f 5329 5327 7473
f 7473 868 3346
f 2242 3346 177
f 165 7474 3247
f 3348 5328 7474
f 7474 1835 5329
f 3247 5329 769
f 870 7475 5328
f 2343 2310 7475
f 7475 837 5330
f 5328 5330 1835
f 868 7476 3346
f 5333 5331 7476
f 7476 768 3246
f 3346 3246 177
f 139 7477 2341
f 2305 5332 7477
f 7477 1836 5333
f 2341 5333 868
f 832 7478 5332
f 3310 3347 7478
f 7478 869 5334
f 5332 5334 1836
f 864 7479 2337
f 5337 5335 7479
f 7479 866 3344
f 2337 3344 205
f 207 7480 3342
f 2321 5336 7480
f 7480 1837 5337
f 3342 5337 864
f 848 7481 5336
f 3326 2340 7481
f 7481 867 5338
f 5336 5338 1837
f 865 7482 2338
f 5341 5339 7482
f 7482 863 3341
f 2338 3341 204
f 3345 3343 199
f 3345 5340 7483
f 7483 1838 5341
f 3343 5341 865
f 867 7484 5340
f 2340 2320 7484
f 7484 847 5342
f 5340 5342 1838
f 5345 2331 858
f 1839 7485 5345
f 5343 3332 7485
f 7485 201 2331
f 203 7486 3336
f 2335 5344 7486
f 7486 1839 5345
f 3336 5345 858
f 862 7487 5344
f 3340 3344 7487
f 3344 5346 7487
f 5344 5346 1839
f 5349 2324 851
f 1840 7488 5349
f 5347 3333 7488
f 7488 200 2324
f 3343 3329 199
f 865 7489 3343
f 5348 5349 7489
f 7489 851 3329
f 2338 5348 865
f 2338 2332 7490
f 7490 859 5350
f 5348 5350 1840
f 849 7491 2322
f 5353 5351 7491
f 7491 823 3301
f 2322 3301 192
f 3342 3327 207
f 864 7492 3342
f 7492 1841 5353
f 3327 5353 849
f 2337 5352 864
f 205 7493 2337
f 2334 5354 7493
f 5352 5354 1841
f 820 7494 2293
f 5357 5355 7494
f 7494 846 3324
f 2293 3324 191
f 193 7495 3298
f 2333 5356 7495
f 7495 1842 5357
f 3298 5357 820
f 3338 5356 860
f 204 7496 3338
f 3341 5358 7496
f 5356 5358 1842
f 5361 3339 861
f 1843 7497 5361
f 5359 3307 7497
f 7497 194 3339
f 205 7498 2334
f 3340 5360 7498
f 5360 5361 7498
f 7498 861 2334
f 2335 5360 862
f 203 7499 2335
f 2330 5362 7499
f 7499 1843 5360
f 5365 2301 828
f 1844 7500 5365
f 5363 2333 7500
f 7500 193 2301
f 2329 3306 195
f 856 7501 2329
f 5364 5365 7501
f 7501 828 3306
f 3334 5364 856
f 202 7502 3334
f 3337 5366 7502
f 7502 1844 5364
f 5369 3335 857
f 5369 5367 7503
f 5367 3313 7503
f 7503 196 3335
f 3336 2330 203
f 3336 5368 7504
f 7504 1845 5369
f 7504 857 2330
f 858 7505 5368
f 2331 2326 7505
f 7505 853 5370
f 7505 1845 5368
f 5373 2307 834
f 5373 5371 7506
f 5371 2329 7506
f 7506 195 2307
f 2325 3312 197
f 2325 5372 7507
f 5372 5373 7507
f 7507 834 3312
f 852 7508 5372
f 3330 3333 7508
f 7508 855 5374
f 7508 1846 5372
f 853 7509 3331
f 5377 5375 7509
f 7509 841 3319
f 3331 3319 198
f 201 7510 2326
f 3332 5376 7510
f 7510 1847 5377
f 2326 5377 853
f 854 7511 5376
f 2327 2323 7511
f 7511 850 5378
f 5376 5378 1847
f 840 7512 2313
f 5381 5379 7512
f 7512 852 2325
f 2313 2325 197
f 71 7513 3318
f 3328 5380 7513
f 7513 1848 5381
f 3318 5381 840
f 850 7514 5380
f 2323 3329 7514
f 7514 851 5382
f 5380 5382 1848
f 5385 3326 848
f 1849 7515 5385
f 5383 3323 7515
f 7515 208 3326
f 3327 2321 207
f 849 7516 3327
f 5384 5385 7516
f 7516 848 2321
f 2322 5384 849
f 192 7517 2322
f 2317 5386 7517
f 7517 1849 5384
f 5389 3323 845
f 1850 7518 5389
f 5387 2320 7518
f 7518 208 3323
f 2316 2318 70
f 843 7519 2316
f 5388 5389 7519
f 7519 845 2318
f 3321 5388 843
f 191 7520 3321
f 3324 5390 7520
f 7520 1850 5388
f 5393 3322 844
f 1851 7521 5393
f 5391 3320 7521
f 7521 70 3322
f 2295 2317 192
f 822 7522 2295
f 5392 5393 7522
f 7522 844 2317
f 3300 5392 822
f 145 7523 3300
f 2283 5394 7523
f 7523 1851 5392
f 5397 3320 842
f 1852 7524 5397
f 5395 2316 7524
f 7524 70 3320
f 2279 2315 190
f 806 7525 2279
f 5396 5397 7525
f 7525 842 2315
f 3284 5396 806
f 144 7526 3284
f 2294 5398 7526
f 7526 1852 5396
f 5401 2309 836
f 1853 7527 5401
f 5399 3316 7527
f 2309 3316 139
f 3319 3314 198
f 841 7528 3319
f 5400 5401 7528
f 7528 836 3314
f 841 7529 5400
f 2314 2312 7529
f 2312 5402 7529
f 7529 1853 5400
f 5405 3316 838
f 1854 7530 5405
f 5403 3311 7530
f 3316 3311 139
f 138 7531 2311
f 839 7531 3317
f 5404 5405 7531
f 7531 838 2311
f 2312 5404 839
f 2312 3318 7532
f 7532 840 5406
f 7532 1854 5404
f 5409 2303 830
f 1855 7533 5409
f 5407 2310 7533
f 7533 141 2303
f 3313 3308 196
f 835 7534 3313
f 5408 5409 7534
f 7534 830 3308
f 2308 5408 835
f 198 7535 2308
f 3314 5410 7535
f 7535 1855 5408
f 5413 3310 832
f 1856 7536 5413
f 5411 3305 7536
f 7536 140 3310
f 3311 2305 139
f 833 7537 3311
f 5412 5413 7537
f 7537 832 2305
f 2306 5412 833
f 197 7538 2306
f 3312 5414 7538
f 7538 1856 5412
f 824 7539 2297
f 1857 7539 5417
f 7539 831 2304
f 2297 2304 143
f 3307 3302 194
f 829 7540 3307
f 5416 5417 7540
f 7540 824 3302
f 2302 5416 829
f 196 7541 2302
f 7541 830 5418
f 5416 5418 1857
f 826 7542 3304
f 1858 7542 5421
f 7542 819 3297
f 3304 3297 142
f 3305 2299 140
f 3305 5420 7543
f 7543 1858 5421
f 7543 826 2299
f 827 7544 5420
f 195 7544 2300
f 3306 5422 7544
f 5420 5422 1858
f 822 7545 3300
f 5425 5423 7545
f 7545 825 2298
f 3300 2298 145
f 192 7546 2295
f 3301 5424 7546
f 7546 1859 5425
f 2295 5425 822
f 823 7547 5424
f 2296 3302 7547
f 7547 824 5426
f 5424 5426 1859
f 818 7548 3296
f 5429 5427 7548
f 7548 821 2294
f 3296 2294 144
f 142 7549 2291
f 3297 5428 7549
f 7549 1860 5429
f 2291 5429 818
f 819 7550 5428
f 2292 3298 7550
f 7550 820 5430
f 5428 5430 1860
f 814 7551 2287
f 1861 7551 5433
f 5431 3293 7551
f 7551 69 2287
f 186 7552 3292
f 804 7552 2277
f 5432 5433 7552
f 3292 5433 814
f 3282 5432 804
f 132 7553 3282
f 3295 5434 7553
f 7553 1861 5432
f 5437 3293 815
f 1862 7554 5437
f 7554 812 3290
f 7554 69 3293
f 3294 2288 130
f 816 7555 3294
f 5436 5437 7555
f 7555 815 2288
f 2289 5436 816
f 131 7556 2289
f 2276 5438 7556
f 7556 1862 5436
f 5441 2286 813
f 1863 7557 5441
f 5439 2287 7557
f 7557 69 2286
f 2282 3291 189
f 809 7558 2282
f 5440 5441 7558
f 7558 813 3291
f 3287 5440 809
f 188 7559 3287
f 2274 5442 7559
f 7559 1863 5440
f 5445 3290 812
f 1864 7560 5445
f 5443 2286 7560
f 7560 69 3290
f 2271 2285 185
f 798 7561 2271
f 5444 5445 7561
f 7561 812 2285
f 3276 5444 798
f 187 7562 3276
f 2281 5446 7562
f 7562 1864 5444
f 5449 3287 809
f 1865 7563 5449
f 5447 2284 7563
f 3287 2284 188
f 2280 2282 189
f 807 7564 2280
f 5448 5449 7564
f 7564 809 2282
f 3285 5448 807
f 190 7565 3285
f 3288 5450 7565
f 7565 1865 5448
f 5453 3283 805
f 1866 7566 5453
f 5451 2281 7566
f 3283 2281 187
f 3284 2278 144
f 806 7567 3284
f 5452 5453 7567
f 7567 805 2278
f 2279 5452 806
f 190 7568 2279
f 3285 5454 7568
f 7568 1866 5452
f 800 7569 2273
f 5457 5455 7569
f 7569 804 2277
f 2273 2277 186
f 169 7570 3278
f 2131 5456 7570
f 7570 1867 5457
f 3278 5457 800
f 658 7571 5456
f 3136 2269 7571
f 7571 796 5458
f 5456 5458 1867
f 803 7572 3281
f 5461 5459 7572
f 7572 799 3277
f 3281 3277 185
f 131 7573 2276
f 2266 5460 7573
f 7573 1868 5461
f 2276 5461 803
f 793 7574 5460
f 3271 2130 7574
f 7574 657 5462
f 5460 5462 1868
f 800 7575 3278
f 5465 5463 7575
f 7575 664 3142
f 3278 3142 169
f 186 7576 2273
f 3279 5464 7576
f 7576 1869 5465
f 2273 5465 800
f 801 7577 5464
f 2274 3280 7577
f 7577 802 5466
f 5464 5466 1869
f 663 7578 2136
f 5469 5467 7578
f 7578 799 2272
f 2136 2272 168
f 166 7579 3141
f 3275 5468 7579
f 7579 1870 5469
f 3141 5469 663
f 797 7580 5468
f 2270 3276 7580
f 7580 798 5470
f 5468 5470 1870
f 5473 2125 652
f 1871 7581 5473
f 5471 2269 7581
f 7581 171 2125
f 2265 3130 173
f 792 7582 2265
f 5472 5473 7582
f 7582 652 3130
f 3270 5472 792
f 134 7583 3270
f 3273 5474 7583
f 7583 1871 5472
f 5477 3271 793
f 1872 7584 5477
f 5475 3129 7584
f 7584 170 3271
f 3272 2266 131
f 794 7585 3272
f 5476 5477 7585
f 7585 793 2266
f 2267 5476 794
f 133 7586 2267
f 2262 5478 7586
f 7586 1872 5476
f 646 7587 2119
f 5481 5479 7587
f 7587 792 2265
f 2119 2265 173
f 175 7588 3124
f 2261 5480 7588
f 7588 1873 5481
f 3124 5481 646
f 788 7589 5480
f 3266 3269 7589
f 7589 791 5482
f 5480 5482 1873
f 789 7590 3267
f 5485 5483 7590
f 7590 645 3123
f 3267 3123 172
f 3268 2262 133
f 3268 5484 7591
f 7591 1874 5485
f 7591 789 2262
f 790 7592 5484
f 2263 2257 7592
f 7592 784 5486
f 5484 5486 1874
f 640 7593 2113
f 5489 5487 7593
f 7593 788 2261
f 2113 2261 175
f 176 7594 3118
f 2259 5488 7594
f 7594 1875 5489
f 3118 5489 640
f 786 7595 5488
f 3264 3265 7595
f 7595 787 5490
f 5488 5490 1875
f 784 7596 3262
f 5493 5491 7596
f 7596 638 3116
f 3262 3116 174
f 135 7597 2257
f 3263 5492 7597
f 7597 1876 5493
f 2257 5493 784
f 785 7598 5492
f 2258 3264 7598
f 7598 786 5494
f 5492 5494 1876
f 5497 2252 779
f 1877 7599 5497
f 5495 3259 7599
f 7599 178 2252
f 184 7600 3257
f 3261 5496 7600
f 5496 5497 7600
f 3257 5497 779
f 2256 5496 783
f 182 7601 2256
f 2243 5498 7601
f 7601 1877 5496
f 5501 3259 781
f 1878 7602 5501
f 5499 3256 7602
f 7602 178 3259
f 2240 2254 177
f 767 7603 2240
f 5500 5501 7603
f 7603 781 2254
f 3245 5500 767
f 181 7604 3245
f 3260 5502 7604
f 7604 1878 5500
f 779 7605 3257
f 5505 5503 7605
f 7605 780 2253
f 3257 2253 184
f 178 7606 2252
f 2250 5504 7606
f 7606 1879 5505
f 2252 5505 779
f 777 7607 5504
f 3255 2247 7607
f 7607 774 5506
f 5504 5506 1879
f 776 7608 3254
f 5509 5507 7608
f 7608 778 2251
f 3254 2251 183
f 112 7609 2249
f 2246 5508 7609
f 7609 1880 5509
f 2249 5509 776
f 773 7610 5508
f 3251 3255 7610
f 7610 777 5510
f 5508 5510 1880
f 5513 3252 774
f 1881 7611 5513
f 5511 2248 7611
f 3252 2248 113
f 2199 2247 68
f 726 7612 2199
f 5512 5513 7612
f 7612 774 2247
f 3204 5512 726
f 163 7613 3204
f 2206 5514 7613
f 7613 1881 5512
f 5517 3250 772
f 1882 7614 5517
f 5515 2246 7614
f 3250 2246 112
f 2201 2245 110
f 728 7615 2201
f 5516 5517 7615
f 7615 772 2245
f 3206 5516 728
f 162 7616 3206
f 2198 5518 7616
f 7616 1882 5516
f 769 7617 3247
f 5521 5519 7617
f 7617 764 3242
f 3247 3242 165
f 3248 2242 177
f 3248 5520 7618
f 7618 1883 5521
f 2242 5521 769
f 770 7619 5520
f 2243 3249 7619
f 7619 771 5522
f 5520 5522 1883
f 763 7620 2236
f 5525 5523 7620
f 7620 768 2241
f 2236 2241 164
f 114 7621 3241
f 3244 5524 7621
f 7621 1884 5525
f 3241 5525 763
f 766 7622 5524
f 2239 3245 7622
f 7622 767 5526
f 5524 5526 1884
f 5529 2233 760
f 5529 5527 7623
f 5527 2238 7623
f 7623 117 2233
f 2144 3238 147
f 671 7624 2144
f 7624 1885 5529
f 7624 760 3238
f 671 7625 5528
f 3149 3242 7625
f 7625 764 5530
f 5528 5530 1885
f 5533 3240 762
f 5533 5531 7626
f 5531 3237 7626
f 7626 116 3240
f 114 7627 2235
f 3241 5532 7627
f 7627 1886 5533
f 2235 5533 762
f 763 7628 5532
f 2236 2143 7628
f 7628 670 5534
f 5532 5534 1886
f 5537 2229 756
f 1887 7629 5537
f 5535 2234 7629
f 7629 119 2229
f 2151 3234 149
f 678 7630 2151
f 5536 5537 7630
f 7630 756 3234
f 3156 5536 678
f 147 7631 3156
f 3238 5538 7631
f 7631 1887 5536
f 5541 3236 758
f 1888 7632 5541
f 5539 3233 7632
f 7632 118 3236
f 3237 2231 116
f 759 7633 3237
f 5540 5541 7633
f 7633 758 2231
f 2232 5540 759
f 146 7634 2232
f 2150 5542 7634
f 7634 1888 5540
f 5545 2225 752
f 1889 7635 5545
f 5543 2230 7635
f 7635 121 2225
f 2157 3230 151
f 684 7636 2157
f 5544 5545 7636
f 7636 752 3230
f 3162 5544 684
f 149 7637 3162
f 3234 5546 7637
f 7637 1889 5544
f 5549 3232 754
f 1890 7638 5549
f 5547 3229 7638
f 7638 120 3232
f 3233 2227 118
f 755 7639 3233
f 5548 5549 7639
f 7639 754 2227
f 2228 5548 755
f 148 7640 2228
f 2156 5550 7640
f 7640 1890 5548
f 5553 2221 748
f 1891 7641 5553
f 5551 2226 7641
f 7641 123 2221
f 2163 3226 153
f 690 7642 2163
f 5552 5553 7642
f 7642 748 3226
f 3168 5552 690
f 151 7643 3168
f 3230 5554 7643
f 7643 1891 5552
f 5557 3228 750
f 1892 7644 5557
f 5555 3225 7644
f 7644 122 3228
f 3229 2223 120
f 751 7645 3229
f 5556 5557 7645
f 7645 750 2223
f 2224 5556 751
f 150 7646 2224
f 2162 5558 7646
f 7646 1892 5556
f 744 7647 2217
f 1893 7647 5561
f 7647 749 2222
f 2217 2222 125
f 155 7648 3222
f 2169 5560 7648
f 7648 1893 5561
f 3222 5561 744
f 696 7649 5560
f 153 7649 3174
f 3226 5562 7649
f 7649 1893 5560
f 746 7650 3224
f 1894 7650 5565
f 7650 743 3221
f 3224 3221 124
f 3225 2219 122
f 747 7651 3225
f 5564 5565 7651
f 7651 746 2219
f 2220 5564 747
f 152 7652 2220
f 7652 695 5566
f 7652 1894 5564
f 5569 2213 740
f 1895 7653 5569
f 5567 2218 7653
f 7653 127 2213
f 2175 3218 157
f 702 7654 2175
f 5568 5569 7654
f 7654 740 3218
f 702 7655 5568
f 3180 3222 7655
f 7655 744 5570
f 5568 5570 1895
f 5573 3220 742
f 1896 7656 5573
f 5571 3217 7656
f 7656 126 3220
f 124 7657 2215
f 3221 5572 7657
f 7657 1896 5573
f 2215 5573 742
f 743 7658 5572
f 2216 2174 7658
f 7658 701 5574
f 5572 5574 1896
f 5577 2209 736
f 1897 7659 5577
f 5575 2214 7659
f 7659 180 2209
f 2181 3214 159
f 708 7660 2181
f 5576 5577 7660
f 7660 736 3214
f 3186 5576 708
f 157 7661 3186
f 3218 5578 7661
f 7661 1897 5576
f 5581 3216 738
f 1898 7662 5581
f 5579 3213 7662
f 7662 179 3216
f 3217 2211 126
f 739 7663 3217
f 5580 5581 7663
f 7663 738 2211
f 2212 5580 739
f 156 7664 2212
f 2180 5582 7664
f 7664 1898 5580
f 714 7665 2187
f 5585 5583 7665
f 5583 3209 7665
f 7665 161 2187
f 159 7666 3192
f 3214 5584 7666
f 7666 1899 5585
f 3192 5585 714
f 736 7667 5584
f 2209 3215 7667
f 7667 737 5586
f 5584 5586 1899
f 5589 2203 730
f 5589 5587 7668
f 7668 713 3191
f 7668 160 2203
f 128 7669 3208
f 3212 5588 7669
f 7669 1900 5589
f 7669 730 3208
f 734 7670 5588
f 2207 3213 7670
f 7670 735 5590
f 5588 5590 1900
f 5593 2193 720
f 1901 7671 5593
f 7671 733 2206
f 7671 163 2193
f 3209 3198 161
f 731 7672 3209
f 5592 5593 7672
f 7672 720 3198
f 2204 5592 731
f 129 7673 2204
f 3210 5594 7673
f 7673 1901 5592
f 728 7674 3206
f 1902 7674 5597
f 5595 3197 7674
f 7674 162 3206
f 110 7675 2201
f 3207 5596 7675
f 5596 5597 7675
f 2201 5597 728
f 2202 5596 729
f 128 7676 2202
f 3208 5598 7676
f 7676 1902 5596
f 726 7677 3204
f 1903 7677 5601
f 5599 3199 7677
f 7677 163 3204
f 2197 2199 68
f 724 7678 2197
f 5600 5601 7678
f 7678 726 2199
f 3202 5600 724
f 67 7679 3202
f 3205 5602 7679
f 7679 1903 5600
f 5605 2191 718
f 1904 7680 5605
f 7680 725 2198
f 7680 162 2191
f 3201 3196 108
f 723 7681 3201
f 5604 5605 7681
f 7681 718 3196
f 2196 5604 723
f 67 7682 2196
f 3202 5606 7682
f 7682 1904 5604
f 5609 3198 720
f 1905 7683 5609
f 5607 3193 7683
f 7683 161 3198
f 3199 2193 163
f 721 7684 3199
f 5608 5609 7684
f 7684 720 2193
f 2194 5608 721
f 109 7685 2194
f 3200 5610 7685
f 7685 1905 5608
f 5613 2185 712
f 1906 7686 5613
f 5611 2192 7686
f 7686 160 2185
f 3195 3190 106
f 717 7687 3195
f 5612 5613 7687
f 7687 712 3190
f 2190 5612 717
f 108 7688 2190
f 3196 5614 7688
f 7688 1906 5612
f 5617 3192 714
f 1907 7689 5617
f 5615 3187 7689
f 3192 3187 159
f 3193 2187 161
f 715 7690 3193
f 5616 5617 7690
f 7690 714 2187
f 2188 5616 715
f 107 7691 2188
f 3194 5618 7691
f 7691 1907 5616
f 5621 2179 706
f 1908 7692 5621
f 5619 2186 7692
f 2179 2186 158
f 3189 3184 104
f 711 7693 3189
f 5620 5621 7693
f 7693 706 3184
f 2184 5620 711
f 106 7694 2184
f 3190 5622 7694
f 7694 1908 5620
f 708 7695 3186
f 5625 5623 7695
f 5623 3181 7695
f 3186 3181 157
f 159 7696 2181
f 3187 5624 7696
f 7696 1909 5625
f 2181 5625 708
f 709 7697 5624
f 105 7697 2182
f 3188 5626 7697
f 5624 5626 1909
f 5629 2173 700
f 5629 5627 7698
f 7698 707 2180
f 2173 2180 156
f 3183 3178 102
f 705 7699 3183
f 5628 5629 7699
f 7699 700 3178
f 2178 5628 705
f 104 7700 2178
f 7700 706 5630
f 5628 5630 1910
f 5633 3180 702
f 1911 7701 5633
f 5631 3175 7701
f 7701 155 3180
f 3181 2175 157
f 703 7702 3181
f 5632 5633 7702
f 7702 702 2175
f 2176 5632 703
f 103 7703 2176
f 3182 5634 7703
f 7703 1911 5632
f 5637 2167 694
f 1912 7704 5637
f 5635 2174 7704
f 7704 154 2167
f 3177 3172 100
f 699 7705 3177
f 5636 5637 7705
f 7705 694 3172
f 2172 5636 699
f 102 7706 2172
f 3178 5638 7706
f 7706 1912 5636
f 5641 3174 696
f 1913 7707 5641
f 5639 3169 7707
f 7707 153 3174
f 3175 2169 155
f 697 7708 3175
f 5640 5641 7708
f 7708 696 2169
f 2170 5640 697
f 101 7709 2170
f 3176 5642 7709
f 7709 1913 5640
f 5645 2161 688
f 1914 7710 5645
f 5643 2168 7710
f 7710 152 2161
f 3171 3166 98
f 693 7711 3171
f 5644 5645 7711
f 7711 688 3166
f 2166 5644 693
f 100 7712 2166
f 3172 5646 7712
f 7712 1914 5644
f 5649 3168 690
f 1915 7713 5649
f 5647 3163 7713
f 7713 151 3168
f 153 7714 2163
f 691 7714 3169
f 5648 5649 7714
f 2163 5649 690
f 2164 5648 691
f 99 7715 2164
f 3170 5650 7715
f 7715 1915 5648
f 5653 2155 682
f 1916 7716 5653
f 5651 2162 7716
f 7716 150 2155
f 3165 3160 96
f 687 7717 3165
f 5652 5653 7717
f 7717 682 3160
f 2160 5652 687
f 98 7718 2160
f 3166 5654 7718
f 7718 1916 5652
f 684 7719 3162
f 5657 5655 7719
f 5655 3157 7719
f 3162 3157 149
f 151 7720 2157
f 3163 5656 7720
f 7720 1917 5657
f 2157 5657 684
f 685 7721 5656
f 2158 3164 7721
f 7721 686 5658
f 5656 5658 1917
f 5661 2149 676
f 5661 5659 7722
f 7722 683 2156
f 2149 2156 148
f 94 7723 3154
f 3159 5660 7723
f 7723 1918 5661
f 7723 676 3154
f 681 7724 5660
f 2154 3160 7724
f 7724 682 5662
f 5660 5662 1918
f 678 7725 3156
f 5665 5663 7725
f 7725 672 3150
f 3156 3150 147
f 149 7726 2151
f 679 7726 3157
f 5664 5665 7726
f 2151 5665 678
f 2152 5664 679
f 95 7727 2152
f 3158 5666 7727
f 7727 1919 5664
f 669 7728 2142
f 5669 5667 7728
f 7728 677 2150
f 2142 2150 146
f 92 7729 3147
f 675 7729 3153
f 5668 5669 7729
f 3147 5669 669
f 2148 5668 675
f 94 7730 2148
f 3154 5670 7730
f 7730 1920 5668
f 671 7731 3149
f 5673 5671 7731
f 7731 674 2147
f 3149 2147 165
f 147 7732 2144
f 3150 5672 7732
f 7732 1921 5673
f 2144 5673 671
f 672 7733 5672
f 2145 3151 7733
f 7733 673 5674
f 5672 5674 1921
f 667 7734 3145
f 5677 5675 7734
f 7734 670 2143
f 3145 2143 164
f 79 7735 2140
f 3146 5676 7735
f 7735 1922 5677
f 2140 5677 667
f 668 7736 5676
f 2141 3147 7736
f 7736 669 5678
f 5676 5678 1922
f 659 7737 2132
f 5681 5679 7737
f 5679 2139 7737
f 7737 84 2132
f 169 7738 3137
f 3142 5680 7738
f 7738 1923 5681
f 3137 5681 659
f 664 7739 5680
f 2137 3143 7739
f 7739 665 5682
f 5680 5682 1923
f 5685 3139 661
f 5685 5683 7740
f 7740 656 3134
f 7740 83 3139
f 3140 2134 81
f 3140 5684 7741
f 7741 1924 5685
f 7741 661 2134
f 662 7742 5684
f 2135 3141 7742
f 7742 663 5686
f 5684 5686 1924
f 653 7743 2126
f 5689 5687 7743
f 7743 660 2133
f 2126 2133 86
f 171 7744 3131
f 3136 5688 7744
f 7744 1925 5689
f 3131 5689 653
f 658 7745 5688
f 2131 3137 7745
f 7745 659 5690
f 5688 5690 1925
f 655 7746 3133
f 5693 5691 7746
f 7746 650 3128
f 3133 3128 85
f 3134 2128 83
f 3134 5692 7747
f 7747 1926 5693
f 7747 655 2128
f 656 7748 5692
f 2129 3135 7748
f 7748 657 5694
f 5692 5694 1926
f 5697 2120 647
f 5697 5695 7749
f 5695 2127 7749
f 7749 88 2120
f 173 7750 3125
f 3130 5696 7750
f 7750 1927 5697
f 7750 647 3125
f 652 7751 5696
f 2125 3131 7751
f 7751 653 5698
f 5696 5698 1927
f 5701 3127 649
f 5701 5699 7752
f 5699 3122 7752
f 7752 87 3127
f 85 7753 2122
f 3128 5700 7753
f 7753 1928 5701
f 7753 649 2122
f 650 7754 5700
f 2123 3129 7754
f 7754 651 5702
f 5700 5702 1928
f 5705 2114 641
f 1929 7755 5705
f 5703 2121 7755
f 7755 90 2114
f 3124 3119 175
f 646 7756 3124
f 5704 5705 7756
f 7756 641 3119
f 2119 5704 646
f 173 7757 2119
f 3125 5706 7757
f 7757 1929 5704
f 5709 3121 643
f 1930 7758 5709
f 5707 3115 7758
f 7758 89 3121
f 3122 2116 87
f 644 7759 3122
f 5708 5709 7759
f 7759 643 2116
f 2117 5708 644
f 172 7760 2117
f 3123 5710 7760
f 7760 1930 5708
f 5713 2112 639
f 1931 7761 5713
f 5711 2115 7761
f 7761 91 2112
f 3118 3117 176
f 640 7762 3118
f 5712 5713 7762
f 7762 639 3117
f 2113 5712 640
f 175 7763 2113
f 3119 5714 7763
f 7763 1931 5712
f 5717 3114 636
f 1932 7764 5717
f 5715 2112 7764
f 7764 91 3114
f 3115 2109 89
f 637 7765 3115
f 5716 5717 7765
f 7765 636 2109
f 2110 5716 637
f 174 7766 2110
f 3116 5718 7766
f 7766 1932 5716
f 5719 2108 635
f 3100 5719 622
f 2108 3100 62
f 635 7768 5719
f 5721 5720 591
f 622 7768 5721
f 3069 5721 591
f 50 7769 3069
f 5721 2095 622
f 5722 2107 634
f 590 7770 5722
f 51 7770 3068
f 634 7771 5722
f 620 7771 5723
f 5722 5724 590
f 3098 5724 620
f 49 7772 3098
f 5724 2063 590
f 5725 2106 633
f 2108 5725 635
f 2106 2108 62
f 5726 5725 633
f 5727 5726 596
f 635 7774 5727
f 596 7775 5727
f 52 7775 3074
f 5727 3113 635
f 5728 2105 632
f 3073 5728 595
f 53 7776 3073
f 5729 5728 632
f 634 7777 5729
f 5728 5730 595
f 2107 5730 634
f 51 7778 2107
f 595 7778 2068
f 5731 2104 631
f 2106 5731 633
f 2104 2106 62
f 5732 5731 631
f 5733 5732 600
f 633 7780 5733
f 600 7781 5733
f 54 7781 3078
f 5733 3111 633
f 5734 2103 630
f 3077 5734 599
f 55 7782 3077
f 5735 5734 630
f 632 7783 5735
f 5734 5736 599
f 2105 5736 632
f 53 7784 2105
f 599 7784 2072
f 5737 2102 629
f 2104 5737 631
f 2102 2104 62
f 5738 5737 629
f 5739 5738 604
f 631 7786 5739
f 3082 5739 604
f 56 7787 3082
f 5739 3109 631
f 5740 2101 628
f 3081 5740 603
f 57 7788 3081
f 5741 5740 628
f 630 7789 5741
f 5740 5742 603
f 2103 5742 630
f 55 7790 2103
f 5742 2076 603
f 5743 2100 627
f 2102 5743 629
f 2100 2102 62
f 5744 5743 627
f 5745 5744 608
f 629 7792 5745
f 3086 5745 608
f 58 7793 3086
f 5745 3107 629
f 5746 2099 626
f 3085 5746 607
f 59 7794 3085
f 5747 5746 626
f 628 7795 5747
f 5746 5748 607
f 2101 5748 628
f 57 7796 2101
f 5748 2080 607
f 5749 2098 625
f 2100 5749 627
f 2098 2100 62
f 625 7798 5749
f 5751 5750 612
f 5749 5751 627
f 3090 5751 612
f 60 7799 3090
f 5751 3105 627
f 5752 2097 624
f 3089 5752 611
f 63 7800 3089
f 624 7801 5752
f 5754 5753 626
f 5752 5754 611
f 2099 5754 626
f 59 7802 2099
f 5754 2084 611
f 5755 3103 625
f 3094 5755 616
f 64 7803 3094
f 5756 5755 625
f 623 7804 5756
f 5755 5757 616
f 3101 5757 623
f 66 7805 3101
f 5757 2089 616
f 5758 3102 624
f 3099 5758 621
f 3102 3099 61
f 5759 5758 624
f 5760 5759 615
f 621 7807 5760
f 3093 5760 615
f 65 7808 3093
f 5760 2094 621
f 5761 3100 622
f 2096 5761 623
f 3100 2096 62
f 622 7810 5761
f 5763 5762 619
f 623 7810 5763
f 619 7811 5763
f 66 7811 3097
f 5763 3101 623
f 5764 3098 620
f 618 7812 5764
f 49 7812 3096
f 620 7813 5764
f 621 7813 5765
f 5764 5766 618
f 2094 5766 621
f 65 7814 2094
f 618 7814 2091
f 619 7815 3097
f 5769 5767 7815
f 7815 617 3095
f 3097 3095 66
f 50 7816 2092
f 2066 5768 7816
f 7816 1933 5769
f 2092 5769 619
f 593 7817 5768
f 3071 1987 7817
f 7817 514 5770
f 5768 5770 1933
f 614 7818 2087
f 5773 5771 7818
f 7818 618 2091
f 2087 2091 65
f 1 7819 3092
f 1982 5772 7819
f 7819 1934 5773
f 3092 5773 614
f 509 7820 5772
f 2987 2061 7820
f 7820 588 5774
f 5772 5774 1934
f 616 7821 3094
f 5777 5775 7821
f 7821 613 3091
f 3094 3091 64
f 66 7822 2089
f 3095 5776 7822
f 7822 1935 5777
f 2089 5777 616
f 617 7823 5776
f 2090 2004 7823
f 7823 531 5778
f 5776 5778 1935
f 610 7824 2083
f 5781 5779 7824
f 7824 615 2088
f 2083 2088 63
f 11 7825 3088
f 2001 5780 7825
f 7825 1936 5781
f 3088 5781 610
f 528 7826 5780
f 3006 3092 7826
f 7826 614 5782
f 5780 5782 1936
f 612 7827 3090
f 5785 5783 7827
f 7827 609 3087
f 3090 3087 60
f 64 7828 2085
f 3091 5784 7828
f 7828 1937 5785
f 2085 5785 612
f 613 7829 5784
f 2086 2010 7829
f 7829 537 5786
f 5784 5786 1937
f 606 7830 2079
f 5789 5787 7830
f 7830 611 2084
f 2079 2084 59
f 13 7831 3084
f 2005 5788 7831
f 7831 1938 5789
f 3084 5789 606
f 532 7832 5788
f 3010 3088 7832
f 7832 610 5790
f 5788 5790 1938
f 5793 3086 608
f 5793 5791 7833
f 7833 605 3083
f 3086 3083 58
f 3087 2081 60
f 3087 5792 7834
f 7834 1939 5793
f 2081 5793 608
f 609 7835 5792
f 2082 2024 7835
f 7835 551 5794
f 5792 5794 1939
f 602 7836 2075
f 5797 5795 7836
f 5795 2080 7836
f 2075 2080 57
f 2021 3080 23
f 548 7837 2021
f 7837 1940 5797
f 3080 5797 602
f 548 7838 5796
f 3026 3084 7838
f 7838 606 5798
f 5796 5798 1940
f 5801 3082 604
f 1941 7839 5801
f 5799 3079 7839
f 7839 56 3082
f 3083 2077 58
f 605 7840 3083
f 5800 5801 7840
f 7840 604 2077
f 2078 5800 605
f 2078 2030 7841
f 7841 557 5802
f 7841 1941 5800
f 5805 2071 598
f 1942 7842 5805
f 5803 2076 7842
f 7842 55 2071
f 2025 3076 25
f 552 7843 2025
f 5804 5805 7843
f 7843 598 3076
f 552 7844 5804
f 3030 3080 7844
f 3080 5806 7844
f 7844 1942 5804
f 5809 3078 600
f 1943 7845 5809
f 5807 3075 7845
f 7845 54 3078
f 3079 2073 56
f 601 7846 3079
f 5808 5809 7846
f 7846 600 2073
f 2074 5808 601
f 26 7847 2074
f 2044 5810 7847
f 7847 1943 5808
f 5813 2067 594
f 1944 7848 5813
f 5811 2072 7848
f 7848 53 2067
f 2041 3072 35
f 568 7849 2041
f 5812 5813 7849
f 7849 594 3072
f 3046 5812 568
f 25 7850 3046
f 3076 5814 7850
f 7850 1944 5812
f 5817 3074 596
f 1945 7851 5817
f 5815 3070 7851
f 7851 52 3074
f 3075 2069 54
f 597 7852 3075
f 5816 5817 7852
f 7852 596 2069
f 2070 5816 597
f 36 7853 2070
f 2050 5818 7853
f 7853 1945 5816
f 5821 2062 589
f 1946 7854 5821
f 5819 2068 7854
f 7854 51 2062
f 2045 3067 37
f 572 7855 2045
f 5820 5821 7855
f 7855 589 3067
f 3050 5820 572
f 35 7856 3050
f 3072 5822 7856
f 7856 1946 5820
f 5825 3069 591
f 1947 7857 5825
f 5823 2066 7857
f 3069 2066 50
f 3070 2064 52
f 592 7858 3070
f 5824 5825 7858
f 2064 5825 591
f 2065 5824 592
f 38 7859 2065
f 2060 5826 7859
f 7859 1947 5824
f 5829 3066 588
f 1948 7860 5829
f 5827 2063 7860
f 3066 2063 49
f 2059 2061 47
f 586 7861 2059
f 5828 5829 7861
f 7861 588 2061
f 3064 5828 586
f 37 7862 3064
f 3067 5830 7862
f 7862 1948 5828
f 5833 2058 585
f 1949 7863 5833
f 5831 3054 7863
f 7863 40 2058
f 1988 3063 46
f 515 7864 1988
f 5832 5833 7864
f 7864 585 3063
f 2993 5832 515
f 48 7865 2993
f 3065 5834 7865
f 7865 1949 5832
f 5837 2046 573
f 1950 7866 5837
f 5835 3060 7866
f 7866 39 2046
f 3064 3051 37
f 586 7867 3064
f 5836 5837 7867
f 7867 573 3051
f 2059 5836 586
f 47 7868 2059
f 1981 5838 7868
f 7868 1950 5836
f 5841 3062 584
f 1951 7869 5841
f 5839 3059 7869
f 7869 42 3062
f 1994 2057 44
f 521 7870 1994
f 5840 5841 7870
f 7870 584 2057
f 2999 5840 521
f 46 7871 2999
f 3063 5842 7871
f 7871 1951 5840
f 5845 2051 578
f 1952 7872 5845
f 5843 2056 7872
f 7872 41 2051
f 3060 3056 39
f 582 7873 3060
f 5844 5845 7873
f 7873 578 3056
f 2055 5844 582
f 45 7874 2055
f 1989 5846 7874
f 7874 1952 5844
f 5849 3058 580
f 1953 7875 5849
f 5847 3044 7875
f 7875 32 3058
f 3059 2053 42
f 581 7876 3059
f 5848 5849 7876
f 7876 580 2053
f 2054 5848 581
f 40 7877 2054
f 2048 5850 7877
f 7877 1953 5848
f 5853 2036 563
f 1954 7878 5853
f 5851 2052 7878
f 7878 31 2036
f 2047 3041 33
f 574 7879 2047
f 5852 5853 7879
f 7879 563 3041
f 3052 5852 574
f 39 7880 3052
f 3056 5854 7880
f 7880 1954 5852
f 5857 3053 575
f 1955 7881 5857
f 5855 3048 7881
f 7881 34 3053
f 3054 2048 40
f 576 7882 3054
f 5856 5857 7882
f 7882 575 2048
f 2049 5856 576
f 38 7883 2049
f 3055 5858 7883
f 7883 1955 5856
f 5861 2042 569
f 1956 7884 5861
f 5859 2047 7884
f 7884 33 2042
f 3050 3047 35
f 572 7885 3050
f 5860 5861 7885
f 7885 569 3047
f 2045 5860 572
f 37 7886 2045
f 3051 5862 7886
f 7886 1956 5860
f 5865 2040 567
f 5865 5863 7887
f 7887 556 3034
f 2040 3034 28
f 3048 3045 34
f 570 7888 3048
f 5864 5865 7888
f 7888 567 3045
f 2043 5864 570
f 36 7889 2043
f 3049 5866 7889
f 7889 1957 5864
f 553 7890 2026
f 5869 5867 7890
f 5867 3040 7890
f 2026 3040 27
f 25 7891 3031
f 568 7891 3046
f 7891 1958 5869
f 3031 5869 553
f 2041 5868 568
f 35 7892 2041
f 3047 5870 7892
f 7892 1958 5868
f 5873 3043 565
f 1959 7893 5873
f 5871 3039 7893
f 7893 30 3043
f 3044 2038 32
f 566 7894 3044
f 5872 5873 7894
f 7894 565 2038
f 2039 5872 566
f 34 7895 2039
f 3045 5874 7895
f 7895 1959 5872
f 5877 2031 558
f 1960 7896 5877
f 5875 2037 7896
f 7896 29 2031
f 3040 3036 27
f 562 7897 3040
f 5876 5877 7897
f 7897 558 3036
f 2035 5876 562
f 33 7898 2035
f 3041 5878 7898
f 7898 1960 5876
f 560 7899 3038
f 5881 5879 7899
f 7899 546 3024
f 3038 3024 20
f 3039 2033 30
f 561 7900 3039
f 5880 5881 7900
f 7900 560 2033
f 2034 5880 561
f 28 7901 2034
f 2028 5882 7901
f 7901 1961 5880
f 543 7902 2016
f 5885 5883 7902
f 7902 559 2032
f 2016 2032 19
f 21 7903 3021
f 2027 5884 7903
f 7903 1962 5885
f 3021 5885 543
f 3032 5884 554
f 27 7904 3032
f 3036 5886 7904
f 7904 1962 5884
f 555 7905 3033
f 5889 5887 7905
f 7905 550 3028
f 3033 3028 22
f 3034 2028 28
f 556 7906 3034
f 5888 5889 7906
f 7906 555 2028
f 2029 5888 556
f 26 7907 2029
f 3035 5890 7907
f 7907 1963 5888
f 549 7908 2022
f 5893 5891 7908
f 7908 554 2027
f 2022 2027 21
f 23 7909 3027
f 3030 5892 7909
f 7909 1964 5893
f 3027 5893 549
f 2025 5892 552
f 25 7910 2025
f 3031 5894 7910
f 7910 1964 5892
f 547 7911 2020
f 5897 5895 7911
f 7911 536 3014
f 2020 3014 16
f 3028 3025 22
f 550 7912 3028
f 5896 5897 7912
f 7912 547 3025
f 2023 5896 550
f 24 7913 2023
f 3029 5898 7913
f 7913 1965 5896
f 533 7914 2006
f 5901 5899 7914
f 7914 542 3020
f 2006 3020 15
f 13 7915 3011
f 3026 5900 7915
f 7915 1966 5901
f 3011 5901 533
f 2021 5900 548
f 23 7916 2021
f 3027 5902 7916
f 7916 1966 5900
f 545 7917 3023
f 5905 5903 7917
f 7917 541 3019
f 3023 3019 18
f 3024 2018 20
f 546 7918 3024
f 5904 5905 7918
f 7918 545 2018
f 2019 5904 546
f 22 7919 2019
f 3025 5906 7919
f 7919 1967 5904
f 538 7920 2011
f 5909 5907 7920
f 7920 544 2017
f 2011 2017 17
f 15 7921 3016
f 3020 5908 7921
f 7921 1968 5909
f 3016 5909 538
f 2015 5908 542
f 21 7922 2015
f 3021 5910 7922
f 7922 1968 5908
f 540 7923 3018
f 5913 5911 7923
f 7923 526 3004
f 3018 3004 8
f 18 7924 2013
f 3019 5912 7924
f 7924 1969 5913
f 2013 5913 540
f 541 7925 5912
f 2014 2008 7925
f 7925 535 5914
f 5912 5914 1969
f 523 7926 1996
f 5917 5915 7926
f 7926 539 2012
f 1996 2012 7
f 9 7927 3001
f 2007 5916 7927
f 7927 1970 5917
f 3001 5917 523
f 534 7928 5916
f 3012 3016 7928
f 7928 538 5918
f 5916 5918 1970
f 535 7929 3013
f 5921 5919 7929
f 7929 530 3008
f 3013 3008 10
f 16 7930 2008
f 536 7930 3014
f 7930 1971 5921
f 2008 5921 535
f 2009 5920 536
f 2009 3015 7931
f 7931 537 5922
f 5920 5922 1971
f 529 7932 2002
f 5925 5923 7932
f 7932 534 2007
f 2002 2007 9
f 11 7933 3007
f 3010 5924 7933
f 7933 1972 5925
f 3007 5925 529
f 532 7934 5924
f 2005 3011 7934
f 3011 5926 7934
f 5924 5926 1972
f 527 7935 2000
f 5929 5927 7935
f 7935 513 2991
f 2000 2991 4
f 10 7936 3005
f 3008 5928 7936
f 7936 1973 5929
f 3005 5929 527
f 530 7937 5928
f 2003 3009 7937
f 7937 531 5930
f 5928 5930 1973
f 510 7938 1983
f 5933 5931 7938
f 7938 522 3000
f 1983 3000 3
f 1 7939 2988
f 3006 5932 7939
f 7939 1974 5933
f 2988 5933 510
f 528 7940 5932
f 2001 3007 7940
f 7940 529 5934
f 5932 5934 1974
f 525 7941 3003
f 5937 5935 7941
f 7941 520 2998
f 3003 2998 6
f 8 7942 1998
f 3004 5936 7942
f 7942 1975 5937
f 1998 5937 525
f 526 7943 5936
f 1999 3005 7943
f 7943 527 5938
f 5936 5938 1975
f 517 7944 1990
f 5941 5939 7944
f 7944 524 1997
f 1990 1997 5
f 3 7945 2995
f 3000 5940 7945
f 7945 1976 5941
f 2995 5941 517
f 522 7946 5940
f 1995 3001 7946
f 7946 523 5942
f 5940 5942 1976
f 519 7947 2997
f 5945 5943 7947
f 7947 521 1994
f 2997 1994 44
f 6 7948 1992
f 2998 5944 7948
f 7948 1977 5945
f 1992 5945 519
f 520 7949 5944
f 1993 1985 7949
f 7949 512 5946
f 5944 5946 1977
f 516 7950 2994
f 5949 5947 7950
f 7950 518 1991
f 2994 1991 43
f 45 7951 1989
f 1984 5948 7951
f 7951 1978 5949
f 1989 5949 516
f 511 7952 5948
f 2989 2995 7952
f 7952 517 5950
f 5948 5950 1978
f 512 7953 2990
f 5953 5951 7953
f 7953 515 1988
f 2990 1988 46
f 4 7954 1985
f 2991 5952 7954
f 5952 5953 7954
f 1985 5953 512
f 1986 5952 513
f 1986 2992 7955
f 2992 5954 7955
f 7955 1979 5952
f 508 7956 2986
f 5957 5955 7956
f 7956 511 1984
f 2986 1984 45
f 47 7957 1981
f 2987 5956 7957
f 7957 1980 5957
f 1981 5957 508
f 1982 5956 509
f 1982 2988 7958
f 2988 5958 7958
f 7958 1980 5956
f 5958 5959 5955
f 5958 510 1983
f 5959 1983 3
f 5955 5959 2989
f 1979 5954 5960
f 5954 514 1987
f 5960 1987 48
f 5951 5960 2993
f 1978 5950 5961
f 5950 517 1990
f 5961 1990 5
f 5947 5961 2996
f 1977 5946 5962
f 5946 512 2990
f 5962 2990 46
f 5943 5962 2999
f 1976 5942 5963
f 5942 523 1996
f 5963 1996 7
f 5939 5963 3002
f 1975 5938 5964
f 5938 527 2000
f 5964 2000 4
f 5935 5964 1993
f 1974 5934 5965
f 5934 529 2002
f 5965 2002 9
f 5931 5965 1995
f 1973 5930 5966
f 5930 531 2004
f 5966 2004 2
f 5927 5966 1986
f 1972 5926 5967
f 533 2006 5967
f 5967 2006 15
f 5923 5967 3012
f 1971 5922 5968
f 5922 537 2010
f 5968 2010 12
f 5919 5968 2003
f 1970 5918 5969
f 5918 538 2011
f 5969 2011 17
f 5915 5969 3017
f 1969 5914 5970
f 5914 535 3013
f 5970 3013 10
f 5911 5970 1999
f 5910 5971 5907
f 543 2016 5971
f 2016 19 3022
f 5971 3022 544
f 1967 5906 5972
f 5906 547 2020
f 5972 2020 16
f 5903 5972 2014
f 5902 5973 5899
f 549 2022 5973
f 2022 21 2015
f 5973 2015 542
f 1965 5898 5974
f 5898 551 2024
f 5974 2024 14
f 5895 5974 2009
f 5894 5975 5891
f 553 2026 5975
f 2026 27 3032
f 5975 3032 554
f 1963 5890 5976
f 5890 557 2030
f 5976 2030 24
f 5887 5976 2023
f 5886 5977 5883
f 558 2031 5977
f 2031 29 3037
f 5977 3037 559
f 1961 5882 5978
f 5882 555 3033
f 5978 3033 22
f 5879 5978 2019
f 5878 5979 5875
f 563 2036 5979
f 2036 31 3042
f 5979 3042 564
f 5874 5980 5871
f 567 2040 5980
f 2040 28 2034
f 5980 2034 561
f 5870 5981 5867
f 569 2042 5981
f 2042 33 2035
f 5981 2035 562
f 1957 5866 5982
f 571 2044 5982
f 5982 2044 26
f 5863 5982 2029
f 5862 5983 5859
f 573 2046 5983
f 2046 39 3052
f 5983 3052 574
f 5858 5984 5855
f 577 2050 5984
f 2050 36 2043
f 5984 2043 570
f 5854 5985 5851
f 578 2051 5985
f 2051 41 3057
f 5985 3057 579
f 5850 5986 5847
f 575 3053 5986
f 3053 34 2039
f 5986 2039 566
f 5846 5987 5843
f 516 2994 5987
f 2994 43 3061
f 5987 3061 583
f 5842 5988 5839
f 585 2058 5988
f 2058 40 2054
f 5988 2054 581
f 5838 5989 5835
f 508 2986 5989
f 2986 45 2055
f 5989 2055 582
f 5834 5990 5831
f 587 2060 5990
f 2060 38 2049
f 5990 2049 576
f 5830 5991 5827
f 589 2062 5991
f 2062 51 3068
f 5827 5991 3068
f 5826 5992 5823
f 587 3065 5992
f 3065 48 3071
f 5992 3071 593
f 5822 5993 5819
f 594 2067 5993
f 2067 53 3073
f 5993 3073 595
f 5818 5994 5815
f 577 3055 5994
f 3055 38 2065
f 5994 2065 592
f 5814 5995 5811
f 598 2071 5995
f 2071 55 3077
f 5995 3077 599
f 5810 5996 5807
f 571 3049 5996
f 3049 36 2070
f 5996 2070 597
f 5806 5997 5803
f 602 2075 5997
f 2075 57 3081
f 5997 3081 603
f 5802 5998 5799
f 557 3035 5998
f 3035 26 2074
f 5998 2074 601
f 1940 5798 5999
f 5798 606 2079
f 2079 59 3085
f 5795 5999 3085
f 1939 5794 6000
f 551 3029 6000
f 3029 24 2078
f 5791 6000 2078
f 1938 5790 6001
f 5790 610 2083
f 6001 2083 63
f 5787 6001 3089
f 1937 5786 6002
f 5786 537 3015
f 6002 3015 14
f 5783 6002 2082
f 1936 5782 6003
f 5782 614 2087
f 6003 2087 65
f 5779 6003 3093
f 1935 5778 6004
f 5778 531 3009
f 6004 3009 12
f 5775 6004 2086
f 1934 5774 6005
f 5774 588 3066
f 6005 3066 49
f 5771 6005 3096
f 1933 5770 6006
f 5770 514 2992
f 6006 2992 2
f 5767 6006 2090
f 3099 6007 2093
f 5765 6007 3099
f 2093 6007 5765
f 50 2092 6008
f 619 5762 6008
f 2095 6008 5762
f 63 2088 6009
f 5759 6009 2088
f 2097 6009 5759
f 2096 6010 2098
f 5756 6010 2096
f 2098 6010 5756
f 3104 6011 3102
f 5753 6011 3104
f 3102 6011 5753
f 64 2085 6012
f 5750 6012 2085
f 3103 6012 5750
f 3106 6013 3104
f 5747 6013 3106
f 3104 6013 5747
f 60 2081 6014
f 5744 6014 2081
f 3105 6014 5744
f 3108 6015 3106
f 5741 6015 3108
f 3106 6015 5741
f 58 2077 6016
f 5738 6016 2077
f 3107 6016 5738
f 3110 6017 3108
f 5735 6017 3110
f 3108 6017 5735
f 56 2073 6018
f 5732 6018 2073
f 3109 6018 5732
f 3112 6019 3110
f 5729 6019 3112
f 3110 6019 5729
f 54 2069 6020
f 5726 6020 2069
f 3111 6020 5726
f 2093 6021 3112
f 5723 6021 2093
f 3112 6021 5723
f 52 2064 6022
f 591 5720 6022
f 3113 6022 5720
f 5718 6023 5715
f 638 2111 6023
f 2111 176 3117
f 6023 3117 639
f 5714 6024 5711
f 641 2114 6024
f 2114 90 3120
f 6024 3120 642
f 5710 6025 5707
f 645 2118 6025
f 2118 174 2110
f 6025 2110 637
f 5706 6026 5703
f 647 2120 6026
f 2120 88 3126
f 6026 3126 648
f 1928 5702 6027
f 5702 651 2124
f 6027 2124 172
f 6027 2117 644
f 1927 5698 6028
f 5698 653 2126
f 6028 2126 86
f 6028 3132 654
f 1926 5694 6029
f 5694 657 2130
f 6029 2130 170
f 5691 6029 2123
f 1925 5690 6030
f 5690 659 2132
f 2132 84 3138
f 6030 3138 660
f 1924 5686 6031
f 5686 663 2136
f 6031 2136 168
f 5683 6031 2129
f 1923 5682 6032
f 5682 665 2138
f 2138 82 3144
f 6032 3144 666
f 1922 5678 6033
f 5678 669 2142
f 6033 2142 146
f 5675 6033 3148
f 1921 5674 6034
f 5674 673 2146
f 6034 2146 80
f 5671 6034 3152
f 5670 6035 5667
f 676 2149 6035
f 6035 2149 148
f 5667 6035 3155
f 5666 6036 5663
f 680 2153 6036
f 6036 2153 93
f 5663 6036 2145
f 1918 5662 6037
f 5662 682 2155
f 6037 2155 150
f 5659 6037 3161
f 1917 5658 6038
f 5658 686 2159
f 6038 2159 95
f 6038 2152 679
f 5654 6039 5651
f 688 2161 6039
f 6039 2161 152
f 5651 6039 3167
f 5650 6040 5647
f 692 2165 6040
f 2165 97 2158
f 6040 2158 685
f 5646 6041 5643
f 694 2167 6041
f 2167 154 3173
f 6041 3173 695
f 5642 6042 5639
f 698 2171 6042
f 2171 99 2164
f 6042 2164 691
f 5638 6043 5635
f 700 2173 6043
f 2173 156 3179
f 6043 3179 701
f 5634 6044 5631
f 704 2177 6044
f 2177 101 2170
f 6044 2170 697
f 1910 5630 6045
f 5630 706 2179
f 6045 2179 158
f 5627 6045 3185
f 5626 6046 5623
f 710 2183 6046
f 2183 103 2176
f 6046 2176 703
f 5622 6047 5619
f 712 2185 6047
f 2185 160 3191
f 6047 3191 713
f 5618 6048 5615
f 716 2189 6048
f 2189 105 2182
f 6048 2182 709
f 5614 6049 5611
f 718 2191 6049
f 2191 162 3197
f 6049 3197 719
f 5610 6050 5607
f 722 2195 6050
f 2195 107 2188
f 6050 2188 715
f 5606 6051 5603
f 724 2197 6051
f 2197 68 3203
f 6051 3203 725
f 5602 6052 5599
f 727 2200 6052
f 2200 109 2194
f 6052 2194 721
f 5598 6053 5595
f 730 2203 6053
f 2203 160 2192
f 6053 2192 719
f 5594 6054 5591
f 5594 732 2205
f 6054 2205 111
f 5591 6054 3211
f 1900 5590 6055
f 5590 735 2208
f 6055 2208 158
f 5587 6055 2186
f 1899 5586 6056
f 5586 737 2210
f 6056 2210 129
f 6056 2204 731
f 5582 6057 5579
f 707 3185 6057
f 3185 158 2208
f 6057 2208 735
f 5578 6058 5575
f 740 2213 6058
f 2213 127 3219
f 6058 3219 741
f 5574 6059 5571
f 701 3179 6059
f 3179 156 2212
f 6059 2212 739
f 1895 5570 6060
f 5570 744 2217
f 6060 2217 125
f 5567 6060 3223
f 1894 5566 6061
f 5566 695 3173
f 6061 3173 154
f 5563 6061 2216
f 5562 6062 5559
f 748 2221 6062
f 2221 123 3227
f 6062 3227 749
f 5558 6063 5555
f 689 3167 6063
f 3167 152 2220
f 6063 2220 747
f 5554 6064 5551
f 752 2225 6064
f 2225 121 3231
f 6064 3231 753
f 5550 6065 5547
f 683 3161 6065
f 3161 150 2224
f 6065 2224 751
f 5546 6066 5543
f 756 2229 6066
f 2229 119 3235
f 6066 3235 757
f 5542 6067 5539
f 677 3155 6067
f 3155 148 2228
f 6067 2228 755
f 5538 6068 5535
f 760 2233 6068
f 2233 117 3239
f 6068 3239 761
f 1886 5534 6069
f 670 3148 6069
f 3148 146 2232
f 6069 2232 759
f 1885 5530 6070
f 5530 764 2237
f 6070 2237 115
f 5527 6070 3243
f 1884 5526 6071
f 5526 767 2240
f 2240 177 3246
f 5523 6071 3246
f 1883 5522 6072
f 5522 771 2244
f 6072 2244 115
f 5519 6072 2237
f 5518 6073 5515
f 725 3203 6073
f 3203 68 3251
f 6073 3251 773
f 5514 6074 5511
f 733 3211 6074
f 3211 111 3253
f 6074 3253 775
f 1880 5510 6075
f 5510 777 2250
f 6075 2250 178
f 5507 6075 3256
f 1879 5506 6076
f 5506 774 3252
f 6076 3252 113
f 5503 6076 3258
f 5502 6077 5499
f 5502 782 2255
f 6077 2255 183
f 5499 6077 2251
f 5498 6078 5495
f 770 3248 6078
f 3248 177 2254
f 6078 2254 781
f 1876 5494 6079
f 5494 786 2259
f 6079 2259 176
f 5491 6079 2111
f 1875 5490 6080
f 5490 787 2260
f 6080 2260 136
f 5487 6080 3266
f 1874 5486 6081
f 5486 784 3262
f 6081 3262 174
f 5483 6081 2118
f 1873 5482 6082
f 5482 791 2264
f 2264 134 3270
f 6082 3270 792
f 5478 6083 5475
f 789 3267 6083
f 3267 172 2124
f 6083 2124 651
f 5474 6084 5471
f 795 2268 6084
f 2268 132 3274
f 6084 3274 796
f 1870 5470 6085
f 5470 798 2271
f 6085 2271 185
f 5467 6085 3277
f 1869 5466 6086
f 5466 802 2275
f 6086 2275 167
f 5463 6086 2137
f 1868 5462 6087
f 5462 657 3135
f 6087 3135 168
f 5459 6087 2272
f 1867 5458 6088
f 5458 796 3274
f 6088 3274 132
f 5455 6088 3282
f 5454 6089 5451
f 807 2280 6089
f 2280 189 3286
f 6089 3286 808
f 5450 6090 5447
f 810 2283 6090
f 2283 145 3289
f 6090 3289 811
f 5446 6091 5443
f 808 3286 6091
f 3286 189 3291
f 6091 3291 813
f 5442 6092 5439
f 801 3279 6092
f 3279 186 3292
f 6092 3292 814
f 5438 6093 5435
f 803 3281 6093
f 6093 3281 185
f 5435 6093 2285
f 5434 6094 5431
f 817 2290 6094
f 2290 130 2288
f 6094 2288 815
f 1860 5430 6095
f 5430 820 2293
f 6095 2293 191
f 5427 6095 3299
f 1859 5426 6096
f 5426 824 2297
f 6096 2297 143
f 5423 6096 3303
f 5422 6097 5419
f 828 2301 6097
f 2301 193 2292
f 6097 2292 819
f 1857 5418 6098
f 5418 830 2303
f 2303 141 3309
f 6098 3309 831
f 5414 6099 5411
f 834 2307 6099
f 2307 195 2300
f 6099 2300 827
f 5410 6100 5407
f 836 2309 6100
f 2309 139 3315
f 6100 3315 837
f 5406 6101 5403
f 840 2313 6101
f 2313 197 2306
f 6101 2306 833
f 5402 6102 5399
f 839 3317 6102
f 6102 3317 138
f 6102 2311 838
f 5398 6103 5395
f 821 3299 6103
f 3299 191 3321
f 6103 3321 843
f 5394 6104 5391
f 810 3288 6104
f 3288 190 2315
f 6104 2315 842
f 5390 6105 5387
f 846 2319 6105
f 2319 206 3325
f 6105 3325 847
f 5386 6106 5383
f 844 3322 6106
f 3322 70 2318
f 6106 2318 845
f 1848 5382 6107
f 5382 851 2324
f 6107 2324 200
f 5379 6107 3330
f 1847 5378 6108
f 5378 850 3328
f 6108 3328 71
f 5375 6108 2314
f 1846 5374 6109
f 5374 855 2328
f 2328 202 3334
f 6109 3334 856
f 5370 6110 5367
f 5370 853 3331
f 3331 198 2308
f 6110 2308 835
f 5366 6111 5363
f 5366 859 2332
f 6111 2332 204
f 6111 3338 860
f 5362 6112 5359
f 857 3335 6112
f 3335 196 2302
f 6112 2302 829
f 1842 5358 6113
f 863 2336 6113
f 2336 206 2319
f 5355 6113 2319
f 1841 5354 6114
f 5354 861 3339
f 6114 3339 194
f 5351 6114 2296
f 1840 5350 6115
f 5350 859 3337
f 6115 3337 202
f 5347 6115 2328
f 5346 6116 5343
f 866 2339 6116
f 2339 199 2327
f 6116 2327 854
f 1838 5342 6117
f 5342 847 3325
f 6117 3325 206
f 5339 6117 2336
f 1837 5338 6118
f 5338 867 3345
f 3345 199 2339
f 5335 6118 2339
f 1836 5334 6119
f 5334 869 2342
f 6119 2342 164
f 5331 6119 2241
f 1835 5330 6120
f 5330 837 3315
f 6120 3315 139
f 5327 6120 2341
f 5326 6121 5323
f 871 2344 6121
f 2344 211 3350
f 6121 3350 872
f 1833 5322 6122
f 5322 831 3309
f 6122 3309 141
f 5319 6122 2343
f 5318 6123 5315
f 875 2348 6123
f 2348 213 3354
f 6123 3354 876
f 5314 6124 5311
f 825 3303 6124
f 3303 143 2347
f 6124 2347 874
f 5310 6125 5307
f 797 3275 6125
f 3275 166 3357
f 6125 3357 879
f 5306 6126 5303
f 811 3289 6126
f 3289 145 2351
f 6126 2351 878
f 5302 6127 5299
f 882 2355 6127
f 2355 213 2352
f 6127 2352 879
f 5298 6128 5295
f 5298 884 2357
f 6128 2357 82
f 6128 2138 665
f 5294 6129 5291
f 886 2359 6129
f 2359 211 2349
f 6129 2349 876
f 5290 6130 5287
f 888 2361 6130
f 2361 210 2356
f 6130 2356 883
f 1824 5286 6131
f 5286 872 3350
f 6131 3350 211
f 5283 6131 2359
f 1823 5282 6132
f 5282 674 3152
f 6132 3152 80
f 5279 6132 3368
f 5278 6133 5275
f 892 2365 6133
f 2365 72 3371
f 6133 3371 893
f 5274 6134 5271
f 817 3295 6134
f 3295 132 3373
f 6134 3373 895
f 1820 5270 6135
f 5270 891 3369
f 6135 3369 222
f 5267 6135 3375
f 5266 6136 5263
f 795 3273 6136
f 3273 134 3377
f 6136 3377 899
f 1818 5262 6137
f 896 3374 6137
f 6137 3374 220
f 5259 6137 3379
f 1817 5258 6138
f 5258 791 3269
f 6138 3269 136
f 5255 6138 3381
f 1816 5254 6139
f 5254 900 3378
f 6139 3378 218
f 5251 6139 3383
f 1815 5250 6140
f 5250 787 3265
f 6140 3265 137
f 5247 6140 2377
f 5246 6141 5243
f 908 2381 6141
f 2381 229 3387
f 6141 3387 909
f 5242 6142 5239
f 906 3384 6142
f 3384 217 2380
f 6142 2380 907
f 1812 5238 6143
f 5238 912 2385
f 6143 2385 227
f 6143 3391 913
f 1811 5234 6144
f 5234 902 3380
f 6144 3380 219
f 5231 6144 2384
f 1810 5230 6145
f 5230 916 2389
f 6145 2389 225
f 5227 6145 3395
f 1809 5226 6146
f 5226 898 3376
f 6146 3376 221
f 5223 6146 2388
f 5222 6147 5219
f 920 2393 6147
f 2393 224 3399
f 6147 3399 921
f 5218 6148 5215
f 894 3372 6148
f 3372 223 2392
f 6148 2392 919
f 1806 5214 6149
f 5214 909 3387
f 6149 3387 229
f 5211 6149 3402
f 1805 5210 6150
f 5210 923 3401
f 6150 3401 224
f 5207 6150 2395
f 2397 6151 3395
f 5205 6151 2397
f 917 3395 6151
f 228 2387 6152
f 5202 6152 2387
f 3396 6152 5202
f 1804 5200 6153
f 5200 927 2400
f 6153 2400 234
f 5197 6153 3406
f 1803 5196 6154
f 783 3261 6154
f 3261 184 3409
f 5193 6154 3409
f 1802 5192 6155
f 5192 926 3404
f 6155 3404 232
f 5189 6155 3411
f 5188 6156 5185
f 780 3258 6156
f 3258 113 3413
f 6156 3413 935
f 5184 6157 5181
f 5184 932 3410
f 6157 3410 254
f 5181 6157 3415
f 5180 6158 5177
f 775 3253 6158
f 3253 111 3417
f 6158 3417 939
f 5176 6159 5173
f 940 2413 6159
f 2413 252 3419
f 6159 3419 941
f 5172 6160 5169
f 5172 771 3249
f 6160 3249 182
f 5169 6160 2403
f 1796 5168 6161
f 5168 944 2417
f 6161 2417 250
f 5165 6161 3423
f 1795 5164 6162
f 5164 765 3243
f 3243 115 2416
f 6162 2416 943
f 1794 5160 6163
f 5160 948 2421
f 6163 2421 248
f 5157 6163 3427
f 1793 5156 6164
f 5156 761 3239
f 6164 3239 117
f 5153 6164 2420
f 1792 5152 6165
f 5152 952 2425
f 6165 2425 246
f 5149 6165 3431
f 1791 5148 6166
f 5148 757 3235
f 6166 3235 119
f 5145 6166 2424
f 1790 5144 6167
f 5144 956 2429
f 6167 2429 244
f 5141 6167 3435
f 1789 5140 6168
f 5140 753 3231
f 6168 3231 121
f 5137 6168 2428
f 5136 6169 5133
f 960 2433 6169
f 2433 242 3439
f 6169 3439 961
f 5132 6170 5129
f 749 3227 6170
f 6170 3227 123
f 6170 2432 959
f 5128 6171 5125
f 964 2437 6171
f 2437 240 3443
f 6171 3443 965
f 5124 6172 5121
f 745 3223 6172
f 3223 125 2436
f 6172 2436 963
f 1784 5120 6173
f 5120 968 2441
f 6173 2441 236
f 5117 6173 3447
f 1783 5116 6174
f 5116 741 3219
f 6174 3219 127
f 5113 6174 2440
f 1782 5112 6175
f 5112 972 2445
f 6175 2445 238
f 5109 6175 3451
f 1781 5108 6176
f 5108 737 3215
f 6176 3215 180
f 5105 6176 2444
f 1780 5104 6177
f 5104 936 3414
f 6177 3414 256
f 5101 6177 3454
f 1779 5100 6178
f 732 3210 6178
f 3210 129 2448
f 5097 6178 2448
f 1778 5096 6179
f 5096 979 2452
f 6179 2452 258
f 6179 3458 980
f 5092 6180 5089
f 977 3455 6180
f 3455 239 3461
f 6180 3461 983
f 1776 5088 6181
f 5088 978 3456
f 6181 3456 276
f 5085 6181 3463
f 1775 5084 6182
f 5084 974 3452
f 6182 3452 237
f 5081 6182 3465
f 1774 5080 6183
f 5080 984 3462
f 6183 3462 278
f 5077 6183 3467
f 5076 6184 5073
f 5076 970 3448
f 3448 241 3469
f 6184 3469 991
f 5072 6185 5069
f 5072 988 3466
f 6185 3466 274
f 6185 3471 993
f 5068 6186 5065
f 966 3444 6186
f 3444 243 3473
f 6186 3473 995
f 1770 5064 6187
f 992 3470 6187
f 3470 272 3475
f 5061 6187 3475
f 1769 5060 6188
f 962 3440 6188
f 6188 3440 245
f 5057 6188 3477
f 1768 5056 6189
f 5056 996 3474
f 6189 3474 270
f 5053 6189 3479
f 5052 6190 5049
f 958 3436 6190
f 6190 3436 247
f 6190 3481 1003
f 1766 5048 6191
f 5048 1000 3478
f 6191 3478 268
f 5045 6191 3483
f 1765 5044 6192
f 5044 954 3432
f 6192 3432 249
f 5041 6192 3485
f 5040 6193 5037
f 1004 3482 6193
f 3482 266 3487
f 6193 3487 1009
f 5036 6194 5033
f 950 3428 6194
f 3428 251 3489
f 6194 3489 1011
f 5032 6195 5029
f 1008 3486 6195
f 3486 264 3491
f 6195 3491 1013
f 5028 6196 5025
f 946 3424 6196
f 3424 253 3493
f 6196 3493 1015
f 1760 5024 6197
f 1012 3490 6197
f 3490 262 3495
f 5021 6197 3495
f 1759 5020 6198
f 5020 942 3420
f 6198 3420 235
f 5017 6198 3497
f 1758 5016 6199
f 5016 1020 2493
f 6199 2493 260
f 5013 6199 3499
f 1757 5012 6200
f 938 3416 6200
f 3416 257 2455
f 5009 6200 2455
f 1756 5008 6201
f 5008 1024 2497
f 6201 2497 282
f 5005 6201 3503
f 1755 5004 6202
f 5004 934 3412
f 6202 3412 255
f 5001 6202 2496
f 1754 5000 6203
f 5000 1016 3494
f 6203 3494 280
f 4997 6203 3506
f 1753 4996 6204
f 4996 929 3407
f 6204 3407 233
f 4993 6204 2500
f 1752 4992 6205
f 1031 2504 6205
f 2504 284 3510
f 6205 3510 1032
f 1751 4988 6206
f 4988 727 3205
f 6206 3205 67
f 4985 6206 2503
f 1750 4984 6207
f 4984 1035 2508
f 6207 2508 286
f 6207 3514 1036
f 1749 4980 6208
f 4980 722 3200
f 6208 3200 109
f 4977 6208 2507
f 4976 6209 4973
f 1039 2512 6209
f 2512 288 3518
f 6209 3518 1040
f 4972 6210 4969
f 716 3194 6210
f 3194 107 2511
f 6210 2511 1038
f 4968 6211 4965
f 1043 2516 6211
f 6211 2516 290
f 4965 6211 3522
f 4964 6212 4961
f 710 3188 6212
f 3188 105 2515
f 6212 2515 1042
f 4960 6213 4957
f 1047 2520 6213
f 2520 292 3526
f 6213 3526 1048
f 4956 6214 4953
f 704 3182 6214
f 3182 103 2519
f 6214 2519 1046
f 1742 4952 6215
f 1051 2524 6215
f 2524 294 3530
f 4949 6215 3530
f 4948 6216 4945
f 698 3176 6216
f 3176 101 2523
f 6216 2523 1050
f 4944 6217 4941
f 1055 2528 6217
f 2528 296 3534
f 6217 3534 1056
f 4940 6218 4937
f 692 3170 6218
f 3170 99 2527
f 6218 2527 1054
f 1738 4936 6219
f 4936 1059 2532
f 6219 2532 298
f 4933 6219 3538
f 1737 4932 6220
f 4932 686 3164
f 3164 97 2531
f 6220 2531 1058
f 1736 4928 6221
f 4928 1063 2536
f 6221 2536 300
f 4925 6221 3542
f 1735 4924 6222
f 680 3158 6222
f 6222 3158 95
f 4921 6222 2535
f 4920 6223 4917
f 1069 2542 6223
f 2542 328 3548
f 6223 3548 1070
f 4916 6224 4913
f 1068 3546 6224
f 3546 308 3551
f 6224 3551 1073
f 4912 6225 4909
f 1067 3545 6225
f 3545 338 3554
f 6225 3554 1076
f 4908 6226 4905
f 1075 3553 6226
f 3553 307 3556
f 6226 3556 1078
f 4904 6227 4901
f 1074 3552 6227
f 3552 336 3559
f 6227 3559 1081
f 4900 6228 4897
f 1080 3558 6228
f 3558 306 3561
f 6228 3561 1083
f 1728 4896 6229
f 4896 1085 2558
f 6229 2558 306
f 4893 6229 2552
f 1727 4892 6230
f 4892 642 3120
f 6230 3120 90
f 4889 6230 3564
f 1726 4888 6231
f 4888 1084 3562
f 6231 3562 340
f 4885 6231 3566
f 1725 4884 6232
f 4884 648 3126
f 6232 3126 88
f 4881 6232 3568
f 1724 4880 6233
f 4880 1087 3565
f 6233 3565 334
f 4877 6233 3570
f 1723 4876 6234
f 4876 654 3132
f 6234 3132 86
f 4873 6234 3572
f 1722 4872 6235
f 4872 1091 3569
f 6235 3569 330
f 4869 6235 3574
f 1721 4868 6236
f 4868 660 3138
f 6236 3138 84
f 4865 6236 3576
f 1720 4864 6237
f 4864 1076 3554
f 6237 3554 338
f 4861 6237 3578
f 1719 4860 6238
f 4860 1102 2575
f 2575 331 2570
f 6238 2570 1097
f 4856 6239 4853
f 1088 3566 6239
f 3566 340 2554
f 6239 2554 1081
f 4852 6240 4849
f 4852 1093 3571
f 6240 3571 331
f 6240 2575 1102
f 4848 6241 4845
f 1100 3578 6241
f 3578 338 2543
f 6241 2543 1070
f 4844 6242 4841
f 4844 1105 2578
f 2578 327 3584
f 6242 3584 1106
f 1714 4840 6243
f 4840 1095 3573
f 6243 3573 332
f 4837 6243 2577
f 1713 4836 6244
f 4836 666 3144
f 6244 3144 82
f 4833 6244 3586
f 1712 4832 6245
f 4832 1110 2583
f 6245 2583 344
f 4829 6245 3589
f 4828 6246 4825
f 1114 2587 6246
f 2587 210 2361
f 6246 2361 888
f 4824 6247 4821
f 1115 2588 6247
f 2588 342 2582
f 6247 2582 1109
f 4820 6248 4817
f 1108 3586 6248
f 3586 82 2357
f 6248 2357 884
f 4816 6249 4813
f 1111 3589 6249
f 3589 344 3596
f 4813 6249 3596
f 4812 6250 4809
f 890 3368 6250
f 6250 3368 80
f 4809 6250 3598
f 4808 6251 4805
f 4808 1121 2594
f 6251 2594 300
f 6251 2536 1063
f 4804 6252 4801
f 1120 3598 6252
f 3598 80 2146
f 6252 2146 673
f 4800 6253 4797
f 1125 2598 6253
f 2598 352 3604
f 6253 3604 1126
f 4796 6254 4793
f 1129 2602 6254
f 2602 77 2596
f 6254 2596 1123
f 4792 6255 4789
f 4792 1131 2604
f 2604 350 3610
f 6255 3610 1132
f 4788 6256 4785
f 1127 3605 6256
f 3605 304 2603
f 6256 2603 1130
f 1700 4784 6257
f 4784 1136 2609
f 6257 2609 348
f 4781 6257 3615
f 4780 6258 4777
f 1133 3611 6258
f 3611 78 2608
f 6258 2608 1135
f 1698 4776 6259
f 4776 1141 2614
f 6259 2614 328
f 4773 6259 2542
f 1697 4772 6260
f 4772 1138 3616
f 6260 3616 305
f 4769 6260 2613
f 4768 6261 4765
f 1141 3619 6261
f 3619 348 3621
f 6261 3621 1143
f 1695 4764 6262
f 4764 1106 3584
f 6262 3584 327
f 4761 6262 2589
f 1694 4760 6263
f 4760 1146 2619
f 6263 2619 318
f 4757 6263 3625
f 1693 4756 6264
f 4756 1061 3539
f 6264 3539 297
f 4753 6264 3628
f 4752 6265 4749
f 4752 1153 2626
f 6265 2626 324
f 6265 2597 1124
f 4748 6266 4745
f 1155 2628 6266
f 2628 76 2624
f 6266 2624 1151
f 4744 6267 4741
f 1158 2631 6267
f 2631 356 3637
f 4741 6267 3637
f 4740 6268 4737
f 1162 2635 6268
f 2635 302 2629
f 6268 2629 1156
f 1688 4736 6269
f 4736 1164 2637
f 6269 2637 354
f 4733 6269 3643
f 1687 4732 6270
f 4732 1160 3638
f 6270 3638 303
f 4729 6270 2636
f 1686 4728 6271
f 1169 2642 6271
f 2642 316 2625
f 6271 2625 1152
f 1685 4724 6272
f 4724 1166 3644
f 6272 3644 75
f 4721 6272 2641
f 1684 4720 6273
f 1172 2645 6273
f 6273 2645 362
f 4717 6273 3651
f 1683 4716 6274
f 4716 1053 3531
f 3531 293 3654
f 4713 6274 3654
f 1682 4712 6275
f 4712 1178 2651
f 6275 2651 368
f 4709 6275 3657
f 1681 4708 6276
f 4708 1174 3652
f 6276 3652 365
f 4705 6276 3660
f 1680 4704 6277
f 4704 1184 2657
f 6277 2657 370
f 4701 6277 3663
f 1679 4700 6278
f 4700 1180 3658
f 6278 3658 367
f 4697 6278 3666
f 1678 4696 6279
f 1190 2663 6279
f 2663 376 3669
f 6279 3669 1191
f 1677 4692 6280
f 4692 1186 3664
f 6280 3664 373
f 6280 3672 1194
f 4688 6281 4685
f 1197 2670 6281
f 2670 374 2664
f 6281 2664 1191
f 4684 6282 4681
f 1199 2672 6282
f 6282 2672 315
f 4681 6282 3678
f 1674 4680 6283
f 4680 1202 2675
f 6283 2675 374
f 4677 6283 2670
f 1673 4676 6284
f 4676 1170 3648
f 6284 3648 317
f 4673 6284 3682
f 1672 4672 6285
f 4672 1205 2678
f 6285 2678 372
f 4669 6285 2662
f 1671 4668 6286
f 4668 1167 3645
f 6286 3645 355
f 4665 6286 2676
f 1670 4664 6287
f 4664 1207 2680
f 6287 2680 366
f 4661 6287 2656
f 1669 4660 6288
f 4660 1161 3639
f 6288 3639 357
f 4657 6288 2679
f 1668 4656 6289
f 4656 1210 2683
f 6289 2683 364
f 6289 2650 1177
f 1667 4652 6290
f 1212 2685 6290
f 6290 2685 359
f 4649 6290 2681
f 4648 6291 4645
f 1171 3649 6291
f 3649 364 2683
f 6291 2683 1210
f 4644 6292 4641
f 1049 3527 6292
f 3527 291 3692
f 6292 3692 1214
f 4640 6293 4637
f 1209 3687 6293
f 3687 358 2630
f 6293 2630 1157
f 4636 6294 4633
f 1217 2690 6294
f 2690 74 2688
f 6294 2688 1215
f 1662 4632 6295
f 4632 1040 3518
f 6295 3518 288
f 4629 6295 2517
f 4628 6296 4625
f 1037 3515 6296
f 3515 285 3697
f 6296 3697 1219
f 1660 4624 6297
f 4624 1213 3691
f 3691 360 2689
f 4621 6297 2689
f 1659 4620 6298
f 4620 1219 3697
f 6298 3697 285
f 4617 6298 3699
f 73 2505 6299
f 1032 4615 6299
f 2695 6299 4615
f 2694 6300 3700
f 4612 6300 2694
f 3700 6300 4612
f 4610 6301 4607
f 1145 3623 6301
f 3623 310 3701
f 6301 3701 1223
f 4606 6302 4603
f 1057 3535 6302
f 3535 295 2648
f 6302 2648 1175
f 1656 4602 6303
f 4602 1226 2699
f 6303 2699 368
f 4599 6303 2651
f 1655 4598 6304
f 4598 1228 2701
f 6304 2701 311
f 4595 6304 2697
f 1654 4594 6305
f 4594 1230 2703
f 6305 2703 370
f 4591 6305 2657
f 1653 4590 6306
f 4590 1232 2705
f 6306 2705 313
f 4587 6306 2700
f 4586 6307 4583
f 1190 3668 6307
f 3668 370 2703
f 6307 2703 1230
f 4582 6308 4579
f 1200 3678 6308
f 3678 315 3712
f 6308 3712 1234
f 4578 6309 4575
f 1236 2709 6309
f 6309 2709 386
f 4575 6309 3715
f 4574 6310 4571
f 1139 3617 6310
f 3617 349 3718
f 6310 3718 1240
f 4570 6311 4567
f 1237 3715 6311
f 3715 386 3721
f 6311 3721 1243
f 4566 6312 4563
f 1245 2718 6312
f 2718 319 3724
f 6312 3724 1246
f 1646 4562 6313
f 4562 1247 2720
f 6313 2720 384
f 4559 6313 2715
f 1645 4558 6314
f 4558 1065 3543
f 6314 3543 299
f 4555 6314 2622
f 1644 4554 6315
f 4554 1110 3588
f 6315 3588 342
f 4551 6315 3728
f 1643 4550 6316
f 4550 1252 2725
f 6316 2725 301
f 4547 6316 2721
f 2616 6317 3728
f 1143 4545 6317
f 3728 6317 4545
f 2713 6318 3729
f 1240 4542 6318
f 3729 6318 4542
f 2594 6319 3727
f 1121 4539 6319
f 1249 3727 6319
f 345 2592 6320
f 1119 4536 6320
f 3730 6320 4536
f 4534 6321 4531
f 4534 1254 2727
f 2727 380 3733
f 6321 3733 1255
f 4530 6322 4527
f 1258 2731 6322
f 2731 315 2672
f 6322 2672 1199
f 4526 6323 4523
f 1255 3733 6323
f 3733 380 3737
f 4523 6323 3737
f 4522 6324 4519
f 1204 3682 6324
f 3682 317 2627
f 6324 2627 1154
f 4518 6325 4515
f 1262 2735 6325
f 2735 380 2727
f 6325 2727 1254
f 4514 6326 4511
f 1244 3722 6326
f 3722 321 3742
f 6326 3742 1264
f 4510 6327 4507
f 1265 2738 6327
f 2738 380 2735
f 6327 2735 1262
f 4506 6328 4503
f 1134 3612 6328
f 3612 351 2712
f 6328 2712 1239
f 324 2732 6329
f 1259 4501 6329
f 3603 6329 4501
f 2739 6330 3606
f 1266 4498 6330
f 3606 6330 4498
f 4496 6331 4493
f 1269 2742 6331
f 2742 414 3748
f 6331 3748 1270
f 4492 6332 4489
f 1273 2746 6332
f 2746 401 3752
f 6332 3752 1274
f 1632 4488 6333
f 4488 1276 2749
f 6333 2749 404
f 4485 6333 3755
f 1631 4484 6334
f 4484 1274 3752
f 6334 3752 401
f 4481 6334 3758
f 4480 6335 4477
f 1282 2755 6335
f 2755 406 3761
f 6335 3761 1283
f 4476 6336 4473
f 4476 1278 3756
f 6336 3756 399
f 4473 6336 3764
f 4472 6337 4469
f 1288 2761 6337
f 2761 408 3767
f 6337 3767 1289
f 4468 6338 4465
f 1284 3762 6338
f 3762 397 3770
f 6338 3770 1292
f 4464 6339 4461
f 4464 1294 2767
f 6339 2767 410
f 4461 6339 3773
f 4460 6340 4457
f 1290 3768 6340
f 3768 395 3776
f 6340 3776 1298
f 1624 4456 6341
f 4456 1300 2773
f 6341 2773 412
f 4453 6341 3779
f 1623 4452 6342
f 1296 3774 6342
f 3774 393 3782
f 6342 3782 1304
f 1622 4448 6343
f 4448 1306 2779
f 6343 2779 418
f 4445 6343 3785
f 1621 4444 6344
f 4444 1310 2783
f 6344 2783 411
f 4441 6344 2776
f 1620 4440 6345
f 4440 1312 2785
f 6345 2785 420
f 4437 6345 2778
f 1619 4436 6346
f 4436 1314 2787
f 6346 2787 409
f 4433 6346 2770
f 4432 6347 4429
f 1316 2789 6347
f 6347 2789 422
f 4429 6347 2784
f 4428 6348 4425
f 1318 2791 6348
f 2791 407 2764
f 6348 2764 1291
f 4424 6349 4421
f 1320 2793 6349
f 2793 424 2788
f 6349 2788 1315
f 4420 6350 4417
f 1322 2795 6350
f 2795 405 2758
f 6350 2758 1285
f 4416 6351 4413
f 1324 2797 6351
f 2797 426 2792
f 6351 2792 1319
f 4412 6352 4409
f 1326 2799 6352
f 2799 403 2752
f 6352 2752 1279
f 1612 4408 6353
f 4408 1327 2800
f 6353 2800 416
f 4405 6353 3806
f 1611 4404 6354
f 4404 1271 3749
f 6354 3749 403
f 4401 6354 2799
f 4400 6355 4397
f 4400 1332 2805
f 2805 444 3811
f 6355 3811 1333
f 4396 6356 4393
f 4396 1246 3724
f 3724 319 3814
f 6356 3814 1336
f 4392 6357 4389
f 1301 3779 6357
f 3779 412 3816
f 6357 3816 1338
f 4388 6358 4385
f 1340 2813 6358
f 2813 321 2808
f 6358 2808 1335
f 1606 4384 6359
f 4384 1331 3809
f 6359 3809 442
f 4381 6359 3819
f 1605 4380 6360
f 4380 1148 3626
f 6360 3626 311
f 4377 6360 2701
f 1604 4376 6361
f 4376 1345 2818
f 6361 2818 414
f 4373 6361 2742
f 1603 4372 6362
f 4372 1347 2820
f 6362 2820 383
f 4369 6362 3826
f 1602 4368 6363
f 1349 2822 6363
f 2822 440 3828
f 4365 6363 3828
f 1601 4364 6364
f 4364 1308 3786
f 6364 3786 413
f 4361 6364 2812
f 4360 6365 4357
f 1355 2828 6365
f 2828 444 2823
f 6365 2823 1350
f 4356 6366 4353
f 1357 2830 6366
f 2830 439 3836
f 6366 3836 1358
f 1598 4352 6367
f 4352 1354 3832
f 3832 438 3839
f 6367 3839 1361
f 1597 4348 6368
f 4348 1363 2836
f 2836 435 3842
f 4345 6368 3842
f 4344 6369 4341
f 1367 2840 6369
f 2840 446 2833
f 6369 2833 1360
f 4340 6370 4337
f 1369 2842 6370
f 2842 433 3848
f 6370 3848 1370
f 4336 6371 4333
f 1366 3844 6371
f 3844 432 3851
f 6371 3851 1373
f 4332 6372 4329
f 1375 2848 6372
f 2848 431 3854
f 6372 3854 1376
f 1592 4328 6373
f 1371 3849 6373
f 6373 3849 450
f 4325 6373 3855
f 4324 6374 4321
f 1346 3824 6374
f 6374 3824 415
f 4321 6374 2803
f 1590 4320 6375
f 4320 1372 3850
f 6375 3850 430
f 4317 6375 2817
f 4316 6376 4313
f 4316 1380 2853
f 2853 313 2705
f 6376 2705 1232
f 4312 6377 4309
f 4312 1381 2854
f 6377 2854 446
f 6377 2840 1367
f 4308 6378 4305
f 1342 3820 6378
f 3820 313 2853
f 6378 2853 1380
f 2806 6379 3859
f 1333 4303 6379
f 1381 3859 6379
f 2829 6380 3860
f 1356 4300 6380
f 3860 6380 4300
f 1586 4298 6381
f 4298 1384 2857
f 6381 2857 452
f 4295 6381 3863
f 1585 4294 6382
f 4294 1378 3856
f 6382 3856 417
f 4291 6382 3866
f 4290 6383 4287
f 4290 1389 2862
f 2862 462 3868
f 6383 3868 1390
f 4286 6384 4283
f 1374 3852 6384
f 3852 451 2860
f 6384 2860 1387
f 1582 4282 6385
f 4282 1393 2866
f 6385 2866 460
f 4279 6385 3872
f 1581 4278 6386
f 4278 1370 3848
f 6386 3848 433
f 4275 6386 2865
f 4274 6387 4271
f 1397 2870 6387
f 2870 458 3876
f 6387 3876 1398
f 4270 6388 4267
f 1364 3842 6388
f 3842 435 2869
f 6388 2869 1396
f 4266 6389 4263
f 1401 2874 6389
f 6389 2874 456
f 6389 3880 1402
f 4262 6390 4259
f 1362 3840 6390
f 3840 437 2873
f 6390 2873 1400
f 1576 4258 6391
f 4258 1405 2878
f 6391 2878 454
f 4255 6391 3884
f 1575 4254 6392
f 4254 1358 3836
f 6392 3836 439
f 4251 6392 2877
f 1574 4250 6393
f 1409 2882 6393
f 2882 474 3888
f 4247 6393 3888
f 1573 4246 6394
f 4246 1352 3830
f 6394 3830 441
f 4243 6394 2881
f 1572 4242 6395
f 4242 1383 3861
f 6395 3861 476
f 4239 6395 3892
f 1571 4238 6396
f 4238 1329 3807
f 6396 3807 429
f 4235 6396 3894
f 1570 4234 6397
f 4234 1413 3891
f 6397 3891 464
f 4231 6397 3896
f 1569 4230 6398
f 4230 1325 3803
f 6398 3803 427
f 4227 6398 3898
f 1568 4226 6399
f 4226 1417 3895
f 6399 3895 466
f 4223 6399 3900
f 1567 4222 6400
f 4222 1321 3799
f 6400 3799 425
f 4219 6400 3902
f 1566 4218 6401
f 4218 1421 3899
f 6401 3899 468
f 4215 6401 3904
f 4214 6402 4211
f 4214 1317 3795
f 3795 423 3906
f 6402 3906 1428
f 4210 6403 4207
f 1425 3903 6403
f 6403 3903 470
f 4207 6403 3908
f 4206 6404 4203
f 1313 3791 6404
f 3791 421 3910
f 6404 3910 1432
f 4202 6405 4199
f 1429 3907 6405
f 3907 472 3911
f 6405 3911 1433
f 4198 6406 4195
f 1309 3787 6406
f 3787 419 2885
f 6406 2885 1412
f 4194 6407 4191
f 4194 1436 2909
f 6407 2909 480
f 6407 3915 1437
f 4190 6408 4187
f 1403 3881 6408
f 3881 459 3918
f 6408 3918 1440
f 1558 4186 6409
f 4186 1442 2915
f 6409 2915 482
f 4183 6409 3921
f 4182 6410 4179
f 1438 3916 6410
f 3916 479 3924
f 6410 3924 1446
f 1556 4178 6411
f 1448 2921 6411
f 2921 488 3927
f 4175 6411 3927
f 1555 4174 6412
f 4174 1444 3922
f 3922 485 3930
f 4171 6412 3930
f 4170 6413 4167
f 1454 2927 6413
f 2927 490 3933
f 6413 3933 1455
f 4166 6414 4163
f 1450 3928 6414
f 3928 487 3936
f 6414 3936 1458
f 1552 4162 6415
f 4162 1460 2933
f 6415 2933 486
f 4159 6415 2926
f 1551 4158 6416
f 4158 1415 3893
f 6416 3893 465
f 4155 6416 3940
f 4154 6417 4151
f 1447 3925 6417
f 3925 486 2933
f 6417 2933 1460
f 4150 6418 4147
f 1464 2937 6418
f 2937 453 2859
f 6418 2859 1386
f 4146 6419 4143
f 1465 2938 6419
f 6419 2938 478
f 4143 6419 2914
f 4142 6420 4139
f 1391 3869 6420
f 6420 3869 453
f 4139 6420 2937
f 1546 4138 6421
f 4138 1465 3943
f 6421 3943 462
f 4135 6421 2867
f 1545 4134 6422
f 4134 1440 3918
f 6422 3918 459
f 4131 6422 2872
f 4130 6423 4127
f 1467 2940 6423
f 2940 480 2909
f 6423 2909 1436
f 4126 6424 4123
f 1411 3889 6424
f 3889 455 2880
f 6424 2880 1407
f 1542 4122 6425
f 4122 1442 3920
f 6425 3920 480
f 4119 6425 2940
f 1541 4118 6426
f 1470 2943 6426
f 2943 473 2907
f 4115 6426 2907
f 4114 6427 4111
f 1448 3926 6427
f 6427 3926 482
f 6427 2942 1469
f 4110 6428 4107
f 1472 2945 6428
f 2945 471 2904
f 6428 2904 1431
f 4106 6429 4103
f 1454 3932 6429
f 3932 488 2944
f 6429 2944 1471
f 4102 6430 4099
f 1474 2947 6430
f 2947 469 2900
f 6430 2900 1427
f 1536 4098 6431
f 4098 1455 3933
f 6431 3933 490
f 6431 2946 1473
f 1535 4094 6432
f 4094 1476 2949
f 6432 2949 467
f 4091 6432 2896
f 464 2932 6433
f 1459 4089 6433
f 3896 6433 4089
f 2949 6434 3897
f 1476 4086 6434
f 3897 6434 4086
f 1534 4084 6435
f 4084 1478 2951
f 6435 2951 504
f 4081 6435 3957
f 1533 4080 6436
f 4080 1304 3782
f 6436 3782 393
f 4077 6436 3960
f 1532 4076 6437
f 4076 1477 3955
f 6437 3955 502
f 4073 6437 3962
f 1531 4072 6438
f 4072 1298 3776
f 6438 3776 395
f 4069 6438 3964
f 1530 4068 6439
f 4068 1483 3961
f 6439 3961 500
f 4065 6439 3966
f 4064 6440 4061
f 1292 3770 6440
f 3770 397 3968
f 6440 3968 1490
f 4060 6441 4057
f 1487 3965 6441
f 3965 498 3970
f 6441 3970 1492
f 4056 6442 4053
f 1286 3764 6442
f 3764 399 3972
f 6442 3972 1494
f 4052 6443 4049
f 1491 3969 6443
f 3969 496 3974
f 6443 3974 1496
f 4048 6444 4045
f 1280 3758 6444
f 3758 401 3976
f 6444 3976 1498
f 4044 6445 4041
f 1495 3973 6445
f 3973 494 3978
f 4041 6445 3978
f 4040 6446 4037
f 1273 3751 6446
f 3751 389 3980
f 6446 3980 1502
f 4036 6447 4033
f 1479 3957 6447
f 3957 504 3982
f 6447 3982 1504
f 4032 6448 4029
f 1506 2979 6448
f 2979 495 2974
f 6448 2974 1501
f 1520 4028 6449
f 4028 1507 2980
f 6449 2980 500
f 4025 6449 2957
f 1519 4024 6450
f 4024 1497 3975
f 6450 3975 495
f 4021 6450 2979
f 2965 6451 3985
f 1492 4019 6451
f 3985 6451 4019
f 2962 6452 3986
f 1489 4016 6452
f 3986 6452 4016
f 4014 6453 4011
f 1343 3821 6453
f 6453 3821 388
f 6453 2972 1499
f 4010 6454 4007
f 1234 3712 6454
f 3712 315 3988
f 6454 3988 1510
f 4006 6455 4003
f 4006 1504 3982
f 3982 504 3989
f 6455 3989 1511
f 1515 4002 6456
f 4002 1510 3988
f 6456 3988 315
f 3999 6456 2731
f 1514 3998 6457
f 3998 1511 3989
f 6457 3989 504
f 6457 2951 1478
f 1513 3994 6458
f 3994 1264 3742
f 6458 3742 321
f 3991 6458 2813
f 3993 6459 2954
f 3993 1513 3991
f 6459 3991 1340
f 6459 3818 391
f 505 2985 6460
f 2985 1512 3992
f 6460 3992 1513
f 6460 3993 1481
f 1512 3990 6461
f 3990 323 2737
f 6461 2737 1264
f 3992 6461 3994
f 1337 3997 6462
f 3997 1514 3995
f 3995 1478 3956
f 6462 3956 390
f 320 2734 6463
f 2734 1261 3996
f 6463 3996 1514
f 3815 6463 3997
f 1261 3739 6464
f 3739 322 2984
f 6464 2984 1511
f 3996 6464 3998
f 4001 6465 3990
f 4001 1515 3999
f 6465 3999 1258
f 6465 3736 323
f 2978 6466 2985
f 2978 1505 4000
f 4000 1515 4001
f 6466 4001 1512
f 1505 3983 6467
f 3983 507 2983
f 6467 2983 1510
f 4000 6467 4002
f 1253 4005 6468
f 4005 1516 4003
f 4003 1511 2984
f 6468 2984 322
f 314 2982 6469
f 2982 1509 4004
f 6469 4004 1516
f 3731 6469 4005
f 1509 3987 6470
f 3987 506 2977
f 6470 2977 1504
f 4004 6470 4006
f 4009 6471 2975
f 1517 4007 6471
f 4007 1510 2983
f 6471 2983 507
f 389 2821 6472
f 1348 4008 6472
f 4008 1517 4009
f 6472 4009 1502
f 3826 6473 4008
f 3826 383 2707
f 6473 2707 1234
f 6473 4010 1517
f 4013 6474 3987
f 1518 4011 6474
f 4011 1499 3977
f 6474 3977 506
f 2706 6475 2982
f 1233 4012 6475
f 4012 1518 4013
f 6475 4013 1509
f 1233 3711 6476
f 3711 382 2816
f 2816 1343 4014
f 6476 4014 1518
f 4015 6477 2981
f 1493 3971 6477
f 2981 6477 3971
f 1508 4016 6478
f 4017 6478 4016
f 4015 6478 4017
f 3967 6479 4017
f 499 2966 6479
f 4017 6479 2966
f 4018 6480 2980
f 1488 3966 6480
f 2980 6480 3966
f 1507 4019 6481
f 4020 6481 4019
f 4018 6481 4020
f 3970 6482 4020
f 498 2961 6482
f 4020 6482 2961
f 1485 4023 6483
f 4023 1519 4021
f 6483 4021 1506
f 2958 6483 3984
f 501 3986 6484
f 3986 1508 4022
f 6484 4022 1519
f 3963 6484 4023
f 1508 2981 6485
f 497 2970 6485
f 6485 2970 1497
f 4022 6485 4024
f 1503 4027 6486
f 4027 1520 4025
f 6486 4025 1484
f 2976 6486 3962
f 494 2969 6487
f 2969 1496 4026
f 6487 4026 1520
f 3981 6487 4027
f 1496 3974 6488
f 496 3985 6488
f 6488 3985 1507
f 4026 6488 4028
f 4031 6489 3983
f 1521 4029 6489
f 4029 1501 3979
f 6489 3979 507
f 2953 6490 2978
f 1480 4030 6490
f 4030 1521 4031
f 6490 4031 1505
f 3958 6491 4030
f 503 3984 6491
f 3984 1506 4032
f 6491 4032 1521
f 4035 6492 2973
f 1522 4033 6492
f 4033 1504 2977
f 6492 2977 506
f 3981 6493 3978
f 1503 4034 6493
f 4034 1522 4035
f 6493 4035 1500
f 2976 6494 4034
f 502 2952 6494
f 2952 1479 4036
f 6494 4036 1522
f 1501 4039 6495
f 1523 4037 6495
f 4037 1502 2975
f 3979 6495 2975
f 2971 6496 2974
f 1498 4038 6496
f 4038 1523 4039
f 2974 6496 4039
f 3976 6497 4038
f 401 2746 6497
f 2746 1273 4040
f 6497 4040 1523
f 4043 6498 3977
f 1524 4041 6498
f 6498 4041 1500
f 3977 6498 2973
f 2741 6499 2972
f 1268 4042 6499
f 4042 1524 4043
f 6499 4043 1499
f 3746 6500 4042
f 400 2968 6500
f 2968 1495 4044
f 6500 4044 1524
f 4047 6501 3975
f 1525 4045 6501
f 4045 1498 2971
f 6501 2971 495
f 2967 6502 2970
f 1494 4046 6502
f 4046 1525 4047
f 6502 4047 1497
f 3972 6503 4046
f 399 2753 6503
f 2753 1280 4048
f 6503 4048 1525
f 4051 6504 3973
f 1526 4049 6504
f 4049 1496 2969
f 6504 2969 494
f 2748 6505 2968
f 1275 4050 6505
f 4050 1526 4051
f 6505 4051 1495
f 3753 6506 4050
f 398 2964 6506
f 2964 1491 4052
f 6506 4052 1526
f 4055 6507 3971
f 1527 4053 6507
f 4053 1494 2967
f 6507 2967 497
f 2963 6508 2966
f 1490 4054 6508
f 4054 1527 4055
f 6508 4055 1493
f 3968 6509 4054
f 397 2759 6509
f 2759 1286 4056
f 6509 4056 1527
f 4059 6510 3969
f 1528 4057 6510
f 4057 1492 2965
f 6510 2965 496
f 2754 6511 2964
f 1281 4058 6511
f 4058 1528 4059
f 6511 4059 1491
f 3759 6512 4058
f 396 2960 6512
f 2960 1487 4060
f 6512 4060 1528
f 1489 4063 6513
f 1529 4061 6513
f 4061 1490 2963
f 3967 6513 2963
f 501 2959 6514
f 2959 1486 4062
f 6514 4062 1529
f 2962 6514 4063
f 1486 3964 6515
f 3964 395 2765
f 6515 2765 1292
f 6515 4064 1529
f 4067 6516 3965
f 1530 4065 6516
f 6516 4065 1488
f 3965 6516 2961
f 2760 6517 2960
f 1287 4066 6517
f 4066 1530 4067
f 6517 4067 1487
f 1287 3765 6518
f 3765 394 2956
f 6518 2956 1483
f 6518 4068 1530
f 1485 4071 6519
f 4071 1531 4069
f 6519 4069 1486
f 3963 6519 2959
f 503 2955 6520
f 2955 1482 4070
f 6520 4070 1531
f 2958 6520 4071
f 1482 3960 6521
f 3960 393 2771
f 6521 2771 1298
f 4070 6521 4072
f 1483 4075 6522
f 4075 1532 4073
f 6522 4073 1484
f 3961 6522 2957
f 394 2766 6523
f 2766 1293 4074
f 6523 4074 1532
f 2956 6523 4075
f 1293 3771 6524
f 3771 392 2950
f 6524 2950 1477
f 4074 6524 4076
f 1480 4079 6525
f 4079 1533 4077
f 6525 4077 1482
f 3958 6525 2955
f 505 3959 6526
f 3959 1481 4078
f 6526 4078 1533
f 2953 6526 4079
f 1481 2954 6527
f 2954 391 2777
f 6527 2777 1304
f 4078 6527 4080
f 1477 4083 6528
f 4083 1534 4081
f 6528 4081 1479
f 3955 6528 2952
f 392 2772 6529
f 2772 1299 4082
f 6529 4082 1534
f 2950 6529 4083
f 1299 3777 6530
f 3777 390 3956
f 6530 3956 1478
f 4082 6530 4084
f 4085 6531 2892
f 1462 3940 6531
f 465 2892 6531
f 1419 4086 6532
f 1476 4087 6532
f 4085 6532 4087
f 3954 6533 4087
f 493 2935 6533
f 1462 4087 6533
f 4088 6534 2891
f 1475 3953 6534
f 2891 6534 3953
f 1418 4089 6535
f 4090 6535 4089
f 1475 4088 6535
f 1459 3937 6536
f 492 2948 6536
f 4090 6536 2948
f 1474 4093 6537
f 4093 1535 4091
f 6537 4091 1423
f 2947 6537 3901
f 491 2929 6538
f 2929 1456 4092
f 6538 4092 1535
f 6538 4093 1474
f 1456 3934 6539
f 3934 493 3954
f 6539 3954 1476
f 4092 6539 4094
f 1422 4097 6540
f 4097 1536 4095
f 6540 4095 1473
f 2895 6540 3951
f 466 3953 6541
f 3953 1475 4096
f 6541 4096 1536
f 3900 6541 4097
f 1475 2948 6542
f 2948 492 2928
f 6542 2928 1455
f 4096 6542 4098
f 4101 6543 2945
f 1537 4099 6543
f 4099 1427 3905
f 6543 3905 471
f 2930 6544 3950
f 1457 4100 6544
f 4100 1537 4101
f 6544 4101 1472
f 3935 6545 4100
f 491 3952 6545
f 3952 1474 4102
f 6545 4102 1537
f 4105 6546 2899
f 1538 4103 6546
f 4103 1471 3949
f 6546 3949 470
f 3951 6547 3904
f 1473 4104 6547
f 4104 1538 4105
f 6547 4105 1426
f 2946 6548 4104
f 490 2927 6548
f 2927 1454 4106
f 6548 4106 1538
f 4109 6549 2943
f 1539 4107 6549
f 4107 1431 3909
f 6549 3909 473
f 483 2924 6550
f 1451 4108 6550
f 4108 1539 4109
f 6550 4109 1470
f 3929 6551 4108
f 489 3950 6551
f 3950 1472 4110
f 6551 4110 1539
f 4113 6552 2903
f 1540 4111 6552
f 4111 1469 3947
f 6552 3947 472
f 3949 6553 3908
f 1471 4112 6553
f 4112 1540 4113
f 6553 4113 1430
f 2944 6554 4112
f 488 2921 6554
f 2921 1448 4114
f 6554 4114 1540
f 1468 4117 6555
f 4117 1541 4115
f 6555 4115 1434
f 2941 6555 3912
f 481 2918 6556
f 2918 1445 4116
f 6556 4116 1541
f 3946 6556 4117
f 1445 3923 6557
f 3923 483 3948
f 6557 3948 1470
f 4116 6557 4118
f 1433 4121 6558
f 4121 1542 4119
f 6558 4119 1467
f 2906 6558 3945
f 3947 6559 3911
f 1469 4120 6559
f 6559 4120 1542
f 3911 6559 4121
f 1469 2942 6560
f 2942 482 2915
f 6560 2915 1442
f 4120 6560 4122
f 4125 6561 2912
f 1543 4123 6561
f 4123 1407 3885
f 6561 3885 457
f 3946 6562 3917
f 1468 4124 6562
f 4124 1543 4125
f 6562 4125 1439
f 2941 6563 4124
f 475 2884 6563
f 2884 1411 4126
f 6563 4126 1543
f 4129 6564 2879
f 1544 4127 6564
f 4127 1436 3914
f 6564 3914 456
f 2883 6565 3884
f 1410 4128 6565
f 4128 1544 4129
f 6565 4129 1406
f 3888 6566 4128
f 474 3945 6566
f 3945 1467 4130
f 6566 4130 1544
f 1395 4133 6567
f 4133 1545 4131
f 6567 4131 1399
f 2868 6567 3877
f 463 2939 6568
f 2939 1466 4132
f 6568 4132 1545
f 3873 6568 4133
f 1466 3944 6569
f 3944 479 2913
f 6569 2913 1440
f 4132 6569 4134
f 1398 4137 6570
f 4137 1546 4135
f 6570 4135 1394
f 2871 6570 3872
f 458 2908 6571
f 2908 1435 4136
f 6571 4136 1546
f 3876 6571 4137
f 1435 3913 6572
f 3913 478 2938
f 6572 2938 1465
f 4136 6572 4138
f 1446 4141 6573
f 4141 1547 4139
f 6573 4139 1464
f 2919 6573 3942
f 479 3944 6574
f 1466 4140 6574
f 4140 1547 4141
f 3924 6574 4141
f 2939 6575 4140
f 463 2864 6575
f 2864 1391 4142
f 6575 4142 1547
f 1463 4145 6576
f 4145 1548 4143
f 6576 4143 1441
f 2936 6576 3919
f 452 2863 6577
f 1390 4144 6577
f 4144 1548 4145
f 3941 6577 4145
f 3868 6578 4144
f 462 3943 6578
f 3943 1465 4146
f 6578 4146 1548
f 4149 6579 2934
f 1549 4147 6579
f 4147 1386 3864
f 6579 3864 477
f 2925 6580 3939
f 1452 4148 6580
f 4148 1549 4149
f 6580 4149 1461
f 3930 6581 4148
f 485 3942 6581
f 3942 1464 4150
f 6581 4150 1549
f 4153 6582 2858
f 1550 4151 6582
f 4151 1460 3938
f 6582 3938 476
f 3941 6583 3863
f 1463 4152 6583
f 4152 1550 4153
f 6583 4153 1385
f 2936 6584 4152
f 484 2920 6584
f 2920 1447 4154
f 6584 4154 1550
f 1458 4157 6585
f 4157 1551 4155
f 4155 1462 2935
f 2931 6585 2935
f 487 3939 6586
f 3939 1461 4156
f 6586 4156 1551
f 3936 6586 4157
f 1461 2934 6587
f 2934 477 2888
f 6587 2888 1415
f 4156 6587 4158
f 4161 6588 3937
f 4161 1552 4159
f 6588 4159 1453
f 3937 6588 3931
f 464 2887 6589
f 2887 1414 4160
f 6589 4160 1552
f 2932 6589 4161
f 1414 3892 6590
f 3892 476 3938
f 6590 3938 1460
f 4160 6590 4162
f 4165 6591 3934
f 1553 4163 6591
f 4163 1458 2931
f 6591 2931 493
f 3935 6592 2929
f 1457 4164 6592
f 4164 1553 4165
f 6592 4165 1456
f 2930 6593 4164
f 489 2923 6593
f 2923 1450 4166
f 6593 4166 1553
f 4169 6594 3931
f 1554 4167 6594
f 4167 1455 2928
f 6594 2928 492
f 2922 6595 2926
f 1449 4168 6595
f 4168 1554 4169
f 6595 4169 1453
f 3927 6596 4168
f 488 3932 6596
f 3932 1454 4170
f 6596 4170 1554
f 1450 4173 6597
f 4173 1555 4171
f 6597 4171 1452
f 6597 2925 487
f 3929 6598 2923
f 1451 4172 6598
f 6598 4172 1555
f 2923 6598 4173
f 1451 2924 6599
f 2924 483 2917
f 6599 2917 1444
f 4172 6599 4174
f 1447 4177 6600
f 4177 1556 4175
f 6600 4175 1449
f 6600 2922 486
f 2916 6601 2920
f 2916 1443 4176
f 6601 4176 1556
f 2920 6601 4177
f 1443 3921 6602
f 3921 482 3926
f 6602 3926 1448
f 4176 6602 4178
f 4181 6603 3922
f 1557 4179 6603
f 4179 1446 2919
f 6603 2919 485
f 483 3923 6604
f 3923 1445 4180
f 6604 4180 1557
f 2917 6604 4181
f 1445 2918 6605
f 2918 481 2911
f 2911 1438 4182
f 6605 4182 1557
f 4185 6606 3919
f 1558 4183 6606
f 4183 1443 2916
f 6606 2916 484
f 2910 6607 2914
f 1437 4184 6607
f 4184 1558 4185
f 6607 4185 1441
f 3915 6608 4184
f 3915 480 3920
f 6608 3920 1442
f 6608 4186 1558
f 4189 6609 3916
f 1559 4187 6609
f 4187 1440 2913
f 6609 2913 479
f 481 3917 6610
f 3917 1439 4188
f 4188 1559 4189
f 6610 4189 1438
f 1439 2912 6611
f 2912 457 2876
f 6611 2876 1403
f 4188 6611 4190
f 4193 6612 3913
f 1560 4191 6612
f 4191 1437 2910
f 6612 2910 478
f 2875 6613 2908
f 1402 4192 6613
f 4192 1560 4193
f 6613 4193 1435
f 1402 3880 6614
f 3880 456 3914
f 6614 3914 1436
f 4192 6614 4194
f 4197 6615 3912
f 1561 4195 6615
f 4195 1412 3890
f 6615 3890 475
f 2905 6616 2907
f 1432 4196 6616
f 4196 1561 4197
f 6616 4197 1434
f 3910 6617 4196
f 421 2782 6617
f 2782 1309 4198
f 6617 4198 1561
f 4201 6618 2882
f 1562 4199 6618
f 4199 1433 2906
f 6618 2906 474
f 2779 6619 3887
f 1306 4200 6619
f 4200 1562 4201
f 6619 4201 1409
f 3784 6620 4200
f 420 2902 6620
f 2902 1429 4202
f 6620 4202 1562
f 4205 6621 3909
f 1563 4203 6621
f 4203 1432 2905
f 6621 2905 473
f 471 2901 6622
f 1428 4204 6622
f 4204 1563 4205
f 2904 6622 4205
f 3906 6623 4204
f 423 2786 6623
f 2786 1313 4206
f 6623 4206 1563
f 4209 6624 3907
f 1564 4207 6624
f 4207 1430 2903
f 6624 2903 472
f 2785 6625 2902
f 1312 4208 6625
f 4208 1564 4209
f 6625 4209 1429
f 3790 6626 4208
f 422 2898 6626
f 2898 1425 4210
f 6626 4210 1564
f 1427 4213 6627
f 1565 4211 6627
f 4211 1428 2901
f 6627 2901 471
f 469 2897 6628
f 2897 1424 4212
f 6628 4212 1565
f 2900 6628 4213
f 1424 3902 6629
f 3902 425 2790
f 6629 2790 1317
f 4212 6629 4214
f 4217 6630 3903
f 1566 4215 6630
f 6630 4215 1426
f 6630 2899 470
f 2789 6631 2898
f 2789 1316 4216
f 4216 1566 4217
f 6631 4217 1425
f 1316 3794 6632
f 3794 424 2894
f 6632 2894 1421
f 4216 6632 4218
f 1423 4221 6633
f 4221 1567 4219
f 6633 4219 1424
f 3901 6633 2897
f 467 2893 6634
f 2893 1420 4220
f 6634 4220 1567
f 2896 6634 4221
f 1420 3898 6635
f 3898 427 2794
f 6635 2794 1321
f 4220 6635 4222
f 1421 4225 6636
f 4225 1568 4223
f 6636 4223 1422
f 3899 6636 2895
f 424 2793 6637
f 2793 1320 4224
f 6637 4224 1568
f 2894 6637 4225
f 1320 3798 6638
f 3798 426 2890
f 6638 2890 1417
f 4224 6638 4226
f 1419 4229 6639
f 4229 1569 4227
f 6639 4227 1420
f 3897 6639 2893
f 465 2889 6640
f 2889 1416 4228
f 6640 4228 1569
f 2892 6640 4229
f 1416 3894 6641
f 3894 429 2798
f 6641 2798 1325
f 4228 6641 4230
f 1417 4233 6642
f 4233 1570 4231
f 6642 4231 1418
f 3895 6642 2891
f 426 2797 6643
f 2797 1324 4232
f 6643 4232 1570
f 2890 6643 4233
f 1324 3802 6644
f 3802 428 2886
f 6644 2886 1413
f 4232 6644 4234
f 1415 4237 6645
f 4237 1571 4235
f 6645 4235 1416
f 3893 6645 2889
f 477 2861 6646
f 2861 1388 4236
f 6646 4236 1571
f 2888 6646 4237
f 1388 3866 6647
f 3866 417 2802
f 6647 2802 1329
f 4236 6647 4238
f 1413 4241 6648
f 4241 1572 4239
f 6648 4239 1414
f 3891 6648 2887
f 428 2801 6649
f 2801 1328 4240
f 6649 4240 1572
f 2886 6649 4241
f 1328 3806 6650
f 3806 416 2856
f 6650 2856 1383
f 4240 6650 4242
f 1411 4245 6651
f 4245 1573 4243
f 6651 4243 1408
f 3889 6651 3886
f 3890 6652 2884
f 1412 4244 6652
f 6652 4244 1573
f 2884 6652 4245
f 2885 6653 4244
f 419 2825 6653
f 6653 2825 1352
f 4244 6653 4246
f 1405 4249 6654
f 4249 1574 4247
f 6654 4247 1410
f 2878 6654 2883
f 440 2822 6655
f 2822 1349 4248
f 6655 4248 1574
f 3883 6655 4249
f 1349 3827 6656
f 418 3887 6656
f 3887 1409 4250
f 4248 6656 4250
f 1407 4253 6657
f 4253 1575 4251
f 6657 4251 1404
f 3885 6657 3882
f 455 3886 6658
f 3886 1408 4252
f 6658 4252 1575
f 2880 6658 4253
f 1408 2881 6659
f 2881 441 2831
f 6659 2831 1358
f 4252 6659 4254
f 1401 4257 6660
f 4257 1576 4255
f 6660 4255 1406
f 2874 6660 2879
f 438 2826 6661
f 2826 1353 4256
f 6661 4256 1576
f 3879 6661 4257
f 1353 3831 6662
f 3831 440 3883
f 6662 3883 1405
f 4256 6662 4258
f 4261 6663 3881
f 1577 4259 6663
f 4259 1400 3878
f 6663 3878 459
f 457 3882 6664
f 1404 4260 6664
f 4260 1577 4261
f 6664 4261 1403
f 2877 6665 4260
f 439 2835 6665
f 2835 1362 4262
f 6665 4262 1577
f 4265 6666 2870
f 1578 4263 6666
f 4263 1402 2875
f 6666 2875 458
f 2834 6667 3875
f 1361 4264 6667
f 4264 1578 4265
f 6667 4265 1397
f 3839 6668 4264
f 438 3879 6668
f 3879 1401 4266
f 6668 4266 1578
f 4269 6669 3877
f 1579 4267 6669
f 4267 1396 3874
f 6669 3874 461
f 3878 6670 2872
f 1400 4268 6670
f 4268 1579 4269
f 6670 4269 1399
f 2873 6671 4268
f 437 2837 6671
f 2837 1364 4270
f 6671 4270 1579
f 4273 6672 2866
f 1580 4271 6672
f 4271 1398 2871
f 6672 2871 460
f 2832 6673 3871
f 1359 4272 6673
f 4272 1580 4273
f 6673 4273 1393
f 3837 6674 4272
f 436 3875 6674
f 3875 1397 4274
f 6674 4274 1580
f 1395 4277 6675
f 4277 1581 4275
f 6675 4275 1392
f 3873 6675 3870
f 461 3874 6676
f 3874 1396 4276
f 6676 4276 1581
f 2868 6676 4277
f 1396 2869 6677
f 2869 435 2843
f 6677 2843 1370
f 4276 6677 4278
f 1389 4281 6678
f 4281 1582 4279
f 6678 4279 1394
f 2862 6678 2867
f 432 2838 6679
f 2838 1365 4280
f 6679 4280 1582
f 3867 6679 4281
f 1365 3843 6680
f 3843 434 3871
f 6680 3871 1393
f 4280 6680 4282
f 4285 6681 3869
f 1583 4283 6681
f 4283 1387 3865
f 6681 3865 453
f 3870 6682 2864
f 3870 1392 4284
f 4284 1583 4285
f 6682 4285 1391
f 1392 2865 6683
f 2865 433 2847
f 2847 1374 4286
f 6683 4286 1583
f 4289 6684 2857
f 1584 4287 6684
f 4287 1390 2863
f 6684 2863 452
f 2846 6685 3862
f 1373 4288 6685
f 4288 1584 4289
f 6685 4289 1384
f 3851 6686 4288
f 3851 432 3867
f 6686 3867 1389
f 6686 4290 1584
f 1386 4293 6687
f 4293 1585 4291
f 6687 4291 1388
f 3864 6687 2861
f 453 3865 6688
f 3865 1387 4292
f 6688 4292 1585
f 2859 6688 4293
f 1387 2860 6689
f 2860 451 2851
f 6689 2851 1378
f 4292 6689 4294
f 1383 4297 6690
f 4297 1586 4295
f 6690 4295 1385
f 3861 6690 2858
f 416 2850 6691
f 2850 1377 4296
f 6691 4296 1586
f 2856 6691 4297
f 1377 3855 6692
f 3855 450 3862
f 6692 3862 1384
f 4296 6692 4298
f 1382 4299 6693
f 1334 3812 6693
f 2855 6693 3812
f 1382 4300 6694
f 4301 6694 4300
f 4299 6694 4301
f 1356 3834 6695
f 445 2807 6695
f 4301 6695 2807
f 4302 6696 2854
f 1355 3833 6696
f 2854 6696 3833
f 1381 4303 6697
f 4304 6697 4303
f 4302 6697 4304
f 3811 6698 4304
f 444 2828 6698
f 1355 4304 6698
f 4307 6699 2841
f 1587 4305 6699
f 4305 1380 3858
f 6699 3858 449
f 447 3860 6700
f 3860 1382 4306
f 4306 1587 4307
f 6700 4307 1368
f 2855 6701 4306
f 2855 443 2815
f 2815 1342 4308
f 6701 4308 1587
f 4311 6702 2852
f 1588 4309 6702
f 4309 1367 3845
f 6702 3845 448
f 2814 6703 3857
f 1341 4310 6703
f 4310 1588 4311
f 6703 4311 1379
f 3819 6704 4310
f 3819 442 3859
f 3859 1381 4312
f 6704 4312 1588
f 1347 4315 6705
f 1589 4313 6705
f 4313 1232 3710
f 6705 3710 383
f 431 2848 6706
f 2848 1375 4314
f 6706 4314 1589
f 3825 6706 4315
f 1375 3853 6707
f 3853 449 3858
f 6707 3858 1380
f 6707 4316 1589
f 4319 6708 2702
f 1590 4317 6708
f 6708 4317 1344
f 6708 3822 382
f 3857 6709 3707
f 3857 1379 4318
f 4318 1590 4319
f 6709 4319 1229
f 1379 2852 6710
f 2852 448 2845
f 6710 2845 1372
f 6710 4320 1590
f 1378 4323 6711
f 4323 1591 4321
f 6711 4321 1330
f 3856 6711 3808
f 451 2849 6712
f 1376 4322 6712
f 6712 4322 1591
f 2851 6712 4323
f 3854 6713 4322
f 431 2819 6713
f 2819 1346 4324
f 6713 4324 1591
f 1327 4327 6714
f 4327 1592 4325
f 6714 4325 1377
f 2800 6714 2850
f 414 2818 6715
f 1345 4326 6715
f 4326 1592 4327
f 3805 6715 4327
f 3823 6716 4326
f 430 2844 6716
f 2844 1371 4328
f 6716 4328 1592
f 4331 6717 3852
f 1593 4329 6717
f 4329 1376 2849
f 6717 2849 451
f 2842 6718 2847
f 1369 4330 6718
f 4330 1593 4331
f 6718 4331 1374
f 3847 6719 4330
f 449 3853 6719
f 3853 1375 4332
f 6719 4332 1593
f 4335 6720 3849
f 1594 4333 6720
f 4333 1373 2846
f 6720 2846 450
f 3850 6721 2844
f 1372 4334 6721
f 4334 1594 4335
f 6721 4335 1371
f 2845 6722 4334
f 448 2839 6722
f 2839 1366 4336
f 6722 4336 1594
f 4339 6723 2836
f 1595 4337 6723
f 4337 1370 2843
f 6723 2843 435
f 3846 6724 3841
f 1368 4338 6724
f 4338 1595 4339
f 6724 4339 1363
f 2841 6725 4338
f 2841 449 3847
f 3847 1369 4340
f 6725 4340 1595
f 4343 6726 3843
f 1596 4341 6726
f 4341 1360 3838
f 6726 3838 434
f 3844 6727 2838
f 1366 4342 6727
f 4342 1596 4343
f 6727 4343 1365
f 2839 6728 4342
f 2839 448 3845
f 3845 1367 4344
f 6728 4344 1596
f 4347 6729 3840
f 4347 1597 4345
f 6729 4345 1364
f 6729 2837 437
f 2830 6730 2835
f 2830 1357 4346
f 6730 4346 1597
f 6730 4347 1362
f 1357 3835 6731
f 3835 447 3841
f 6731 3841 1363
f 4346 6731 4348
f 1359 4351 6732
f 4351 1598 4349
f 4349 1361 2834
f 6732 2834 436
f 3838 6733 2832
f 3838 1360 4350
f 6733 4350 1598
f 2832 6733 4351
f 1360 2833 6734
f 2833 446 2827
f 6734 2827 1354
f 4350 6734 4352
f 4355 6735 2824
f 1599 4353 6735
f 4353 1358 2831
f 6735 2831 441
f 3834 6736 3829
f 1356 4354 6736
f 4354 1599 4355
f 6736 4355 1351
f 2829 6737 4354
f 447 3835 6737
f 3835 1357 4356
f 6737 4356 1599
f 4359 6738 3831
f 1600 4357 6738
f 4357 1350 3828
f 6738 3828 440
f 3832 6739 2826
f 1354 4358 6739
f 4358 1600 4359
f 6739 4359 1353
f 2827 6740 4358
f 446 3833 6740
f 3833 1355 4360
f 6740 4360 1600
f 1351 4363 6741
f 4363 1601 4361
f 6741 4361 1339
f 3829 6741 3817
f 3830 6742 2824
f 1352 4362 6742
f 6742 4362 1601
f 2824 6742 4363
f 2825 6743 4362
f 2825 419 2781
f 6743 2781 1308
f 4362 6743 4364
f 1338 4367 6744
f 4367 1602 4365
f 6744 4365 1350
f 2811 6744 2823
f 412 2780 6745
f 2780 1307 4366
f 6745 4366 1602
f 3816 6745 4367
f 1307 3785 6746
f 3785 418 3827
f 3827 1349 4368
f 4366 6746 4368
f 1272 4371 6747
f 4371 1603 4369
f 6747 4369 1348
f 2745 6747 2821
f 415 3824 6748
f 3824 1346 4370
f 6748 4370 1603
f 3750 6748 4371
f 1346 2819 6749
f 2819 431 3825
f 6749 3825 1347
f 4370 6749 4372
f 1343 4375 6750
f 4375 1604 4373
f 6750 4373 1269
f 3821 6750 3747
f 382 3822 6751
f 3822 1344 4374
f 6751 4374 1604
f 2816 6751 4375
f 1344 2817 6752
f 2817 430 3823
f 6752 3823 1345
f 4374 6752 4376
f 1342 4379 6753
f 4379 1605 4377
f 6753 4377 1228
f 3820 6753 3706
f 443 2809 6754
f 2809 1336 4378
f 6754 4378 1605
f 2815 6754 4379
f 1336 3814 6755
f 3814 319 2621
f 6755 2621 1148
f 4378 6755 4380
f 1225 4383 6756
f 4383 1606 4381
f 6756 4381 1341
f 2698 6756 2814
f 310 2620 6757
f 2620 1147 4382
f 6757 4382 1606
f 3703 6757 4383
f 1147 3625 6758
f 3625 318 2804
f 6758 2804 1331
f 4382 6758 4384
f 4387 6759 3817
f 1607 4385 6759
f 4385 1335 3813
f 6759 3813 445
f 2775 6760 2812
f 1302 4386 6760
f 4386 1607 4387
f 6760 4387 1339
f 3780 6761 4386
f 391 3818 6761
f 3818 1340 4388
f 6761 4388 1607
f 4391 6762 2805
f 1608 4389 6762
f 4389 1338 2811
f 6762 2811 444
f 3815 6763 3810
f 1337 4390 6763
f 4390 1608 4391
f 6763 4391 1332
f 2810 6764 4390
f 390 2774 6764
f 2774 1301 4392
f 6764 4392 1608
f 4395 6765 3812
f 1609 4393 6765
f 4393 1336 2809
f 6765 2809 443
f 3813 6766 2807
f 3813 1335 4394
f 4394 1609 4395
f 6766 4395 1334
f 1335 2808 6767
f 2808 321 2719
f 6767 2719 1246
f 4394 6767 4396
f 4399 6768 3809
f 1610 4397 6768
f 4397 1333 2806
f 6768 2806 442
f 2714 6769 2804
f 2714 1241 4398
f 4398 1610 4399
f 6769 4399 1331
f 1241 3719 6770
f 3719 320 3810
f 6770 3810 1332
f 4398 6770 4400
f 1329 4403 6771
f 4403 1611 4401
f 6771 4401 1326
f 3807 6771 3804
f 417 3808 6772
f 3808 1330 4402
f 6772 4402 1611
f 2802 6772 4403
f 1330 2803 6773
f 2803 415 2744
f 6773 2744 1271
f 4402 6773 4404
f 1323 4407 6774
f 4407 1612 4405
f 6774 4405 1328
f 2796 6774 2801
f 402 2743 6775
f 2743 1270 4406
f 6775 4406 1612
f 3801 6775 4407
f 1270 3748 6776
f 3748 414 3805
f 6776 3805 1327
f 4406 6776 4408
f 4411 6777 2795
f 1613 4409 6777
f 6777 4409 1279
f 6777 3757 405
f 3803 6778 3800
f 1325 4410 6778
f 4410 1613 4411
f 6778 4411 1322
f 2798 6779 4410
f 429 3804 6779
f 3804 1326 4412
f 6779 4412 1613
f 1276 4415 6780
f 1614 4413 6780
f 4413 1319 3797
f 6780 3797 404
f 3801 6781 3754
f 1323 4414 6781
f 4414 1614 4415
f 6781 4415 1276
f 2796 6782 4414
f 428 3802 6782
f 3802 1324 4416
f 6782 4416 1614
f 4419 6783 2791
f 1615 4417 6783
f 4417 1285 3763
f 6783 3763 407
f 3799 6784 3796
f 1321 4418 6784
f 4418 1615 4419
f 6784 4419 1318
f 2794 6785 4418
f 427 3800 6785
f 3800 1322 4420
f 6785 4420 1615
f 4423 6786 2755
f 1616 4421 6786
f 4421 1315 3793
f 6786 3793 406
f 3797 6787 3760
f 1319 4422 6787
f 4422 1616 4423
f 6787 4423 1282
f 2792 6788 4422
f 426 3798 6788
f 3798 1320 4424
f 6788 4424 1616
f 1314 4427 6789
f 1617 4425 6789
f 4425 1291 3769
f 6789 3769 409
f 423 3795 6790
f 1317 4426 6790
f 4426 1617 4427
f 3792 6790 4427
f 2790 6791 4426
f 425 3796 6791
f 3796 1318 4428
f 6791 4428 1617
f 4431 6792 2761
f 1618 4429 6792
f 6792 4429 1311
f 6792 3789 408
f 3793 6793 3766
f 1315 4430 6793
f 4430 1618 4431
f 6793 4431 1288
f 2788 6794 4430
f 424 3794 6794
f 3794 1316 4432
f 6794 4432 1618
f 1310 4435 6795
f 4435 1619 4433
f 6795 4433 1297
f 2783 6795 3775
f 421 3791 6796
f 3791 1313 4434
f 6796 4434 1619
f 3788 6796 4435
f 1313 2786 6797
f 2786 423 3792
f 6797 3792 1314
f 4434 6797 4436
f 1294 4439 6798
f 4439 1620 4437
f 6798 4437 1305
f 2767 6798 3783
f 408 3789 6799
f 3789 1311 4438
f 6799 4438 1620
f 3772 6799 4439
f 1311 2784 6800
f 2784 422 3790
f 6800 3790 1312
f 4438 6800 4440
f 1308 4443 6801
f 4443 1621 4441
f 6801 4441 1303
f 3786 6801 3781
f 419 3787 6802
f 3787 1309 4442
f 6802 4442 1621
f 2781 6802 4443
f 1309 2782 6803
f 2782 421 3788
f 6803 3788 1310
f 4442 6803 4444
f 1300 4447 6804
f 4447 1622 4445
f 6804 4445 1307
f 2773 6804 2780
f 410 3783 6805
f 3783 1305 4446
f 6805 4446 1622
f 3778 6805 4447
f 1305 2778 6806
f 2778 420 3784
f 6806 3784 1306
f 4446 6806 4448
f 1302 4451 6807
f 4451 1623 4449
f 4449 1304 2777
f 3780 6807 2777
f 413 3781 6808
f 3781 1303 4450
f 6808 4450 1623
f 2775 6808 4451
f 1303 2776 6809
f 2776 411 2769
f 6809 2769 1296
f 4450 6809 4452
f 4455 6810 3777
f 4455 1624 4453
f 6810 4453 1301
f 3777 6810 2774
f 2768 6811 2772
f 1295 4454 6811
f 6811 4454 1624
f 6811 4455 1299
f 1295 3773 6812
f 3773 410 3778
f 6812 3778 1300
f 4454 6812 4456
f 4459 6813 3774
f 1625 4457 6813
f 4457 1298 2771
f 6813 2771 393
f 411 3775 6814
f 3775 1297 4458
f 4458 1625 4459
f 2769 6814 4459
f 2770 6815 4458
f 409 2763 6815
f 2763 1290 4460
f 6815 4460 1625
f 4463 6816 3771
f 1626 4461 6816
f 4461 1295 2768
f 6816 2768 392
f 2762 6817 2766
f 1289 4462 6817
f 4462 1626 4463
f 6817 4463 1293
f 3767 6818 4462
f 408 3772 6818
f 3772 1294 4464
f 6818 4464 1626
f 4467 6819 3768
f 1627 4465 6819
f 4465 1292 2765
f 6819 2765 395
f 3769 6820 2763
f 1291 4466 6820
f 4466 1627 4467
f 6820 4467 1290
f 2764 6821 4466
f 407 2757 6821
f 2757 1284 4468
f 6821 4468 1627
f 4471 6822 3765
f 1628 4469 6822
f 4469 1289 2762
f 6822 2762 394
f 2756 6823 2760
f 1283 4470 6823
f 4470 1628 4471
f 6823 4471 1287
f 3761 6824 4470
f 406 3766 6824
f 3766 1288 4472
f 6824 4472 1628
f 4475 6825 3762
f 1629 4473 6825
f 6825 4473 1286
f 3762 6825 2759
f 3763 6826 2757
f 1285 4474 6826
f 4474 1629 4475
f 6826 4475 1284
f 2758 6827 4474
f 405 2751 6827
f 6827 2751 1278
f 6827 4476 1629
f 1281 4479 6828
f 1630 4477 6828
f 4477 1283 2756
f 3759 6828 2756
f 398 2750 6829
f 2750 1277 4478
f 4478 1630 4479
f 2754 6829 4479
f 1277 3755 6830
f 404 3760 6830
f 3760 1282 4480
f 6830 4480 1630
f 1278 4483 6831
f 4483 1631 4481
f 6831 4481 1280
f 3756 6831 2753
f 405 3757 6832
f 3757 1279 4482
f 6832 4482 1631
f 2751 6832 4483
f 1279 2752 6833
f 2752 403 2747
f 6833 2747 1274
f 4482 6833 4484
f 1275 4487 6834
f 4487 1632 4485
f 6834 4485 1277
f 3753 6834 2750
f 400 2740 6835
f 2740 1267 4486
f 6835 4486 1632
f 2748 6835 4487
f 1267 3745 6836
f 3745 402 3754
f 6836 3754 1276
f 4486 6836 4488
f 4491 6837 3749
f 1633 4489 6837
f 4489 1274 2747
f 6837 2747 403
f 3750 6838 2744
f 1272 4490 6838
f 4490 1633 4491
f 6838 4491 1271
f 2745 6839 4490
f 389 3751 6839
f 3751 1273 4492
f 6839 4492 1633
f 4495 6840 3745
f 1634 4493 6840
f 4493 1270 2743
f 6840 2743 402
f 3746 6841 2740
f 1268 4494 6841
f 4494 1634 4495
f 6841 4495 1267
f 2741 6842 4494
f 388 3747 6842
f 3747 1269 4496
f 6842 4496 1634
f 4497 6843 2601
f 1260 3738 6843
f 325 2601 6843
f 4498 6844 4497
f 4499 6844 4498
f 4497 6844 4499
f 3744 6845 4499
f 381 2733 6845
f 1260 4499 6845
f 4500 6846 2598
f 1265 3743 6846
f 2598 6846 3743
f 4501 6847 4500
f 4502 6847 4501
f 4500 6847 4502
f 1259 3737 6848
f 380 2738 6848
f 4502 6848 2738
f 4505 6849 2736
f 1635 4503 6849
f 4503 1239 3717
f 6849 3717 387
f 3744 6850 3741
f 1266 4504 6850
f 4504 1635 4505
f 6850 4505 1263
f 2739 6851 4504
f 353 2607 6851
f 2607 1134 4506
f 6851 4506 1635
f 4509 6852 2709
f 1636 4507 6852
f 4507 1262 3740
f 6852 3740 386
f 2604 6853 3714
f 1131 4508 6853
f 4508 1636 4509
f 6853 4509 1236
f 3609 6854 4508
f 352 3743 6854
f 3743 1265 4510
f 6854 4510 1636
f 4513 6855 2730
f 1637 4511 6855
f 4511 1264 2737
f 6855 2737 323
f 3741 6856 3735
f 1263 4512 6856
f 4512 1637 4513
f 6856 4513 1257
f 1263 2736 6857
f 2736 387 2717
f 2717 1244 4514
f 6857 4514 1637
f 4517 6858 3739
f 1638 4515 6858
f 4515 1254 3732
f 6858 3732 322
f 2716 6859 2734
f 1243 4516 6859
f 4516 1638 4517
f 6859 4517 1261
f 3721 6860 4516
f 3721 386 3740
f 6860 3740 1262
f 6860 4518 1638
f 4521 6861 3738
f 1639 4519 6861
f 4519 1154 3632
f 3738 6861 3632
f 2729 6862 2733
f 1256 4520 6862
f 4520 1639 4521
f 2733 6862 4521
f 3734 6863 4520
f 379 2677 6863
f 2677 1204 4522
f 6863 4522 1639
f 4525 6864 2626
f 1640 4523 6864
f 4523 1259 2732
f 2626 6864 2732
f 2674 6865 3631
f 1201 4524 6865
f 4524 1640 4525
f 6865 4525 1153
f 3679 6866 4524
f 378 2728 6866
f 2728 1255 4526
f 6866 4526 1640
f 1256 4529 6867
f 1641 4527 6867
f 6867 4527 1199
f 3734 6867 3677
f 3735 6868 2729
f 3735 1257 4528
f 4528 1641 4529
f 6868 4529 1256
f 1257 2730 6869
f 2730 323 3736
f 3736 1258 4530
f 6869 4530 1641
f 1196 4533 6870
f 1642 4531 6870
f 6870 4531 1255
f 2669 6870 2728
f 3731 6871 3674
f 1253 4532 6871
f 4532 1642 4533
f 6871 4533 1196
f 2726 6872 4532
f 2726 322 3732
f 6872 3732 1254
f 6872 4534 1642
f 1252 4535 6873
f 1122 3600 6873
f 2725 6873 3600
f 1252 4536 6874
f 4537 6874 4536
f 1122 4535 6874
f 1119 3597 6875
f 347 2595 6875
f 4537 6875 2595
f 4538 6876 2722
f 1118 3596 6876
f 344 2722 6876
f 1249 4539 6877
f 1121 4540 6877
f 4538 6877 4540
f 3599 6878 4540
f 346 2591 6878
f 1118 4540 6878
f 4541 6879 2724
f 1144 3622 6879
f 2724 6879 3622
f 1251 4542 6880
f 4543 6880 4542
f 4541 6880 4543
f 3718 6881 4543
f 349 2617 6881
f 4543 6881 2617
f 4544 6882 2723
f 1235 3713 6882
f 2723 6882 3713
f 1250 4545 6883
f 4546 6883 4545
f 4544 6883 4546
f 3621 6884 4546
f 348 2708 6884
f 4546 6884 2708
f 1251 4549 6885
f 4549 1643 4547
f 6885 4547 1248
f 3729 6885 3726
f 343 2586 6886
f 2586 1113 4548
f 6886 4548 1643
f 2724 6886 4549
f 1113 3591 6887
f 3591 345 3730
f 6887 3730 1252
f 4548 6887 4550
f 1247 4553 6888
f 4553 1644 4551
f 6888 4551 1250
f 2720 6888 2723
f 300 3727 6889
f 3727 1249 4552
f 6889 4552 1644
f 3725 6889 4553
f 1249 2722 6890
f 2722 344 2583
f 6890 2583 1110
f 4552 6890 4554
f 1245 4557 6891
f 4557 1645 4555
f 6891 4555 1149
f 2718 6891 3627
f 385 3726 6892
f 3726 1248 4556
f 6892 4556 1645
f 3723 6892 4557
f 1248 2721 6893
f 2721 301 2538
f 6893 2538 1065
f 4556 6893 4558
f 1146 4561 6894
f 4561 1646 4559
f 6894 4559 1242
f 2619 6894 3720
f 298 2537 6895
f 2537 1064 4560
f 6895 4560 1646
f 3624 6895 4561
f 1064 3542 6896
f 3542 300 3725
f 6896 3725 1247
f 4560 6896 4562
f 4565 6897 3722
f 1647 4563 6897
f 4563 1246 2719
f 6897 2719 321
f 2711 6898 2717
f 1238 4564 6898
f 4564 1647 4565
f 6898 4565 1244
f 1238 3716 6899
f 3716 385 3723
f 6899 3723 1245
f 6899 4566 1647
f 4569 6900 3719
f 1648 4567 6900
f 4567 1243 2716
f 6900 2716 320
f 3720 6901 2714
f 1242 4568 6901
f 4568 1648 4569
f 6901 4569 1241
f 1242 2715 6902
f 2715 384 2710
f 6902 2710 1237
f 6902 4570 1648
f 4573 6903 3716
f 1649 4571 6903
f 4571 1240 2713
f 3716 6903 2713
f 387 3717 6904
f 1239 4572 6904
f 4572 1649 4573
f 2711 6904 4573
f 2712 6905 4572
f 351 2612 6905
f 2612 1139 4574
f 6905 4574 1649
f 4577 6906 3713
f 1650 4575 6906
f 4575 1237 2710
f 3713 6906 2710
f 2609 6907 2708
f 1136 4576 6907
f 4576 1650 4577
f 6907 4577 1235
f 3614 6908 4576
f 350 3714 6908
f 3714 1236 4578
f 6908 4578 1650
f 4581 6909 2704
f 1651 4579 6909
f 4579 1234 2707
f 6909 2707 383
f 2666 6910 3709
f 1193 4580 6910
f 4580 1651 4581
f 6910 4581 1231
f 3671 6911 4580
f 377 2673 6911
f 2673 1200 4582
f 6911 4582 1651
f 4585 6912 3711
f 1652 4583 6912
f 4583 1230 3708
f 6912 3708 382
f 2668 6913 2706
f 1195 4584 6913
f 4584 1652 4585
f 6913 4585 1233
f 3673 6914 4584
f 376 2663 6914
f 2663 1190 4586
f 6914 4586 1652
f 1187 4589 6915
f 4589 1653 4587
f 6915 4587 1227
f 2660 6915 3705
f 371 3709 6916
f 3709 1231 4588
f 6916 4588 1653
f 3665 6916 4589
f 1231 2704 6917
f 2704 383 3710
f 6917 3710 1232
f 4588 6917 4590
f 1226 4593 6918
f 4593 1654 4591
f 6918 4591 1184
f 2699 6918 3662
f 312 3707 6919
f 3707 1229 4592
f 6919 4592 1654
f 3704 6919 4593
f 1229 2702 6920
f 2702 382 3708
f 6920 3708 1230
f 4592 6920 4594
f 1181 4597 6921
f 4597 1655 4595
f 6921 4595 1224
f 2654 6921 3702
f 369 3705 6922
f 3705 1227 4596
f 6922 4596 1655
f 3659 6922 4597
f 1227 2700 6923
f 2700 313 3706
f 3706 1228 4598
f 4596 6923 4598
f 1223 4601 6924
f 4601 1656 4599
f 6924 4599 1178
f 2696 6924 3656
f 310 3703 6925
f 3703 1225 4600
f 6925 4600 1656
f 3701 6925 4601
f 2698 6926 4600
f 2698 312 3704
f 6926 3704 1226
f 4600 6926 4602
f 4605 6927 3702
f 1657 4603 6927
f 4603 1175 3653
f 6927 3653 363
f 2623 6928 2697
f 1150 4604 6928
f 4604 1657 4605
f 6928 4605 1224
f 3628 6929 4604
f 297 2530 6929
f 2530 1057 4606
f 6929 4606 1657
f 4609 6930 2645
f 1658 4607 6930
f 4607 1223 2696
f 6930 2696 362
f 2529 6931 3650
f 1056 4608 6931
f 4608 1658 4609
f 6931 4609 1172
f 3534 6932 4608
f 296 2618 6932
f 2618 1145 4610
f 6932 4610 1658
f 4611 6933 2695
f 1033 3511 6933
f 73 2695 6933
f 1222 4612 6934
f 4613 6934 4612
f 4611 6934 4613
f 1221 3699 6935
f 2506 6935 3699
f 4613 6935 2506
f 4614 6936 3700
f 3698 6936 4614
f 3700 6936 3698
f 1222 4615 6937
f 4616 6937 4615
f 4614 6937 4616
f 3510 6938 4616
f 2693 6938 3510
f 1220 4616 6938
f 1217 4619 6939
f 4619 1659 4617
f 6939 4617 1221
f 2690 6939 2694
f 2687 6940 3695
f 2687 1214 4618
f 6940 4618 1659
f 3695 6940 4619
f 1214 3692 6941
f 291 2692 6941
f 6941 2692 1219
f 4618 6941 4620
f 1220 4623 6942
f 4623 1660 4621
f 6942 4621 1216
f 3698 6942 3694
f 284 2691 6943
f 2691 1218 4622
f 6943 4622 1660
f 2693 6943 4623
f 1218 3696 6944
f 290 2686 6944
f 6944 2686 1213
f 4622 6944 4624
f 1045 4627 6945
f 4627 1661 4625
f 6945 4625 1219
f 2518 6945 2692
f 289 2514 6946
f 2514 1041 4626
f 6946 4626 1661
f 3523 6946 4627
f 3519 6947 4626
f 287 2510 6947
f 2510 1037 4628
f 6947 4628 1661
f 1218 4631 6948
f 4631 1662 4629
f 6948 4629 1044
f 3696 6948 3522
f 2509 6949 2691
f 1036 4630 6949
f 4630 1662 4631
f 6949 4631 1218
f 3514 6950 4630
f 286 2513 6950
f 2513 1040 4632
f 6950 4632 1662
f 4635 6951 2635
f 1663 4633 6951
f 4633 1215 3693
f 6951 3693 302
f 2685 6952 3640
f 1212 4634 6952
f 4634 1663 4635
f 6952 4635 1162
f 3690 6953 4634
f 361 3695 6953
f 3695 1217 4636
f 6953 4636 1663
f 4639 6954 3693
f 1664 4637 6954
f 4637 1157 3635
f 6954 3635 302
f 3694 6955 2688
f 1216 4638 6955
f 4638 1664 4639
f 6955 4639 1215
f 2689 6956 4638
f 360 2682 6956
f 2682 1209 4640
f 6956 4640 1664
f 4643 6957 2684
f 1665 4641 6957
f 4641 1214 2687
f 6957 2687 361
f 2649 6958 3689
f 1176 4642 6958
f 4642 1665 4643
f 6958 4643 1211
f 3654 6959 4642
f 293 2522 6959
f 2522 1049 4644
f 6959 4644 1665
f 4647 6960 3691
f 1666 4645 6960
f 4645 1210 3688
f 6960 3688 360
f 2521 6961 2686
f 1048 4646 6961
f 4646 1666 4647
f 6961 4647 1213
f 3526 6962 4646
f 292 2644 6962
f 2644 1171 4648
f 6962 4648 1666
f 4651 6963 2655
f 4651 1667 4649
f 6963 4649 1208
f 6963 3686 367
f 365 3689 6964
f 3689 1211 4650
f 6964 4650 1667
f 6964 4651 1182
f 1211 2684 6965
f 2684 361 3690
f 6965 3690 1212
f 4650 6965 4652
f 1207 4655 6966
f 4655 1668 4653
f 4653 1177 3655
f 6966 3655 366
f 358 3687 6967
f 1209 4654 6967
f 6967 4654 1668
f 3685 6967 4655
f 1209 2682 6968
f 2682 360 3688
f 6968 3688 1210
f 4654 6968 4656
f 1188 4659 6969
f 4659 1669 4657
f 6969 4657 1206
f 2661 6969 3684
f 367 3686 6970
f 3686 1208 4658
f 6970 4658 1669
f 3666 6970 4659
f 1208 2681 6971
f 2681 359 2634
f 6971 2634 1161
f 4658 6971 4660
f 1205 4663 6972
f 4663 1670 4661
f 6972 4661 1183
f 2678 6972 3661
f 356 2631 6973
f 2631 1158 4662
f 6973 4662 1670
f 3683 6973 4663
f 1158 3636 6974
f 3636 358 3685
f 6974 3685 1207
f 4662 6974 4664
f 1194 4667 6975
f 4667 1671 4665
f 6975 4665 1203
f 2667 6975 3681
f 373 3684 6976
f 3684 1206 4666
f 6976 4666 1671
f 3672 6976 4667
f 1206 2679 6977
f 2679 357 2640
f 6977 2640 1167
f 4666 6977 4668
f 1202 4671 6978
f 4671 1672 4669
f 6978 4669 1189
f 2675 6978 3667
f 354 2637 6979
f 2637 1164 4670
f 6979 4670 1672
f 3680 6979 4671
f 1164 3642 6980
f 3642 356 3683
f 6980 3683 1205
f 4670 6980 4672
f 1198 4675 6981
f 4675 1673 4673
f 6981 4673 1204
f 2671 6981 2677
f 375 3681 6982
f 3681 1203 4674
f 6982 4674 1673
f 3676 6982 4675
f 1203 2676 6983
f 2676 355 2643
f 6983 2643 1170
f 4674 6983 4676
f 1201 4679 6984
f 4679 1674 4677
f 6984 4677 1197
f 3679 6984 3675
f 316 2642 6985
f 2642 1169 4678
f 6985 4678 1674
f 2674 6985 4679
f 1169 3647 6986
f 3647 354 3680
f 6986 3680 1202
f 4678 6986 4680
f 4683 6987 2665
f 1675 4681 6987
f 4681 1200 2673
f 6987 2673 377
f 3676 6988 3670
f 1198 4682 6988
f 4682 1675 4683
f 6988 4683 1192
f 2671 6989 4682
f 379 3677 6989
f 3677 1199 4684
f 6989 4684 1675
f 4687 6990 3673
f 1676 4685 6990
f 4685 1191 3669
f 6990 3669 376
f 314 3674 6991
f 1196 4686 6991
f 4686 1676 4687
f 2668 6991 4687
f 2669 6992 4686
f 378 3675 6992
f 3675 1197 4688
f 6992 4688 1676
f 4691 6993 3670
f 4691 1677 4689
f 4689 1194 2667
f 6993 2667 375
f 3671 6994 2665
f 1193 4690 6994
f 6994 4690 1677
f 6994 4691 1192
f 2666 6995 4690
f 2666 371 2659
f 6995 2659 1186
f 4690 6995 4692
f 4695 6996 3667
f 4695 1678 4693
f 4693 1191 2664
f 6996 2664 374
f 372 2658 6997
f 2658 1185 4694
f 6997 4694 1678
f 6997 4695 1189
f 1185 3663 6998
f 3663 370 3668
f 3668 1190 4696
f 4694 6998 4696
f 1186 4699 6999
f 4699 1679 4697
f 6999 4697 1188
f 3664 6999 2661
f 371 3665 7000
f 3665 1187 4698
f 7000 4698 1679
f 2659 7000 4699
f 1187 2660 7001
f 2660 369 2653
f 7001 2653 1180
f 4698 7001 4700
f 1183 4703 7002
f 4703 1680 4701
f 7002 4701 1185
f 3661 7002 2658
f 366 2652 7003
f 2652 1179 4702
f 7003 4702 1680
f 2656 7003 4703
f 1179 3657 7004
f 3657 368 3662
f 7004 3662 1184
f 4702 7004 4704
f 1180 4707 7005
f 4707 1681 4705
f 7005 4705 1182
f 3658 7005 2655
f 369 3659 7006
f 3659 1181 4706
f 7006 4706 1681
f 2653 7006 4707
f 1181 2654 7007
f 2654 363 2647
f 7007 2647 1174
f 4706 7007 4708
f 1177 4711 7008
f 4711 1682 4709
f 7008 4709 1179
f 3655 7008 2652
f 364 2646 7009
f 2646 1173 4710
f 7009 4710 1682
f 2650 7009 4711
f 1173 3651 7010
f 3651 362 3656
f 7010 3656 1178
f 4710 7010 4712
f 1174 4715 7011
f 4715 1683 4713
f 7011 4713 1176
f 3652 7011 2649
f 363 3653 7012
f 1175 4714 7012
f 7012 4714 1683
f 2647 7012 4715
f 2648 7013 4714
f 295 2526 7013
f 7013 2526 1053
f 4714 7013 4716
f 1171 4719 7014
f 4719 1684 4717
f 7014 4717 1173
f 3649 7014 2646
f 2525 7015 2644
f 2525 1052 4718
f 7015 4718 1684
f 2644 7015 4719
f 1052 3530 7016
f 294 3650 7016
f 3650 1172 4720
f 4718 7016 4720
f 4723 7017 2628
f 4723 1685 4721
f 7017 4721 1168
f 7017 3646 76
f 3648 7018 3633
f 1170 4722 7018
f 7018 4722 1685
f 7018 4723 1155
f 2643 7019 4722
f 2643 355 2639
f 7019 2639 1166
f 4722 7019 4724
f 1168 4727 7020
f 4727 1686 4725
f 4725 1152 3630
f 7020 3630 76
f 75 2638 7021
f 2638 1165 4726
f 7021 4726 1686
f 2641 7021 4727
f 1165 3643 7022
f 3643 354 3647
f 3647 1169 4728
f 4726 7022 4728
f 1166 4731 7023
f 4731 1687 4729
f 7023 4729 1163
f 3644 7023 3641
f 355 3645 7024
f 3645 1167 4730
f 7024 4730 1687
f 2639 7024 4731
f 1167 2640 7025
f 357 2633 7025
f 7025 2633 1160
f 4730 7025 4732
f 1163 4735 7026
f 4735 1688 4733
f 7026 4733 1165
f 3641 7026 2638
f 303 2632 7027
f 2632 1159 4734
f 7027 4734 1688
f 2636 7027 4735
f 1159 3637 7028
f 356 3642 7028
f 7028 3642 1164
f 4734 7028 4736
f 1160 4739 7029
f 1689 4737 7029
f 4737 1156 3634
f 3638 7029 3634
f 3639 7030 2633
f 1161 4738 7030
f 4738 1689 4739
f 2633 7030 4739
f 2634 7031 4738
f 359 3640 7031
f 3640 1162 4740
f 7031 4740 1689
f 4743 7032 3634
f 1690 4741 7032
f 7032 4741 1159
f 3634 7032 2632
f 3635 7033 2629
f 1157 4742 7033
f 4742 1690 4743
f 7033 4743 1156
f 2630 7034 4742
f 358 3636 7034
f 3636 1158 4744
f 7034 4744 1690
f 4747 7035 2602
f 1691 4745 7035
f 4745 1151 3629
f 7035 3629 77
f 325 3632 7036
f 3632 1154 4746
f 4746 1691 4747
f 7036 4747 1129
f 2627 7037 4746
f 317 3633 7037
f 3633 1155 4748
f 7037 4748 1691
f 4751 7038 3629
f 1692 4749 7038
f 4749 1124 3602
f 7038 3602 77
f 3630 7039 2624
f 1152 4750 7039
f 4750 1692 4751
f 7039 4751 1151
f 2625 7040 4750
f 316 3631 7040
f 3631 1153 4752
f 7040 4752 1692
f 1148 4755 7041
f 4755 1693 4753
f 7041 4753 1150
f 3626 7041 2623
f 319 3627 7042
f 3627 1149 4754
f 7042 4754 1693
f 2621 7042 4755
f 1149 2622 7043
f 2622 299 2534
f 7043 2534 1061
f 4754 7043 4756
f 1145 4759 7044
f 4759 1694 4757
f 7044 4757 1147
f 3623 7044 2620
f 296 2533 7045
f 2533 1060 4758
f 7045 4758 1694
f 2618 7045 4759
f 1060 3538 7046
f 3538 298 3624
f 7046 3624 1146
f 4758 7046 4760
f 4763 7047 3622
f 1695 4761 7047
f 7047 4761 1116
f 3622 7047 3594
f 2615 7048 2617
f 1142 4762 7048
f 4762 1695 4763
f 7048 4763 1144
f 3620 7049 4762
f 329 2579 7049
f 2579 1106 4764
f 7049 4764 1695
f 1115 4767 7050
f 1696 4765 7050
f 4765 1143 2616
f 2588 7050 2616
f 326 2576 7051
f 2576 1103 4766
f 7051 4766 1696
f 3593 7051 4767
f 3581 7052 4766
f 328 2614 7052
f 2614 1141 4768
f 7052 4768 1696
f 1072 4771 7053
f 4771 1697 4769
f 7053 4769 1140
f 2545 7053 3618
f 329 3620 7054
f 3620 1142 4770
f 7054 4770 1697
f 3550 7054 4771
f 1142 2615 7055
f 2615 349 2611
f 7055 2611 1138
f 4770 7055 4772
f 1140 4775 7056
f 4775 1698 4773
f 7056 4773 1069
f 3618 7056 3547
f 305 2610 7057
f 2610 1137 4774
f 7057 4774 1698
f 2613 7057 4775
f 1137 3615 7058
f 3615 348 3619
f 7058 3619 1141
f 4774 7058 4776
f 1138 4779 7059
f 4779 1699 4777
f 7059 4777 1135
f 3616 7059 3613
f 349 3617 7060
f 3617 1139 4778
f 7060 4778 1699
f 2611 7060 4779
f 1139 2612 7061
f 351 2606 7061
f 2606 1133 4780
f 7061 4780 1699
f 1135 4783 7062
f 4783 1700 4781
f 7062 4781 1137
f 3613 7062 2610
f 2605 7063 2608
f 1132 4782 7063
f 4782 1700 4783
f 7063 4783 1135
f 3610 7064 4782
f 350 3614 7064
f 7064 3614 1136
f 7064 4784 1700
f 4787 7065 3611
f 1701 4785 7065
f 4785 1130 3608
f 7065 3608 78
f 3612 7066 2606
f 3612 1134 4786
f 4786 1701 4787
f 7066 4787 1133
f 1134 2607 7067
f 353 2600 7067
f 2600 1127 4788
f 7067 4788 1701
f 4791 7068 3608
f 1702 4789 7068
f 4789 1132 2605
f 7068 2605 78
f 2599 7069 2603
f 1126 4790 7069
f 4790 1702 4791
f 7069 4791 1130
f 3604 7070 4790
f 352 3609 7070
f 7070 3609 1131
f 7070 4792 1702
f 4795 7071 3605
f 1703 4793 7071
f 4793 1123 3601
f 7071 3601 304
f 3606 7072 2600
f 1128 4794 7072
f 4794 1703 4795
f 7072 4795 1127
f 2601 7073 4794
f 325 3607 7073
f 3607 1129 4796
f 7073 4796 1703
f 4799 7074 3601
f 1704 4797 7074
f 4797 1126 2599
f 7074 2599 304
f 3602 7075 2596
f 1124 4798 7075
f 4798 1704 4799
f 7075 4799 1123
f 2597 7076 4798
f 324 3603 7076
f 3603 1125 4800
f 7076 4800 1704
f 4803 7077 2539
f 1705 4801 7077
f 4801 673 3151
f 7077 3151 93
f 301 3600 7078
f 3600 1122 4802
f 4802 1705 4803
f 7078 4803 1066
f 1122 2595 7079
f 347 2593 7079
f 2593 1120 4804
f 7079 4804 1705
f 4807 7080 2141
f 1706 4805 7080
f 4805 1063 3541
f 7080 3541 92
f 2590 7081 3146
f 1117 4806 7081
f 4806 1706 4807
f 7081 4807 668
f 3595 7082 4806
f 346 3599 7082
f 7082 3599 1121
f 7082 4808 1706
f 4811 7083 3597
f 1707 4809 7083
f 7083 4809 1120
f 3597 7083 2593
f 2585 7084 2592
f 1112 4810 7084
f 4810 1707 4811
f 2592 7084 4811
f 1112 3590 7085
f 216 2363 7085
f 2363 890 4812
f 7085 4812 1707
f 1117 4815 7086
f 1708 4813 7086
f 4813 1118 2591
f 3595 7086 2591
f 79 2362 7087
f 889 4814 7087
f 4814 1708 4815
f 2590 7087 4815
f 3367 7088 4814
f 215 2584 7088
f 7088 2584 1111
f 7088 4816 1708
f 4819 7089 2587
f 1709 4817 7089
f 4817 884 3362
f 7089 3362 210
f 3594 7090 3592
f 1116 4818 7090
f 4818 1709 4819
f 7090 4819 1114
f 2589 7091 4818
f 327 2581 7091
f 2581 1108 4820
f 7091 4820 1709
f 4823 7092 2354
f 1710 4821 7092
f 4821 1109 3587
f 7092 3587 209
f 2580 7093 3359
f 1107 4822 7093
f 4822 1710 4823
f 7093 4823 881
f 3585 7094 4822
f 326 3593 7094
f 3593 1115 4824
f 7094 4824 1710
f 4827 7095 3590
f 1711 4825 7095
f 4825 888 3366
f 3590 7095 3366
f 345 3591 7096
f 3591 1113 4826
f 7096 4826 1711
f 2585 7096 4827
f 1113 2586 7097
f 2586 343 3592
f 3592 1114 4828
f 4826 7097 4828
f 4831 7098 2358
f 1712 4829 7098
f 4829 1111 2584
f 2358 7098 2584
f 3587 7099 3363
f 1109 4830 7099
f 4830 1712 4831
f 7099 4831 885
f 2582 7100 4830
f 2582 342 3588
f 7100 3588 1110
f 4830 7100 4832
f 1105 4835 7101
f 4835 1713 4833
f 7101 4833 1108
f 2578 7101 2581
f 333 2571 7102
f 2571 1098 4834
f 7102 4834 1713
f 3583 7102 4835
f 1098 3576 7103
f 3576 84 2139
f 7103 2139 666
f 4834 7103 4836
f 1107 4839 7104
f 4839 1714 4837
f 7104 4837 1104
f 3585 7104 3582
f 81 2134 7105
f 2134 661 4838
f 7105 4838 1714
f 2580 7105 4839
f 661 3139 7106
f 3139 83 2568
f 7106 2568 1095
f 4838 7106 4840
f 4843 7107 2544
f 1715 4841 7107
f 4841 1106 2579
f 7107 2579 329
f 2574 7108 3549
f 1101 4842 7108
f 4842 1715 4843
f 7108 4843 1071
f 3579 7109 4842
f 3579 333 3583
f 7109 3583 1105
f 7109 4844 1715
f 4847 7110 3581
f 1716 4845 7110
f 4845 1070 3548
f 7110 3548 328
f 3582 7111 2576
f 3582 1104 4846
f 4846 1716 4847
f 7111 4847 1103
f 1104 2577 7112
f 2577 332 2573
f 2573 1100 4848
f 7112 4848 1716
f 4851 7113 2555
f 1717 4849 7113
f 4849 1102 3580
f 7113 3580 337
f 2562 7114 3560
f 1089 4850 7114
f 4850 1717 4851
f 7114 4851 1082
f 3567 7115 4850
f 335 2566 7115
f 7115 2566 1093
f 7115 4852 1717
f 4855 7116 2572
f 1718 4853 7116
f 4853 1081 3559
f 7116 3559 336
f 330 2565 7117
f 2565 1092 4854
f 4854 1718 4855
f 7117 4855 1099
f 1092 3570 7118
f 334 2561 7118
f 2561 1088 4856
f 7118 4856 1718
f 1101 4859 7119
f 4859 1719 4857
f 4857 1097 3575
f 7119 3575 333
f 339 2550 7120
f 2550 1077 4858
f 7120 4858 1719
f 2574 7120 4859
f 1077 3555 7121
f 3555 337 3580
f 7121 3580 1102
f 4858 7121 4860
f 4863 7122 2569
f 4863 1720 4861
f 7122 4861 1100
f 7122 2573 332
f 3577 7123 3574
f 3577 1099 4862
f 7123 4862 1720
f 7123 4863 1096
f 1099 2572 7124
f 2572 336 2549
f 7124 2549 1076
f 4862 7124 4864
f 1097 4867 7125
f 4867 1721 4865
f 7125 4865 1098
f 3575 7125 2571
f 331 2567 7126
f 2567 1094 4866
f 7126 4866 1721
f 2570 7126 4867
f 1094 3572 7127
f 3572 86 2133
f 7127 2133 660
f 4866 7127 4868
f 1095 4871 7128
f 4871 1722 4869
f 7128 4869 1096
f 3573 7128 2569
f 83 2128 7129
f 2128 655 4870
f 7129 4870 1722
f 2568 7129 4871
f 655 3133 7130
f 3133 85 2564
f 7130 2564 1091
f 4870 7130 4872
f 1093 4875 7131
f 4875 1723 4873
f 7131 4873 1094
f 3571 7131 2567
f 335 2563 7132
f 2563 1090 4874
f 7132 4874 1723
f 2566 7132 4875
f 1090 3568 7133
f 3568 88 2127
f 7133 2127 654
f 4874 7133 4876
f 1091 4879 7134
f 4879 1724 4877
f 7134 4877 1092
f 3569 7134 2565
f 85 2122 7135
f 2122 649 4878
f 7135 4878 1724
f 2564 7135 4879
f 649 3127 7136
f 3127 87 2560
f 7136 2560 1087
f 4878 7136 4880
f 1089 4883 7137
f 4883 1725 4881
f 7137 4881 1090
f 3567 7137 2563
f 341 2559 7138
f 2559 1086 4882
f 7138 4882 1725
f 2562 7138 4883
f 1086 3564 7139
f 3564 90 2121
f 7139 2121 648
f 4882 7139 4884
f 1087 4887 7140
f 4887 1726 4885
f 7140 4885 1088
f 3565 7140 2561
f 87 2116 7141
f 2116 643 4886
f 7141 4886 1726
f 2560 7141 4887
f 643 3121 7142
f 3121 89 2557
f 7142 2557 1084
f 4886 7142 4888
f 1083 4891 7143
f 4891 1727 4889
f 7143 4889 1086
f 2556 7143 2559
f 306 2558 7144
f 2558 1085 4890
f 7144 4890 1727
f 3561 7144 4891
f 1085 3563 7145
f 3563 91 2115
f 7145 2115 642
f 4890 7145 4892
f 1084 4895 7146
f 4895 1728 4893
f 7146 4893 1079
f 3562 7146 3557
f 89 2109 7147
f 2109 636 4894
f 7147 4894 1728
f 2557 7147 4895
f 636 3114 7148
f 3114 91 3563
f 7148 3563 1085
f 4894 7148 4896
f 4899 7149 3560
f 1729 4897 7149
f 4897 1083 2556
f 7149 2556 341
f 2551 7150 2555
f 1078 4898 7150
f 4898 1729 4899
f 7150 4899 1082
f 3556 7151 4898
f 307 2553 7151
f 2553 1080 4900
f 7151 4900 1729
f 4903 7152 3557
f 1730 4901 7152
f 4901 1081 2554
f 7152 2554 340
f 3558 7153 2552
f 1080 4902 7153
f 4902 1730 4903
f 7153 4903 1079
f 2553 7154 4902
f 307 2547 7154
f 2547 1074 4904
f 7154 4904 1730
f 4907 7155 3555
f 1731 4905 7155
f 4905 1078 2551
f 7155 2551 337
f 2546 7156 2550
f 1073 4906 7156
f 4906 1731 4907
f 7156 4907 1077
f 3551 7157 4906
f 308 2548 7157
f 2548 1075 4908
f 7157 4908 1731
f 4911 7158 3552
f 1732 4909 7158
f 4909 1076 2549
f 7158 2549 336
f 3553 7159 2547
f 1075 4910 7159
f 4910 1732 4911
f 7159 4911 1074
f 2548 7160 4910
f 308 2540 7160
f 2540 1067 4912
f 7160 4912 1732
f 4915 7161 3549
f 1733 4913 7161
f 4913 1073 2546
f 7161 2546 339
f 3550 7162 2544
f 1072 4914 7162
f 4914 1733 4915
f 7162 4915 1071
f 2545 7163 4914
f 309 2541 7163
f 2541 1068 4916
f 7163 4916 1733
f 4919 7164 3545
f 1734 4917 7164
f 4917 1070 2543
f 7164 2543 338
f 3546 7165 2540
f 1068 4918 7165
f 4918 1734 4919
f 7165 4919 1067
f 2541 7166 4918
f 309 3547 7166
f 3547 1069 4920
f 7166 4920 1734
f 1065 4923 7167
f 4923 1735 4921
f 7167 4921 1062
f 3543 7167 3540
f 301 3544 7168
f 3544 1066 4922
f 7168 4922 1735
f 2538 7168 4923
f 1066 2539 7169
f 2539 93 2153
f 7169 2153 680
f 4922 7169 4924
f 1059 4927 7170
f 4927 1736 4925
f 7170 4925 1064
f 2532 7170 2537
f 94 2148 7171
f 675 4926 7171
f 7171 4926 1736
f 3537 7171 4927
f 675 3153 7172
f 3153 92 3541
f 7172 3541 1063
f 4926 7172 4928
f 1061 4931 7173
f 4931 1737 4929
f 4929 1058 3536
f 3539 7173 3536
f 299 3540 7174
f 3540 1062 4930
f 7174 4930 1737
f 2534 7174 4931
f 1062 2535 7175
f 2535 95 2159
f 7175 2159 686
f 4930 7175 4932
f 4935 7176 2528
f 4935 1738 4933
f 7176 4933 1060
f 2528 7176 2533
f 2154 7177 3533
f 2154 681 4934
f 7177 4934 1738
f 7177 4935 1055
f 681 3159 7178
f 3159 94 3537
f 7178 3537 1059
f 4934 7178 4936
f 4939 7179 3535
f 1739 4937 7179
f 4937 1054 3532
f 7179 3532 295
f 3536 7180 2530
f 1058 4938 7180
f 4938 1739 4939
f 7180 4939 1057
f 2531 7181 4938
f 97 2165 7181
f 2165 692 4940
f 7181 4940 1739
f 4943 7182 2524
f 1740 4941 7182
f 4941 1056 2529
f 7182 2529 294
f 2160 7183 3529
f 687 4942 7183
f 4942 1740 4943
f 7183 4943 1051
f 3165 7184 4942
f 96 3533 7184
f 3533 1055 4944
f 7184 4944 1740
f 1053 4947 7185
f 4947 1741 4945
f 4945 1050 3528
f 7185 3528 293
f 3532 7186 2526
f 1054 4946 7186
f 7186 4946 1741
f 2526 7186 4947
f 2527 7187 4946
f 99 2171 7187
f 2171 698 4948
f 7187 4948 1741
f 4951 7188 2520
f 4951 1742 4949
f 7188 4949 1052
f 7188 2525 292
f 2166 7189 3525
f 693 4950 7189
f 4950 1742 4951
f 7189 4951 1047
f 3171 7190 4950
f 98 3529 7190
f 3529 1051 4952
f 7190 4952 1742
f 4955 7191 3527
f 1743 4953 7191
f 4953 1046 3524
f 7191 3524 291
f 3528 7192 2522
f 1050 4954 7192
f 4954 1743 4955
f 7192 4955 1049
f 2523 7193 4954
f 101 2177 7193
f 2177 704 4956
f 7193 4956 1743
f 4959 7194 2516
f 1744 4957 7194
f 4957 1048 2521
f 7194 2521 290
f 2172 7195 3521
f 699 4958 7195
f 4958 1744 4959
f 7195 4959 1043
f 3177 7196 4958
f 100 3525 7196
f 3525 1047 4960
f 7196 4960 1744
f 4963 7197 3523
f 1745 4961 7197
f 4961 1042 3520
f 7197 3520 289
f 291 3524 7198
f 1046 4962 7198
f 4962 1745 4963
f 2518 7198 4963
f 2519 7199 4962
f 103 2183 7199
f 2183 710 4964
f 7199 4964 1745
f 4967 7200 2512
f 1746 4965 7200
f 4965 1044 2517
f 7200 2517 288
f 2178 7201 3517
f 705 4966 7201
f 4966 1746 4967
f 7201 4967 1039
f 3183 7202 4966
f 102 3521 7202
f 3521 1043 4968
f 7202 4968 1746
f 4971 7203 3519
f 1747 4969 7203
f 4969 1038 3516
f 7203 3516 287
f 3520 7204 2514
f 1042 4970 7204
f 4970 1747 4971
f 7204 4971 1041
f 2515 7205 4970
f 105 2189 7205
f 2189 716 4972
f 7205 4972 1747
f 4975 7206 2508
f 1748 4973 7206
f 4973 1040 2513
f 7206 2513 286
f 2184 7207 3513
f 711 4974 7207
f 4974 1748 4975
f 7207 4975 1035
f 3189 7208 4974
f 104 3517 7208
f 3517 1039 4976
f 7208 4976 1748
f 4979 7209 3515
f 4979 1749 4977
f 7209 4977 1034
f 7209 3512 285
f 287 3516 7210
f 3516 1038 4978
f 7210 4978 1749
f 7210 4979 1037
f 1038 2511 7211
f 107 2195 7211
f 7211 2195 722
f 4978 7211 4980
f 1031 4983 7212
f 4983 1750 4981
f 4981 1036 2509
f 7212 2509 284
f 108 2190 7213
f 2190 717 4982
f 7213 4982 1750
f 3509 7213 4983
f 717 3195 7214
f 106 3513 7214
f 7214 3513 1035
f 4982 7214 4984
f 4987 7215 3511
f 4987 1751 4985
f 7215 4985 1030
f 3511 7215 3508
f 3512 7216 2506
f 1034 4986 7216
f 7216 4986 1751
f 7216 4987 1033
f 1034 2507 7217
f 109 2200 7217
f 7217 2200 727
f 4986 7217 4988
f 1030 4991 7218
f 4991 1752 4989
f 4989 1032 2505
f 3508 7218 2505
f 67 2196 7219
f 2196 723 4990
f 7219 4990 1752
f 2503 7219 4991
f 723 3201 7220
f 108 3509 7220
f 7220 3509 1031
f 4990 7220 4992
f 1029 4995 7221
f 4995 1753 4993
f 7221 4993 1027
f 3507 7221 3505
f 281 2492 7222
f 2492 1019 4994
f 7222 4994 1753
f 2502 7222 4995
f 1019 3497 7223
f 3497 235 2402
f 7223 2402 929
f 4994 7223 4996
f 1024 4999 7224
f 4999 1754 4997
f 7224 4997 1028
f 2497 7224 2501
f 232 2401 7225
f 2401 928 4998
f 7225 4998 1754
f 3502 7225 4999
f 928 3406 7226
f 3406 234 2489
f 7226 2489 1016
f 4998 7226 5000
f 1026 5003 7227
f 5003 1755 5001
f 7227 5001 1023
f 3504 7227 3501
f 283 3505 7228
f 3505 1027 5002
f 7228 5002 1755
f 2499 7228 5003
f 1027 2500 7229
f 2500 233 2407
f 7229 2407 934
f 5002 7229 5004
f 1020 5007 7230
f 5007 1756 5005
f 7230 5005 1025
f 2493 7230 2498
f 254 2406 7231
f 2406 933 5006
f 7231 5006 1756
f 3498 7231 5007
f 933 3411 7232
f 3411 232 3502
f 7232 3502 1024
f 5006 7232 5008
f 1022 5011 7233
f 5011 1757 5009
f 7233 5009 982
f 3500 7233 3460
f 261 3501 7234
f 3501 1023 5010
f 7234 5010 1757
f 2495 7234 5011
f 1023 2496 7235
f 2496 255 2411
f 7235 2411 938
f 5010 7235 5012
f 979 5015 7236
f 5015 1758 5013
f 7236 5013 1021
f 2452 7236 2494
f 2410 7237 3457
f 937 5014 7237
f 7237 5014 1758
f 3457 7237 5015
f 937 3415 7238
f 3415 254 3498
f 7238 3498 1020
f 5014 7238 5016
f 1018 5019 7239
f 5019 1759 5017
f 7239 5017 1019
f 3496 7239 2492
f 2488 7240 2491
f 1015 5018 7240
f 7240 5018 1759
f 2491 7240 5019
f 3493 7241 5018
f 253 2415 7241
f 2415 942 5020
f 5018 7241 5020
f 1016 5023 7242
f 5023 1760 5021
f 7242 5021 1017
f 3494 7242 2490
f 234 2414 7243
f 2414 941 5022
f 7243 5022 1760
f 2489 7243 5023
f 3419 7244 5022
f 252 2485 7244
f 2485 1012 5024
f 5022 7244 5024
f 5027 7245 3492
f 1761 5025 7245
f 5025 1015 2488
f 7245 2488 263
f 2484 7246 2487
f 1011 5026 7246
f 5026 1761 5027
f 7246 5027 1014
f 3489 7247 5026
f 3489 251 2419
f 7247 2419 946
f 7247 5028 1761
f 5031 7248 3490
f 1762 5029 7248
f 5029 1013 2486
f 7248 2486 262
f 2418 7249 2485
f 945 5030 7249
f 5030 1762 5031
f 7249 5031 1012
f 945 3423 7250
f 3423 250 2481
f 2481 1008 5032
f 7250 5032 1762
f 5035 7251 3488
f 1763 5033 7251
f 5033 1011 2484
f 7251 2484 265
f 2480 7252 2483
f 1007 5034 7252
f 5034 1763 5035
f 7252 5035 1010
f 1007 3485 7253
f 3485 249 2423
f 2423 950 5036
f 7253 5036 1763
f 5039 7254 3486
f 1764 5037 7254
f 5037 1009 2482
f 7254 2482 264
f 2422 7255 2481
f 949 5038 7255
f 5038 1764 5039
f 7255 5039 1008
f 3427 7256 5038
f 3427 248 2477
f 7256 2477 1004
f 7256 5040 1764
f 1006 5043 7257
f 5043 1765 5041
f 5041 1007 2480
f 7257 2480 267
f 269 2476 7258
f 2476 1003 5042
f 7258 5042 1765
f 2479 7258 5043
f 1003 3481 7259
f 3481 247 2427
f 7259 2427 954
f 5042 7259 5044
f 5047 7260 3482
f 5047 1766 5045
f 7260 5045 1005
f 7260 2478 266
f 248 2426 7261
f 2426 953 5046
f 7261 5046 1766
f 2477 7261 5047
f 953 3431 7262
f 3431 246 2473
f 7262 2473 1000
f 5046 7262 5048
f 5051 7263 3480
f 1767 5049 7263
f 5049 1003 2476
f 7263 2476 269
f 271 2472 7264
f 2472 999 5050
f 7264 5050 1767
f 2475 7264 5051
f 999 3477 7265
f 3477 245 2431
f 7265 2431 958
f 5050 7265 5052
f 5055 7266 3478
f 1768 5053 7266
f 5053 1001 2474
f 7266 2474 268
f 246 2430 7267
f 957 5054 7267
f 5054 1768 5055
f 7267 5055 1000
f 957 3435 7268
f 3435 244 2469
f 7268 2469 996
f 5054 7268 5056
f 998 5059 7269
f 5059 1769 5057
f 7269 5057 999
f 3476 7269 2472
f 2468 7270 2471
f 995 5058 7270
f 7270 5058 1769
f 2471 7270 5059
f 3473 7271 5058
f 243 2435 7271
f 2435 962 5060
f 5058 7271 5060
f 996 5063 7272
f 5063 1770 5061
f 7272 5061 997
f 3474 7272 2470
f 244 2434 7273
f 961 5062 7273
f 7273 5062 1770
f 2469 7273 5063
f 3439 7274 5062
f 242 2465 7274
f 2465 992 5064
f 5062 7274 5064
f 5067 7275 3472
f 1771 5065 7275
f 5065 995 2468
f 7275 2468 273
f 275 2464 7276
f 2464 991 5066
f 5066 1771 5067
f 7276 5067 994
f 991 3469 7277
f 241 2439 7277
f 2439 966 5068
f 7277 5068 1771
f 5071 7278 3470
f 1772 5069 7278
f 5069 993 2466
f 7278 2466 272
f 2438 7279 2465
f 965 5070 7279
f 5070 1772 5071
f 7279 5071 992
f 3443 7280 5070
f 240 2461 7280
f 7280 2461 988
f 7280 5072 1772
f 5075 7281 3468
f 1773 5073 7281
f 5073 991 2464
f 3468 7281 2464
f 279 2460 7282
f 2460 987 5074
f 7282 5074 1773
f 2463 7282 5075
f 987 3465 7283
f 3465 237 2443
f 7283 2443 970
f 5074 7283 5076
f 5079 7284 3466
f 1774 5077 7284
f 5077 989 2462
f 3466 7284 2462
f 2442 7285 2461
f 2442 969 5078
f 5078 1774 5079
f 7285 5079 988
f 969 3447 7286
f 3447 236 2457
f 7286 2457 984
f 5078 7286 5080
f 986 5083 7287
f 5083 1775 5081
f 7287 5081 987
f 3464 7287 2460
f 277 2456 7288
f 2456 983 5082
f 7288 5082 1775
f 2459 7288 5083
f 983 3461 7289
f 3461 239 2447
f 7289 2447 974
f 5082 7289 5084
f 984 5087 7290
f 5087 1776 5085
f 7290 5085 985
f 3462 7290 2458
f 236 2446 7291
f 2446 973 5086
f 7291 5086 1776
f 2457 7291 5087
f 973 3451 7292
f 3451 238 2451
f 7292 2451 978
f 5086 7292 5088
f 5091 7293 3459
f 1777 5089 7293
f 5089 983 2456
f 7293 2456 277
f 259 3460 7294
f 3460 982 5090
f 7294 5090 1777
f 7294 5091 981
f 982 2455 7295
f 2455 257 2450
f 7295 2450 977
f 5090 7295 5092
f 5095 7296 3456
f 1778 5093 7296
f 5093 980 2453
f 7296 2453 276
f 2449 7297 2451
f 976 5094 7297
f 5094 1778 5095
f 7297 5095 978
f 976 3454 7298
f 3454 256 3457
f 7298 3457 979
f 5094 7298 5096
f 977 5099 7299
f 5099 1779 5097
f 7299 5097 975
f 7299 3453 239
f 257 2412 7300
f 2412 939 5098
f 7300 5098 1779
f 2450 7300 5099
f 939 3417 7301
f 3417 111 2205
f 7301 2205 732
f 5098 7301 5100
f 972 5103 7302
f 5103 1780 5101
f 7302 5101 976
f 7302 2449 238
f 2202 7303 3450
f 729 5102 7303
f 7303 5102 1780
f 3450 7303 5103
f 729 3207 7304
f 3207 110 2409
f 7304 2409 936
f 5102 7304 5104
f 974 5107 7305
f 5107 1781 5105
f 7305 5105 971
f 3452 7305 3449
f 239 3453 7306
f 3453 975 5106
f 7306 5106 1781
f 2447 7306 5107
f 975 2448 7307
f 2448 129 2210
f 7307 2210 737
f 5106 7307 5108
f 968 5111 7308
f 5111 1782 5109
f 7308 5109 973
f 2441 7308 2446
f 179 2207 7309
f 2207 734 5110
f 7309 5110 1782
f 3446 7309 5111
f 734 3212 7310
f 3212 128 3450
f 7310 3450 972
f 5110 7310 5112
f 970 5115 7311
f 5115 1783 5113
f 5113 967 3445
f 3448 7311 3445
f 237 3449 7312
f 3449 971 5114
f 7312 5114 1783
f 2443 7312 5115
f 971 2444 7313
f 2444 180 2214
f 7313 2214 741
f 5114 7313 5116
f 5119 7314 2437
f 5119 1784 5117
f 7314 5117 969
f 2437 7314 2442
f 126 2211 7315
f 2211 738 5118
f 7315 5118 1784
f 3442 7315 5119
f 738 3216 7316
f 3216 179 3446
f 7316 3446 968
f 5118 7316 5120
f 5123 7317 3444
f 1785 5121 7317
f 5121 963 3441
f 7317 3441 243
f 3445 7318 2439
f 967 5122 7318
f 5122 1785 5123
f 7318 5123 966
f 2440 7319 5122
f 2440 127 2218
f 2218 745 5124
f 7319 5124 1785
f 5127 7320 2433
f 1786 5125 7320
f 5125 965 2438
f 7320 2438 242
f 2215 7321 3438
f 742 5126 7321
f 5126 1786 5127
f 7321 5127 960
f 3220 7322 5126
f 3220 126 3442
f 3442 964 5128
f 7322 5128 1786
f 5131 7323 3440
f 1787 5129 7323
f 5129 959 3437
f 7323 3437 245
f 3441 7324 2435
f 963 5130 7324
f 5130 1787 5131
f 7324 5131 962
f 2436 7325 5130
f 125 2222 7325
f 2222 749 5132
f 7325 5132 1787
f 5135 7326 2429
f 1788 5133 7326
f 5133 961 2434
f 7326 2434 244
f 122 2219 7327
f 746 5134 7327
f 5134 1788 5135
f 7327 5135 956
f 3224 7328 5134
f 124 3438 7328
f 3438 960 5136
f 7328 5136 1788
f 958 5139 7329
f 5139 1789 5137
f 7329 5137 955
f 3436 7329 3433
f 245 3437 7330
f 3437 959 5138
f 7330 5138 1789
f 2431 7330 5139
f 959 2432 7331
f 2432 123 2226
f 7331 2226 753
f 5138 7331 5140
f 952 5143 7332
f 5143 1790 5141
f 7332 5141 957
f 2425 7332 2430
f 120 2223 7333
f 2223 750 5142
f 7333 5142 1790
f 3430 7333 5143
f 750 3228 7334
f 3228 122 3434
f 7334 3434 956
f 5142 7334 5144
f 954 5147 7335
f 5147 1791 5145
f 7335 5145 951
f 3432 7335 3429
f 247 3433 7336
f 3433 955 5146
f 7336 5146 1791
f 2427 7336 5147
f 955 2428 7337
f 2428 121 2230
f 7337 2230 757
f 5146 7337 5148
f 948 5151 7338
f 5151 1792 5149
f 7338 5149 953
f 2421 7338 2426
f 118 2227 7339
f 2227 754 5150
f 7339 5150 1792
f 3426 7339 5151
f 754 3232 7340
f 3232 120 3430
f 7340 3430 952
f 5150 7340 5152
f 5155 7341 3428
f 5155 1793 5153
f 7341 5153 947
f 3428 7341 3425
f 249 3429 7342
f 3429 951 5154
f 7342 5154 1793
f 2423 7342 5155
f 951 2424 7343
f 2424 119 2234
f 7343 2234 761
f 5154 7343 5156
f 944 5159 7344
f 5159 1794 5157
f 5157 949 2422
f 2417 7344 2422
f 116 2231 7345
f 2231 758 5158
f 7345 5158 1794
f 3422 7345 5159
f 758 3236 7346
f 3236 118 3426
f 7346 3426 948
f 5158 7346 5160
f 946 5163 7347
f 5163 1795 5161
f 5161 943 3421
f 7347 3421 253
f 251 3425 7348
f 3425 947 5162
f 7348 5162 1795
f 2419 7348 5163
f 947 2420 7349
f 2420 117 2238
f 7349 2238 765
f 5162 7349 5164
f 5167 7350 2413
f 5167 1796 5165
f 7350 5165 945
f 7350 2418 252
f 2235 7351 3418
f 2235 762 5166
f 7351 5166 1796
f 7351 5167 940
f 762 3240 7352
f 3240 116 3422
f 7352 3422 944
f 5166 7352 5168
f 5171 7353 3420
f 1797 5169 7353
f 7353 5169 930
f 3420 7353 3408
f 3421 7354 2415
f 943 5170 7354
f 5170 1797 5171
f 7354 5171 942
f 2416 7355 5170
f 2416 115 2244
f 7355 2244 771
f 7355 5172 1797
f 927 5175 7356
f 1798 5173 7356
f 5173 941 2414
f 2400 7356 2414
f 181 2239 7357
f 2239 766 5174
f 5174 1798 5175
f 3405 7357 5175
f 766 3244 7358
f 3244 114 3418
f 3418 940 5176
f 7358 5176 1798
f 5179 7359 3416
f 1799 5177 7359
f 5177 939 2412
f 7359 2412 257
f 255 2408 7360
f 2408 935 5178
f 5178 1799 5179
f 2411 7360 5179
f 935 3413 7361
f 113 2248 7361
f 7361 2248 775
f 7361 5180 1799
f 5183 7362 3414
f 1800 5181 7362
f 5181 937 2410
f 7362 2410 256
f 2245 7363 2409
f 772 5182 7363
f 5182 1800 5183
f 7363 5183 936
f 772 3250 7364
f 112 2405 7364
f 7364 2405 932
f 7364 5184 1800
f 934 5187 7365
f 5187 1801 5185
f 7365 5185 935
f 3412 7365 2408
f 233 2404 7366
f 2404 931 5186
f 7366 5186 1801
f 2407 7366 5187
f 931 3409 7367
f 184 2253 7367
f 2253 780 5188
f 5186 7367 5188
f 932 5191 7368
f 5191 1802 5189
f 7368 5189 933
f 3410 7368 2406
f 2249 7369 2405
f 776 5190 7369
f 5190 1802 5191
f 7369 5191 932
f 3254 7370 5190
f 183 2399 7370
f 7370 2399 926
f 5190 7370 5192
f 929 5195 7371
f 5195 1803 5193
f 7371 5193 931
f 3407 7371 2404
f 235 3408 7372
f 3408 930 5194
f 7372 5194 1803
f 2402 7372 5195
f 930 2403 7373
f 2403 182 2256
f 7373 2256 783
f 5194 7373 5196
f 926 5199 7374
f 5199 1804 5197
f 7374 5197 928
f 3404 7374 2401
f 2255 7375 2399
f 782 5198 7375
f 7375 5198 1804
f 2399 7375 5199
f 782 3260 7376
f 3260 181 3405
f 7376 3405 927
f 5198 7376 5200
f 918 5201 7377
f 3403 7377 5201
f 2391 7377 3403
f 5202 7378 5201
f 5203 7378 5202
f 925 5201 7378
f 914 3392 7379
f 2398 7379 3392
f 5203 7379 2398
f 5204 7380 2390
f 3391 7380 5204
f 227 2390 7380
f 5205 7381 5204
f 924 5206 7381
f 5204 7381 5206
f 3402 7382 5206
f 2386 7382 3402
f 913 5206 7382
f 925 5209 7383
f 5209 1805 5207
f 7383 5207 922
f 3403 7383 3400
f 230 2383 7384
f 2383 910 5208
f 7384 5208 1805
f 2398 7384 5209
f 910 3388 7385
f 3388 231 2396
f 7385 2396 923
f 5208 7385 5210
f 921 5213 7386
f 5213 1806 5211
f 7386 5211 924
f 2394 7386 2397
f 224 3401 7387
f 3401 923 5212
f 7387 5212 1806
f 3399 7387 5213
f 923 2396 7388
f 2396 231 2382
f 7388 2382 909
f 5212 7388 5214
f 5217 7389 3400
f 1807 5215 7389
f 5215 919 3397
f 7389 3397 226
f 2393 7390 2395
f 920 5216 7390
f 5216 1807 5217
f 7390 5217 922
f 3398 7391 5216
f 72 2367 7391
f 2367 894 5218
f 7391 5218 1807
f 5221 7392 2389
f 1808 5219 7392
f 5219 921 2394
f 7392 2394 225
f 2366 7393 3394
f 893 5220 7393
f 5220 1808 5221
f 7393 5221 916
f 3371 7394 5220
f 72 3398 7394
f 3398 920 5222
f 7394 5222 1808
f 918 5225 7395
f 5225 1809 5223
f 7395 5223 915
f 3396 7395 3393
f 226 3397 7396
f 3397 919 5224
f 7396 5224 1809
f 2391 7396 5225
f 919 2392 7397
f 2392 223 2371
f 7397 2371 898
f 5224 7397 5226
f 912 5229 7398
f 5229 1810 5227
f 7398 5227 917
f 2385 7398 2390
f 220 2370 7399
f 2370 897 5228
f 7399 5228 1810
f 3390 7399 5229
f 897 3375 7400
f 3375 222 3394
f 7400 3394 916
f 5228 7400 5230
f 5233 7401 3392
f 5233 1811 5231
f 5231 911 3389
f 7401 3389 230
f 228 3393 7402
f 3393 915 5232
f 7402 5232 1811
f 7402 5233 914
f 915 2388 7403
f 2388 221 2375
f 7403 2375 902
f 5232 7403 5234
f 5237 7404 2381
f 5237 1812 5235
f 5235 913 2386
f 7404 2386 229
f 218 2374 7405
f 2374 901 5236
f 7405 5236 1812
f 3386 7405 5237
f 901 3379 7406
f 3379 220 3390
f 7406 3390 912
f 5236 7406 5238
f 5241 7407 3388
f 1813 5239 7407
f 5239 907 3385
f 7407 3385 231
f 3389 7408 2383
f 911 5240 7408
f 5240 1813 5241
f 7408 5241 910
f 911 2384 7409
f 2384 219 2379
f 7409 2379 906
f 7409 5242 1813
f 5245 7410 3385
f 1814 5243 7410
f 5243 909 2382
f 7410 2382 231
f 2378 7411 2380
f 905 5244 7411
f 5244 1814 5245
f 7411 5245 907
f 905 3383 7412
f 3383 218 3386
f 7412 3386 908
f 7412 5246 1814
f 906 5249 7413
f 5249 1815 5247
f 7413 5247 904
f 3384 7413 3382
f 219 2376 7414
f 2376 903 5248
f 7414 5248 1815
f 2379 7414 5249
f 903 3381 7415
f 3381 136 2260
f 7415 2260 787
f 5248 7415 5250
f 904 5253 7416
f 5253 1816 5251
f 7416 5251 905
f 3382 7416 2378
f 137 2258 7417
f 2258 785 5252
f 7417 5252 1816
f 2377 7417 5253
f 785 3263 7418
f 3263 135 2373
f 7418 2373 900
f 5252 7418 5254
f 902 5257 7419
f 5257 1817 5255
f 7419 5255 903
f 3380 7419 2376
f 221 2372 7420
f 899 5256 7420
f 7420 5256 1817
f 2375 7420 5257
f 3377 7421 5256
f 134 2264 7421
f 7421 2264 791
f 5256 7421 5258
f 900 5261 7422
f 5261 1818 5259
f 7422 5259 901
f 3378 7422 2374
f 135 2263 7423
f 2263 790 5260
f 7423 5260 1818
f 2373 7423 5261
f 790 3268 7424
f 133 2369 7424
f 2369 896 5262
f 5260 7424 5262
f 898 5265 7425
f 5265 1819 5263
f 5263 899 2372
f 3376 7425 2372
f 223 2368 7426
f 2368 895 5264
f 7426 5264 1819
f 2371 7426 5265
f 895 3373 7427
f 132 2268 7427
f 2268 795 5266
f 5264 7427 5266
f 5269 7428 3374
f 5269 1820 5267
f 7428 5267 897
f 3374 7428 2370
f 2267 7429 2369
f 794 5268 7429
f 5268 1820 5269
f 7429 5269 896
f 3272 7430 5268
f 131 2364 7430
f 7430 2364 891
f 5268 7430 5270
f 5273 7431 3372
f 1821 5271 7431
f 5271 895 2368
f 7431 2368 223
f 2365 7432 2367
f 892 5272 7432
f 5272 1821 5273
f 7432 5273 894
f 3370 7433 5272
f 130 2290 7433
f 2290 817 5274
f 7433 5274 1821
f 5277 7434 3369
f 1822 5275 7434
f 5275 893 2366
f 7434 2366 222
f 2289 7435 2364
f 816 5276 7435
f 5276 1822 5277
f 7435 5277 891
f 3294 7436 5276
f 130 3370 7436
f 3370 892 5278
f 7436 5278 1822
f 887 5281 7437
f 5281 1823 5279
f 7437 5279 890
f 2360 7437 2363
f 212 2346 7438
f 2346 873 5280
f 7438 5280 1823
f 3365 7438 5281
f 873 3351 7439
f 3351 165 2147
f 7439 2147 674
f 5280 7439 5282
f 889 5285 7440
f 5285 1824 5283
f 7440 5283 886
f 3367 7440 3364
f 79 2140 7441
f 2140 667 5284
f 7441 5284 1824
f 2362 7441 5285
f 667 3145 7442
f 3145 164 2345
f 7442 2345 872
f 5284 7442 5286
f 5289 7443 2350
f 1825 5287 7443
f 5287 883 3361
f 7443 3361 214
f 3365 7444 3355
f 887 5288 7444
f 5288 1825 5289
f 7444 5289 877
f 2360 7445 5288
f 216 3366 7445
f 3366 888 5290
f 7445 5290 1825
f 5293 7446 2355
f 1826 5291 7446
f 5291 876 3354
f 7446 3354 213
f 3363 7447 3360
f 885 5292 7447
f 5292 1826 5293
f 7447 5293 882
f 2358 7448 5292
f 215 3364 7448
f 3364 886 5294
f 7448 5294 1826
f 5297 7449 2353
f 1827 5295 7449
f 5295 665 3143
f 7449 3143 167
f 3361 7450 3358
f 883 5296 7450
f 5296 1827 5297
f 7450 5297 880
f 2356 7451 5296
f 2356 210 3362
f 7451 3362 884
f 7451 5298 1827
f 5301 7452 2135
f 1828 5299 7452
f 5299 879 3357
f 7452 3357 166
f 81 3359 7453
f 3359 881 5300
f 5300 1828 5301
f 7453 5301 662
f 881 2354 7454
f 2354 209 3360
f 3360 882 5302
f 7454 5302 1828
f 5305 7455 3358
f 1829 5303 7455
f 5303 878 3356
f 7455 3356 214
f 2275 7456 2353
f 802 5304 7456
f 5304 1829 5305
f 7456 5305 880
f 3280 7457 5304
f 188 2284 7457
f 2284 811 5306
f 7457 5306 1829
f 5309 7458 2348
f 1830 5307 7458
f 5307 879 2352
f 7458 2352 213
f 2278 7459 3353
f 805 5308 7459
f 5308 1830 5309
f 7459 5309 875
f 3283 7460 5308
f 187 2270 7460
f 2270 797 5310
f 7460 5310 1830
f 5313 7461 3355
f 1831 5311 7461
f 5311 874 3352
f 7461 3352 212
f 3356 7462 2350
f 878 5312 7462
f 5312 1831 5313
f 7462 5313 877
f 2351 7463 5312
f 2351 145 2298
f 7463 2298 825
f 7463 5314 1831
f 5317 7464 2344
f 1832 5315 7464
f 5315 876 2349
f 7464 2349 211
f 2291 7465 3349
f 818 5316 7465
f 5316 1832 5317
f 7465 5317 871
f 818 3296 7466
f 3296 144 3353
f 3353 875 5318
f 7466 5318 1832
f 5321 7467 3351
f 5321 1833 5319
f 7467 5319 870
f 3351 7467 3348
f 3352 7468 2346
f 874 5320 7468
f 5320 1833 5321
f 7468 5321 873
f 2347 7469 5320
f 143 2304 7469
f 2304 831 5322
f 7469 5322 1833
f 869 5325 7470
f 5325 1834 5323
f 5323 872 2345
f 2342 7470 2345
f 140 2299 7471
f 2299 826 5324
f 7471 5324 1834
f 3347 7471 5325
f 3304 7472 5324
f 142 3349 7472
f 3349 871 5326
f 7472 5326 1834
f 769 5329 7473
f 5329 1835 5327
f 7473 5327 868
f 2242 7473 3346
f 165 3348 7474
f 3348 870 5328
f 7474 5328 1835
f 3247 7474 5329
f 870 2343 7475
f 2343 141 2310
f 7475 2310 837
f 5328 7475 5330
f 868 5333 7476
f 5333 1836 5331
f 7476 5331 768
f 3346 7476 3246
f 139 2305 7477
f 2305 832 5332
f 7477 5332 1836
f 2341 7477 5333
f 832 3310 7478
f 3310 140 3347
f 7478 3347 869
f 5332 7478 5334
f 864 5337 7479
f 5337 1837 5335
f 7479 5335 866
f 2337 7479 3344
f 207 2321 7480
f 2321 848 5336
f 7480 5336 1837
f 3342 7480 5337
f 848 3326 7481
f 3326 208 2340
f 7481 2340 867
f 5336 7481 5338
f 865 5341 7482
f 5341 1838 5339
f 7482 5339 863
f 2338 7482 3341
f 3345 7483 3343
f 3345 867 5340
f 7483 5340 1838
f 3343 7483 5341
f 867 2340 7484
f 2340 208 2320
f 7484 2320 847
f 5340 7484 5342
f 5345 7485 2331
f 1839 5343 7485
f 5343 854 3332
f 7485 3332 201
f 203 2335 7486
f 2335 862 5344
f 7486 5344 1839
f 3336 7486 5345
f 862 3340 7487
f 3340 205 3344
f 3344 866 5346
f 5344 7487 5346
f 5349 7488 2324
f 1840 5347 7488
f 5347 855 3333
f 7488 3333 200
f 3343 7489 3329
f 865 5348 7489
f 5348 1840 5349
f 7489 5349 851
f 2338 7490 5348
f 2338 204 2332
f 7490 2332 859
f 5348 7490 5350
f 849 5353 7491
f 5353 1841 5351
f 7491 5351 823
f 2322 7491 3301
f 3342 7492 3327
f 864 5352 7492
f 7492 5352 1841
f 3327 7492 5353
f 2337 7493 5352
f 205 2334 7493
f 2334 861 5354
f 5352 7493 5354
f 820 5357 7494
f 5357 1842 5355
f 7494 5355 846
f 2293 7494 3324
f 193 2333 7495
f 2333 860 5356
f 7495 5356 1842
f 3298 7495 5357
f 3338 7496 5356
f 204 3341 7496
f 3341 863 5358
f 5356 7496 5358
f 5361 7497 3339
f 1843 5359 7497
f 5359 829 3307
f 7497 3307 194
f 205 3340 7498
f 3340 862 5360
f 5360 1843 5361
f 7498 5361 861
f 2335 7499 5360
f 203 2330 7499
f 2330 857 5362
f 7499 5362 1843
f 5365 7500 2301
f 1844 5363 7500
f 5363 860 2333
f 7500 2333 193
f 2329 7501 3306
f 856 5364 7501
f 5364 1844 5365
f 7501 5365 828
f 3334 7502 5364
f 202 3337 7502
f 3337 859 5366
f 7502 5366 1844
f 5369 7503 3335
f 5369 1845 5367
f 5367 835 3313
f 7503 3313 196
f 3336 7504 2330
f 3336 858 5368
f 7504 5368 1845
f 7504 5369 857
f 858 2331 7505
f 2331 201 2326
f 7505 2326 853
f 7505 5370 1845
f 5373 7506 2307
f 5373 1846 5371
f 5371 856 2329
f 7506 2329 195
f 2325 7507 3312
f 2325 852 5372
f 5372 1846 5373
f 7507 5373 834
f 852 3330 7508
f 3330 200 3333
f 7508 3333 855
f 7508 5374 1846
f 853 5377 7509
f 5377 1847 5375
f 7509 5375 841
f 3331 7509 3319
f 201 3332 7510
f 3332 854 5376
f 7510 5376 1847
f 2326 7510 5377
f 854 2327 7511
f 2327 199 2323
f 7511 2323 850
f 5376 7511 5378
f 840 5381 7512
f 5381 1848 5379
f 7512 5379 852
f 2313 7512 2325
f 71 3328 7513
f 3328 850 5380
f 7513 5380 1848
f 3318 7513 5381
f 850 2323 7514
f 2323 199 3329
f 7514 3329 851
f 5380 7514 5382
f 5385 7515 3326
f 1849 5383 7515
f 5383 845 3323
f 7515 3323 208
f 3327 7516 2321
f 849 5384 7516
f 5384 1849 5385
f 7516 5385 848
f 2322 7517 5384
f 192 2317 7517
f 2317 844 5386
f 7517 5386 1849
f 5389 7518 3323
f 1850 5387 7518
f 5387 847 2320
f 7518 2320 208
f 2316 7519 2318
f 843 5388 7519
f 5388 1850 5389
f 7519 5389 845
f 3321 7520 5388
f 191 3324 7520
f 3324 846 5390
f 7520 5390 1850
f 5393 7521 3322
f 1851 5391 7521
f 5391 842 3320
f 7521 3320 70
f 2295 7522 2317
f 822 5392 7522
f 5392 1851 5393
f 7522 5393 844
f 3300 7523 5392
f 145 2283 7523
f 2283 810 5394
f 7523 5394 1851
f 5397 7524 3320
f 1852 5395 7524
f 5395 843 2316
f 7524 2316 70
f 2279 7525 2315
f 806 5396 7525
f 5396 1852 5397
f 7525 5397 842
f 3284 7526 5396
f 144 2294 7526
f 2294 821 5398
f 7526 5398 1852
f 5401 7527 2309
f 1853 5399 7527
f 5399 838 3316
f 2309 7527 3316
f 3319 7528 3314
f 841 5400 7528
f 5400 1853 5401
f 7528 5401 836
f 841 2314 7529
f 2314 71 2312
f 2312 839 5402
f 7529 5402 1853
f 5405 7530 3316
f 1854 5403 7530
f 5403 833 3311
f 3316 7530 3311
f 138 3317 7531
f 839 5404 7531
f 5404 1854 5405
f 7531 5405 838
f 2312 7532 5404
f 2312 71 3318
f 7532 3318 840
f 7532 5406 1854
f 5409 7533 2303
f 1855 5407 7533
f 5407 837 2310
f 7533 2310 141
f 3313 7534 3308
f 835 5408 7534
f 5408 1855 5409
f 7534 5409 830
f 2308 7535 5408
f 198 3314 7535
f 3314 836 5410
f 7535 5410 1855
f 5413 7536 3310
f 1856 5411 7536
f 5411 827 3305
f 7536 3305 140
f 3311 7537 2305
f 833 5412 7537
f 5412 1856 5413
f 7537 5413 832
f 2306 7538 5412
f 197 3312 7538
f 3312 834 5414
f 7538 5414 1856
f 824 5417 7539
f 1857 5415 7539
f 7539 5415 831
f 2297 7539 2304
f 3307 7540 3302
f 829 5416 7540
f 5416 1857 5417
f 7540 5417 824
f 2302 7541 5416
f 196 3308 7541
f 7541 3308 830
f 5416 7541 5418
f 826 5421 7542
f 1858 5419 7542
f 7542 5419 819
f 3304 7542 3297
f 3305 7543 2299
f 3305 827 5420
f 7543 5420 1858
f 7543 5421 826
f 827 2300 7544
f 195 3306 7544
f 3306 828 5422
f 5420 7544 5422
f 822 5425 7545
f 5425 1859 5423
f 7545 5423 825
f 3300 7545 2298
f 192 3301 7546
f 3301 823 5424
f 7546 5424 1859
f 2295 7546 5425
f 823 2296 7547
f 2296 194 3302
f 7547 3302 824
f 5424 7547 5426
f 818 5429 7548
f 5429 1860 5427
f 7548 5427 821
f 3296 7548 2294
f 142 3297 7549
f 3297 819 5428
f 7549 5428 1860
f 2291 7549 5429
f 819 2292 7550
f 2292 193 3298
f 7550 3298 820
f 5428 7550 5430
f 814 5433 7551
f 1861 5431 7551
f 5431 815 3293
f 7551 3293 69
f 186 2277 7552
f 804 5432 7552
f 5432 1861 5433
f 3292 7552 5433
f 3282 7553 5432
f 132 3295 7553
f 3295 817 5434
f 7553 5434 1861
f 5437 7554 3293
f 1862 5435 7554
f 7554 5435 812
f 7554 3290 69
f 3294 7555 2288
f 816 5436 7555
f 5436 1862 5437
f 7555 5437 815
f 2289 7556 5436
f 131 2276 7556
f 2276 803 5438
f 7556 5438 1862
f 5441 7557 2286
f 1863 5439 7557
f 5439 814 2287
f 7557 2287 69
f 2282 7558 3291
f 809 5440 7558
f 5440 1863 5441
f 7558 5441 813
f 3287 7559 5440
f 188 2274 7559
f 2274 801 5442
f 7559 5442 1863
f 5445 7560 3290
f 1864 5443 7560
f 5443 813 2286
f 7560 2286 69
f 2271 7561 2285
f 798 5444 7561
f 5444 1864 5445
f 7561 5445 812
f 3276 7562 5444
f 187 2281 7562
f 2281 808 5446
f 7562 5446 1864
f 5449 7563 3287
f 1865 5447 7563
f 5447 811 2284
f 3287 7563 2284
f 2280 7564 2282
f 807 5448 7564
f 5448 1865 5449
f 7564 5449 809
f 3285 7565 5448
f 190 3288 7565
f 3288 810 5450
f 7565 5450 1865
f 5453 7566 3283
f 1866 5451 7566
f 5451 808 2281
f 3283 7566 2281
f 3284 7567 2278
f 806 5452 7567
f 5452 1866 5453
f 7567 5453 805
f 2279 7568 5452
f 190 3285 7568
f 3285 807 5454
f 7568 5454 1866
f 800 5457 7569
f 5457 1867 5455
f 7569 5455 804
f 2273 7569 2277
f 169 2131 7570
f 2131 658 5456
f 7570 5456 1867
f 3278 7570 5457
f 658 3136 7571
f 3136 171 2269
f 7571 2269 796
f 5456 7571 5458
f 803 5461 7572
f 5461 1868 5459
f 7572 5459 799
f 3281 7572 3277
f 131 2266 7573
f 2266 793 5460
f 7573 5460 1868
f 2276 7573 5461
f 793 3271 7574
f 3271 170 2130
f 7574 2130 657
f 5460 7574 5462
f 800 5465 7575
f 5465 1869 5463
f 7575 5463 664
f 3278 7575 3142
f 186 3279 7576
f 3279 801 5464
f 7576 5464 1869
f 2273 7576 5465
f 801 2274 7577
f 2274 188 3280
f 7577 3280 802
f 5464 7577 5466
f 663 5469 7578
f 5469 1870 5467
f 7578 5467 799
f 2136 7578 2272
f 166 3275 7579
f 3275 797 5468
f 7579 5468 1870
f 3141 7579 5469
f 797 2270 7580
f 2270 187 3276
f 7580 3276 798
f 5468 7580 5470
f 5473 7581 2125
f 1871 5471 7581
f 5471 796 2269
f 7581 2269 171
f 2265 7582 3130
f 792 5472 7582
f 5472 1871 5473
f 7582 5473 652
f 3270 7583 5472
f 134 3273 7583
f 3273 795 5474
f 7583 5474 1871
f 5477 7584 3271
f 1872 5475 7584
f 5475 651 3129
f 7584 3129 170
f 3272 7585 2266
f 794 5476 7585
f 5476 1872 5477
f 7585 5477 793
f 2267 7586 5476
f 133 2262 7586
f 2262 789 5478
f 7586 5478 1872
f 646 5481 7587
f 5481 1873 5479
f 7587 5479 792
f 2119 7587 2265
f 175 2261 7588
f 2261 788 5480
f 7588 5480 1873
f 3124 7588 5481
f 788 3266 7589
f 3266 136 3269
f 7589 3269 791
f 5480 7589 5482
f 789 5485 7590
f 5485 1874 5483
f 7590 5483 645
f 3267 7590 3123
f 3268 7591 2262
f 3268 790 5484
f 7591 5484 1874
f 7591 5485 789
f 790 2263 7592
f 2263 135 2257
f 7592 2257 784
f 5484 7592 5486
f 640 5489 7593
f 5489 1875 5487
f 7593 5487 788
f 2113 7593 2261
f 176 2259 7594
f 2259 786 5488
f 7594 5488 1875
f 3118 7594 5489
f 786 3264 7595
f 3264 137 3265
f 7595 3265 787
f 5488 7595 5490
f 784 5493 7596
f 5493 1876 5491
f 7596 5491 638
f 3262 7596 3116
f 135 3263 7597
f 3263 785 5492
f 7597 5492 1876
f 2257 7597 5493
f 785 2258 7598
f 2258 137 3264
f 7598 3264 786
f 5492 7598 5494
f 5497 7599 2252
f 1877 5495 7599
f 5495 781 3259
f 7599 3259 178
f 184 3261 7600
f 3261 783 5496
f 5496 1877 5497
f 3257 7600 5497
f 2256 7601 5496
f 182 2243 7601
f 2243 770 5498
f 7601 5498 1877
f 5501 7602 3259
f 1878 5499 7602
f 5499 778 3256
f 7602 3256 178
f 2240 7603 2254
f 767 5500 7603
f 5500 1878 5501
f 7603 5501 781
f 3245 7604 5500
f 181 3260 7604
f 3260 782 5502
f 7604 5502 1878
f 779 5505 7605
f 5505 1879 5503
f 7605 5503 780
f 3257 7605 2253
f 178 2250 7606
f 2250 777 5504
f 7606 5504 1879
f 2252 7606 5505
f 777 3255 7607
f 3255 68 2247
f 7607 2247 774
f 5504 7607 5506
f 776 5509 7608
f 5509 1880 5507
f 7608 5507 778
f 3254 7608 2251
f 112 2246 7609
f 2246 773 5508
f 7609 5508 1880
f 2249 7609 5509
f 773 3251 7610
f 3251 68 3255
f 7610 3255 777
f 5508 7610 5510
f 5513 7611 3252
f 1881 5511 7611
f 5511 775 2248
f 3252 7611 2248
f 2199 7612 2247
f 726 5512 7612
f 5512 1881 5513
f 7612 5513 774
f 3204 7613 5512
f 163 2206 7613
f 2206 733 5514
f 7613 5514 1881
f 5517 7614 3250
f 1882 5515 7614
f 5515 773 2246
f 3250 7614 2246
f 2201 7615 2245
f 728 5516 7615
f 5516 1882 5517
f 7615 5517 772
f 3206 7616 5516
f 162 2198 7616
f 2198 725 5518
f 7616 5518 1882
f 769 5521 7617
f 5521 1883 5519
f 7617 5519 764
f 3247 7617 3242
f 3248 7618 2242
f 3248 770 5520
f 7618 5520 1883
f 2242 7618 5521
f 770 2243 7619
f 2243 182 3249
f 7619 3249 771
f 5520 7619 5522
f 763 5525 7620
f 5525 1884 5523
f 7620 5523 768
f 2236 7620 2241
f 114 3244 7621
f 3244 766 5524
f 7621 5524 1884
f 3241 7621 5525
f 766 2239 7622
f 2239 181 3245
f 7622 3245 767
f 5524 7622 5526
f 5529 7623 2233
f 5529 1885 5527
f 5527 765 2238
f 7623 2238 117
f 2144 7624 3238
f 671 5528 7624
f 7624 5528 1885
f 7624 5529 760
f 671 3149 7625
f 3149 165 3242
f 7625 3242 764
f 5528 7625 5530
f 5533 7626 3240
f 5533 1886 5531
f 5531 759 3237
f 7626 3237 116
f 114 3241 7627
f 3241 763 5532
f 7627 5532 1886
f 2235 7627 5533
f 763 2236 7628
f 2236 164 2143
f 7628 2143 670
f 5532 7628 5534
f 5537 7629 2229
f 1887 5535 7629
f 5535 761 2234
f 7629 2234 119
f 2151 7630 3234
f 678 5536 7630
f 5536 1887 5537
f 7630 5537 756
f 3156 7631 5536
f 147 3238 7631
f 3238 760 5538
f 7631 5538 1887
f 5541 7632 3236
f 1888 5539 7632
f 5539 755 3233
f 7632 3233 118
f 3237 7633 2231
f 759 5540 7633
f 5540 1888 5541
f 7633 5541 758
f 2232 7634 5540
f 146 2150 7634
f 2150 677 5542
f 7634 5542 1888
f 5545 7635 2225
f 1889 5543 7635
f 5543 757 2230
f 7635 2230 121
f 2157 7636 3230
f 684 5544 7636
f 5544 1889 5545
f 7636 5545 752
f 3162 7637 5544
f 149 3234 7637
f 3234 756 5546
f 7637 5546 1889
f 5549 7638 3232
f 1890 5547 7638
f 5547 751 3229
f 7638 3229 120
f 3233 7639 2227
f 755 5548 7639
f 5548 1890 5549
f 7639 5549 754
f 2228 7640 5548
f 148 2156 7640
f 2156 683 5550
f 7640 5550 1890
f 5553 7641 2221
f 1891 5551 7641
f 5551 753 2226
f 7641 2226 123
f 2163 7642 3226
f 690 5552 7642
f 5552 1891 5553
f 7642 5553 748
f 3168 7643 5552
f 151 3230 7643
f 3230 752 5554
f 7643 5554 1891
f 5557 7644 3228
f 1892 5555 7644
f 5555 747 3225
f 7644 3225 122
f 3229 7645 2223
f 751 5556 7645
f 5556 1892 5557
f 7645 5557 750
f 2224 7646 5556
f 150 2162 7646
f 2162 689 5558
f 7646 5558 1892
f 744 5561 7647
f 1893 5559 7647
f 7647 5559 749
f 2217 7647 2222
f 155 2169 7648
f 2169 696 5560
f 7648 5560 1893
f 3222 7648 5561
f 696 3174 7649
f 153 3226 7649
f 3226 748 5562
f 7649 5562 1893
f 746 5565 7650
f 1894 5563 7650
f 7650 5563 743
f 3224 7650 3221
f 3225 7651 2219
f 747 5564 7651
f 5564 1894 5565
f 7651 5565 746
f 2220 7652 5564
f 152 2168 7652
f 7652 2168 695
f 7652 5566 1894
f 5569 7653 2213
f 1895 5567 7653
f 5567 745 2218
f 7653 2218 127
f 2175 7654 3218
f 702 5568 7654
f 5568 1895 5569
f 7654 5569 740
f 702 3180 7655
f 3180 155 3222
f 7655 3222 744
f 5568 7655 5570
f 5573 7656 3220
f 1896 5571 7656
f 5571 739 3217
f 7656 3217 126
f 124 3221 7657
f 3221 743 5572
f 7657 5572 1896
f 2215 7657 5573
f 743 2216 7658
f 2216 154 2174
f 7658 2174 701
f 5572 7658 5574
f 5577 7659 2209
f 1897 5575 7659
f 5575 741 2214
f 7659 2214 180
f 2181 7660 3214
f 708 5576 7660
f 5576 1897 5577
f 7660 5577 736
f 3186 7661 5576
f 157 3218 7661
f 3218 740 5578
f 7661 5578 1897
f 5581 7662 3216
f 1898 5579 7662
f 5579 735 3213
f 7662 3213 179
f 3217 7663 2211
f 739 5580 7663
f 5580 1898 5581
f 7663 5581 738
f 2212 7664 5580
f 156 2180 7664
f 2180 707 5582
f 7664 5582 1898
f 714 5585 7665
f 5585 1899 5583
f 5583 731 3209
f 7665 3209 161
f 159 3214 7666
f 3214 736 5584
f 7666 5584 1899
f 3192 7666 5585
f 736 2209 7667
f 2209 180 3215
f 7667 3215 737
f 5584 7667 5586
f 5589 7668 2203
f 5589 1900 5587
f 7668 5587 713
f 7668 3191 160
f 128 3212 7669
f 3212 734 5588
f 7669 5588 1900
f 7669 5589 730
f 734 2207 7670
f 2207 179 3213
f 7670 3213 735
f 5588 7670 5590
f 5593 7671 2193
f 1901 5591 7671
f 7671 5591 733
f 7671 2206 163
f 3209 7672 3198
f 731 5592 7672
f 5592 1901 5593
f 7672 5593 720
f 2204 7673 5592
f 129 3210 7673
f 3210 732 5594
f 7673 5594 1901
f 728 5597 7674
f 1902 5595 7674
f 5595 719 3197
f 7674 3197 162
f 110 3207 7675
f 3207 729 5596
f 5596 1902 5597
f 2201 7675 5597
f 2202 7676 5596
f 128 3208 7676
f 3208 730 5598
f 7676 5598 1902
f 726 5601 7677
f 1903 5599 7677
f 5599 721 3199
f 7677 3199 163
f 2197 7678 2199
f 724 5600 7678
f 5600 1903 5601
f 7678 5601 726
f 3202 7679 5600
f 67 3205 7679
f 3205 727 5602
f 7679 5602 1903
f 5605 7680 2191
f 1904 5603 7680
f 7680 5603 725
f 7680 2198 162
f 3201 7681 3196
f 723 5604 7681
f 5604 1904 5605
f 7681 5605 718
f 2196 7682 5604
f 67 3202 7682
f 3202 724 5606
f 7682 5606 1904
f 5609 7683 3198
f 1905 5607 7683
f 5607 715 3193
f 7683 3193 161
f 3199 7684 2193
f 721 5608 7684
f 5608 1905 5609
f 7684 5609 720
f 2194 7685 5608
f 109 3200 7685
f 3200 722 5610
f 7685 5610 1905
f 5613 7686 2185
f 1906 5611 7686
f 5611 719 2192
f 7686 2192 160
f 3195 7687 3190
f 717 5612 7687
f 5612 1906 5613
f 7687 5613 712
f 2190 7688 5612
f 108 3196 7688
f 3196 718 5614
f 7688 5614 1906
f 5617 7689 3192
f 1907 5615 7689
f 5615 709 3187
f 3192 7689 3187
f 3193 7690 2187
f 715 5616 7690
f 5616 1907 5617
f 7690 5617 714
f 2188 7691 5616
f 107 3194 7691
f 3194 716 5618
f 7691 5618 1907
f 5621 7692 2179
f 1908 5619 7692
f 5619 713 2186
f 2179 7692 2186
f 3189 7693 3184
f 711 5620 7693
f 5620 1908 5621
f 7693 5621 706
f 2184 7694 5620
f 106 3190 7694
f 3190 712 5622
f 7694 5622 1908
f 708 5625 7695
f 5625 1909 5623
f 5623 703 3181
f 3186 7695 3181
f 159 3187 7696
f 3187 709 5624
f 7696 5624 1909
f 2181 7696 5625
f 709 2182 7697
f 105 3188 7697
f 3188 710 5626
f 5624 7697 5626
f 5629 7698 2173
f 5629 1910 5627
f 7698 5627 707
f 2173 7698 2180
f 3183 7699 3178
f 705 5628 7699
f 5628 1910 5629
f 7699 5629 700
f 2178 7700 5628
f 104 3184 7700
f 7700 3184 706
f 5628 7700 5630
f 5633 7701 3180
f 1911 5631 7701
f 5631 697 3175
f 7701 3175 155
f 3181 7702 2175
f 703 5632 7702
f 5632 1911 5633
f 7702 5633 702
f 2176 7703 5632
f 103 3182 7703
f 3182 704 5634
f 7703 5634 1911
f 5637 7704 2167
f 1912 5635 7704
f 5635 701 2174
f 7704 2174 154
f 3177 7705 3172
f 699 5636 7705
f 5636 1912 5637
f 7705 5637 694
f 2172 7706 5636
f 102 3178 7706
f 3178 700 5638
f 7706 5638 1912
f 5641 7707 3174
f 1913 5639 7707
f 5639 691 3169
f 7707 3169 153
f 3175 7708 2169
f 697 5640 7708
f 5640 1913 5641
f 7708 5641 696
f 2170 7709 5640
f 101 3176 7709
f 3176 698 5642
f 7709 5642 1913
f 5645 7710 2161
f 1914 5643 7710
f 5643 695 2168
f 7710 2168 152
f 3171 7711 3166
f 693 5644 7711
f 5644 1914 5645
f 7711 5645 688
f 2166 7712 5644
f 100 3172 7712
f 3172 694 5646
f 7712 5646 1914
f 5649 7713 3168
f 1915 5647 7713
f 5647 685 3163
f 7713 3163 151
f 153 3169 7714
f 691 5648 7714
f 5648 1915 5649
f 2163 7714 5649
f 2164 7715 5648
f 99 3170 7715
f 3170 692 5650
f 7715 5650 1915
f 5653 7716 2155
f 1916 5651 7716
f 5651 689 2162
f 7716 2162 150
f 3165 7717 3160
f 687 5652 7717
f 5652 1916 5653
f 7717 5653 682
f 2160 7718 5652
f 98 3166 7718
f 3166 688 5654
f 7718 5654 1916
f 684 5657 7719
f 5657 1917 5655
f 5655 679 3157
f 3162 7719 3157
f 151 3163 7720
f 3163 685 5656
f 7720 5656 1917
f 2157 7720 5657
f 685 2158 7721
f 2158 97 3164
f 7721 3164 686
f 5656 7721 5658
f 5661 7722 2149
f 5661 1918 5659
f 7722 5659 683
f 2149 7722 2156
f 94 3159 7723
f 3159 681 5660
f 7723 5660 1918
f 7723 5661 676
f 681 2154 7724
f 2154 96 3160
f 7724 3160 682
f 5660 7724 5662
f 678 5665 7725
f 5665 1919 5663
f 7725 5663 672
f 3156 7725 3150
f 149 3157 7726
f 679 5664 7726
f 5664 1919 5665
f 2151 7726 5665
f 2152 7727 5664
f 95 3158 7727
f 3158 680 5666
f 7727 5666 1919
f 669 5669 7728
f 5669 1920 5667
f 7728 5667 677
f 2142 7728 2150
f 92 3153 7729
f 675 5668 7729
f 5668 1920 5669
f 3147 7729 5669
f 2148 7730 5668
f 94 3154 7730
f 3154 676 5670
f 7730 5670 1920
f 671 5673 7731
f 5673 1921 5671
f 7731 5671 674
f 3149 7731 2147
f 147 3150 7732
f 3150 672 5672
f 7732 5672 1921
f 2144 7732 5673
f 672 2145 7733
f 2145 93 3151
f 7733 3151 673
f 5672 7733 5674
f 667 5677 7734
f 5677 1922 5675
f 7734 5675 670
f 3145 7734 2143
f 79 3146 7735
f 3146 668 5676
f 7735 5676 1922
f 2140 7735 5677
f 668 2141 7736
f 2141 92 3147
f 7736 3147 669
f 5676 7736 5678
f 659 5681 7737
f 5681 1923 5679
f 5679 666 2139
f 7737 2139 84
f 169 3142 7738
f 3142 664 5680
f 7738 5680 1923
f 3137 7738 5681
f 664 2137 7739
f 2137 167 3143
f 7739 3143 665
f 5680 7739 5682
f 5685 7740 3139
f 5685 1924 5683
f 7740 5683 656
f 7740 3134 83
f 3140 7741 2134
f 3140 662 5684
f 7741 5684 1924
f 7741 5685 661
f 662 2135 7742
f 2135 166 3141
f 7742 3141 663
f 5684 7742 5686
f 653 5689 7743
f 5689 1925 5687
f 7743 5687 660
f 2126 7743 2133
f 171 3136 7744
f 3136 658 5688
f 7744 5688 1925
f 3131 7744 5689
f 658 2131 7745
f 2131 169 3137
f 7745 3137 659
f 5688 7745 5690
f 655 5693 7746
f 5693 1926 5691
f 7746 5691 650
f 3133 7746 3128
f 3134 7747 2128
f 3134 656 5692
f 7747 5692 1926
f 7747 5693 655
f 656 2129 7748
f 2129 168 3135
f 7748 3135 657
f 5692 7748 5694
f 5697 7749 2120
f 5697 1927 5695
f 5695 654 2127
f 7749 2127 88
f 173 3130 7750
f 3130 652 5696
f 7750 5696 1927
f 7750 5697 647
f 652 2125 7751
f 2125 171 3131
f 7751 3131 653
f 5696 7751 5698
f 5701 7752 3127
f 5701 1928 5699
f 5699 644 3122
f 7752 3122 87
f 85 3128 7753
f 3128 650 5700
f 7753 5700 1928
f 7753 5701 649
f 650 2123 7754
f 2123 170 3129
f 7754 3129 651
f 5700 7754 5702
f 5705 7755 2114
f 1929 5703 7755
f 5703 648 2121
f 7755 2121 90
f 3124 7756 3119
f 646 5704 7756
f 5704 1929 5705
f 7756 5705 641
f 2119 7757 5704
f 173 3125 7757
f 3125 647 5706
f 7757 5706 1929
f 5709 7758 3121
f 1930 5707 7758
f 5707 637 3115
f 7758 3115 89
f 3122 7759 2116
f 644 5708 7759
f 5708 1930 5709
f 7759 5709 643
f 2117 7760 5708
f 172 3123 7760
f 3123 645 5710
f 7760 5710 1930
f 5713 7761 2112
f 1931 5711 7761
f 5711 642 2115
f 7761 2115 91
f 3118 7762 3117
f 640 5712 7762
f 5712 1931 5713
f 7762 5713 639
f 2113 7763 5712
f 175 3119 7763
f 3119 641 5714
f 7763 5714 1931
f 5717 7764 3114
f 1932 5715 7764
f 5715 639 2112
f 7764 2112 91
f 3115 7765 2109
f 637 5716 7765
f 5716 1932 5717
f 7765 5717 636
f 2110 7766 5716
f 174 3116 7766
f 3116 638 5718
f 7766 5718 1932
f 5719 7767 2108
f 3100 7767 5719
f 2108 7767 3100
f 635 5720 7768
f 5721 7768 5720
f 622 5719 7768
f 3069 7769 5721
f 50 2095 7769
f 5721 7769 2095
f 5722 7770 2107
f 590 3068 7770
f 51 2107 7770
f 634 5723 7771
f 620 5724 7771
f 5722 7771 5724
f 3098 7772 5724
f 49 2063 7772
f 5724 7772 2063
f 5725 7773 2106
f 2108 7773 5725
f 2106 7773 2108
f 5726 7774 5725
f 5727 7774 5726
f 635 5725 7774
f 596 3074 7775
f 52 3113 7775
f 5727 7775 3113
f 5728 7776 2105
f 3073 7776 5728
f 53 2105 7776
f 5729 7777 5728
f 634 5730 7777
f 5728 7777 5730
f 2107 7778 5730
f 51 2068 7778
f 595 5730 7778
f 5731 7779 2104
f 2106 7779 5731
f 2104 7779 2106
f 5732 7780 5731
f 5733 7780 5732
f 633 5731 7780
f 600 3078 7781
f 54 3111 7781
f 5733 7781 3111
f 5734 7782 2103
f 3077 7782 5734
f 55 2103 7782
f 5735 7783 5734
f 632 5736 7783
f 5734 7783 5736
f 2105 7784 5736
f 53 2072 7784
f 599 5736 7784
f 5737 7785 2102
f 2104 7785 5737
f 2102 7785 2104
f 5738 7786 5737
f 5739 7786 5738
f 631 5737 7786
f 3082 7787 5739
f 56 3109 7787
f 5739 7787 3109
f 5740 7788 2101
f 3081 7788 5740
f 57 2101 7788
f 5741 7789 5740
f 630 5742 7789
f 5740 7789 5742
f 2103 7790 5742
f 55 2076 7790
f 5742 7790 2076
f 5743 7791 2100
f 2102 7791 5743
f 2100 7791 2102
f 5744 7792 5743
f 5745 7792 5744
f 629 5743 7792
f 3086 7793 5745
f 58 3107 7793
f 5745 7793 3107
f 5746 7794 2099
f 3085 7794 5746
f 59 2099 7794
f 5747 7795 5746
f 628 5748 7795
f 5746 7795 5748
f 2101 7796 5748
f 57 2080 7796
f 5748 7796 2080
f 5749 7797 2098
f 2100 7797 5749
f 2098 7797 2100
f 625 5750 7798
f 5751 7798 5750
f 5749 7798 5751
f 3090 7799 5751
f 60 3105 7799
f 5751 7799 3105
f 5752 7800 2097
f 3089 7800 5752
f 63 2097 7800
f 624 5753 7801
f 5754 7801 5753
f 5752 7801 5754
f 2099 7802 5754
f 59 2084 7802
f 5754 7802 2084
f 5755 7803 3103
f 3094 7803 5755
f 64 3103 7803
f 5756 7804 5755
f 623 5757 7804
f 5755 7804 5757
f 3101 7805 5757
f 66 2089 7805
f 5757 7805 2089
f 5758 7806 3102
f 3099 7806 5758
f 3102 7806 3099
f 5759 7807 5758
f 5760 7807 5759
f 621 5758 7807
f 3093 7808 5760
f 65 2094 7808
f 5760 7808 2094
f 5761 7809 3100
f 2096 7809 5761
f 3100 7809 2096
f 622 5762 7810
f 5763 7810 5762
f 623 5761 7810
f 619 3097 7811
f 66 3101 7811
f 5763 7811 3101
f 5764 7812 3098
f 618 3096 7812
f 49 3098 7812
f 620 5765 7813
f 621 5766 7813
f 5764 7813 5766
f 2094 7814 5766
f 65 2091 7814
f 618 5766 7814
f 619 5769 7815
f 5769 1933 5767
f 7815 5767 617
f 3097 7815 3095
f 50 2066 7816
f 2066 593 5768
f 7816 5768 1933
f 2092 7816 5769
f 593 3071 7817
f 3071 48 1987
f 7817 1987 514
f 5768 7817 5770
f 614 5773 7818
f 5773 1934 5771
f 7818 5771 618
f 2087 7818 2091
f 1 1982 7819
f 1982 509 5772
f 7819 5772 1934
f 3092 7819 5773
f 509 2987 7820
f 2987 47 2061
f 7820 2061 588
f 5772 7820 5774
f 616 5777 7821
f 5777 1935 5775
f 7821 5775 613
f 3094 7821 3091
f 66 3095 7822
f 3095 617 5776
f 7822 5776 1935
f 2089 7822 5777
f 617 2090 7823
f 2090 2 2004
f 7823 2004 531
f 5776 7823 5778
f 610 5781 7824
f 5781 1936 5779
f 7824 5779 615
f 2083 7824 2088
f 11 2001 7825
f 2001 528 5780
f 7825 5780 1936
f 3088 7825 5781
f 528 3006 7826
f 3006 1 3092
f 7826 3092 614
f 5780 7826 5782
f 612 5785 7827
f 5785 1937 5783
f 7827 5783 609
f 3090 7827 3087
f 64 3091 7828
f 3091 613 5784
f 7828 5784 1937
f 2085 7828 5785
f 613 2086 7829
f 2086 12 2010
f 7829 2010 537
f 5784 7829 5786
f 606 5789 7830
f 5789 1938 5787
f 7830 5787 611
f 2079 7830 2084
f 13 2005 7831
f 2005 532 5788
f 7831 5788 1938
f 3084 7831 5789
f 532 3010 7832
f 3010 11 3088
f 7832 3088 610
f 5788 7832 5790
f 5793 7833 3086
f 5793 1939 5791
f 7833 5791 605
f 3086 7833 3083
f 3087 7834 2081
f 3087 609 5792
f 7834 5792 1939
f 2081 7834 5793
f 609 2082 7835
f 2082 14 2024
f 7835 2024 551
f 5792 7835 5794
f 602 5797 7836
f 5797 1940 5795
f 5795 607 2080
f 2075 7836 2080
f 2021 7837 3080
f 548 5796 7837
f 7837 5796 1940
f 3080 7837 5797
f 548 3026 7838
f 3026 13 3084
f 7838 3084 606
f 5796 7838 5798
f 5801 7839 3082
f 1941 5799 7839
f 5799 601 3079
f 7839 3079 56
f 3083 7840 2077
f 605 5800 7840
f 5800 1941 5801
f 7840 5801 604
f 2078 7841 5800
f 2078 24 2030
f 7841 2030 557
f 7841 5802 1941
f 5805 7842 2071
f 1942 5803 7842
f 5803 603 2076
f 7842 2076 55
f 2025 7843 3076
f 552 5804 7843
f 5804 1942 5805
f 7843 5805 598
f 552 3030 7844
f 3030 23 3080
f 3080 602 5806
f 7844 5806 1942
f 5809 7845 3078
f 1943 5807 7845
f 5807 597 3075
f 7845 3075 54
f 3079 7846 2073
f 601 5808 7846
f 5808 1943 5809
f 7846 5809 600
f 2074 7847 5808
f 26 2044 7847
f 2044 571 5810
f 7847 5810 1943
f 5813 7848 2067
f 1944 5811 7848
f 5811 599 2072
f 7848 2072 53
f 2041 7849 3072
f 568 5812 7849
f 5812 1944 5813
f 7849 5813 594
f 3046 7850 5812
f 25 3076 7850
f 3076 598 5814
f 7850 5814 1944
f 5817 7851 3074
f 1945 5815 7851
f 5815 592 3070
f 7851 3070 52
f 3075 7852 2069
f 597 5816 7852
f 5816 1945 5817
f 7852 5817 596
f 2070 7853 5816
f 36 2050 7853
f 2050 577 5818
f 7853 5818 1945
f 5821 7854 2062
f 1946 5819 7854
f 5819 595 2068
f 7854 2068 51
f 2045 7855 3067
f 572 5820 7855
f 5820 1946 5821
f 7855 5821 589
f 3050 7856 5820
f 35 3072 7856
f 3072 594 5822
f 7856 5822 1946
f 5825 7857 3069
f 1947 5823 7857
f 5823 593 2066
f 3069 7857 2066
f 3070 7858 2064
f 592 5824 7858
f 5824 1947 5825
f 2064 7858 5825
f 2065 7859 5824
f 38 2060 7859
f 2060 587 5826
f 7859 5826 1947
f 5829 7860 3066
f 1948 5827 7860
f 5827 590 2063
f 3066 7860 2063
f 2059 7861 2061
f 586 5828 7861
f 5828 1948 5829
f 7861 5829 588
f 3064 7862 5828
f 37 3067 7862
f 3067 589 5830
f 7862 5830 1948
f 5833 7863 2058
f 1949 5831 7863
f 5831 576 3054
f 7863 3054 40
f 1988 7864 3063
f 515 5832 7864
f 5832 1949 5833
f 7864 5833 585
f 2993 7865 5832
f 48 3065 7865
f 3065 587 5834
f 7865 5834 1949
f 5837 7866 2046
f 1950 5835 7866
f 5835 582 3060
f 7866 3060 39
f 3064 7867 3051
f 586 5836 7867
f 5836 1950 5837
f 7867 5837 573
f 2059 7868 5836
f 47 1981 7868
f 1981 508 5838
f 7868 5838 1950
f 5841 7869 3062
f 1951 5839 7869
f 5839 581 3059
f 7869 3059 42
f 1994 7870 2057
f 521 5840 7870
f 5840 1951 5841
f 7870 5841 584
f 2999 7871 5840
f 46 3063 7871
f 3063 585 5842
f 7871 5842 1951
f 5845 7872 2051
f 1952 5843 7872
f 5843 583 2056
f 7872 2056 41
f 3060 7873 3056
f 582 5844 7873
f 5844 1952 5845
f 7873 5845 578
f 2055 7874 5844
f 45 1989 7874
f 1989 516 5846
f 7874 5846 1952
f 5849 7875 3058
f 1953 5847 7875
f 5847 566 3044
f 7875 3044 32
f 3059 7876 2053
f 581 5848 7876
f 5848 1953 5849
f 7876 5849 580
f 2054 7877 5848
f 40 2048 7877
f 2048 575 5850
f 7877 5850 1953
f 5853 7878 2036
f 1954 5851 7878
f 5851 579 2052
f 7878 2052 31
f 2047 7879 3041
f 574 5852 7879
f 5852 1954 5853
f 7879 5853 563
f 3052 7880 5852
f 39 3056 7880
f 3056 578 5854
f 7880 5854 1954
f 5857 7881 3053
f 1955 5855 7881
f 5855 570 3048
f 7881 3048 34
f 3054 7882 2048
f 576 5856 7882
f 5856 1955 5857
f 7882 5857 575
f 2049 7883 5856
f 38 3055 7883
f 3055 577 5858
f 7883 5858 1955
f 5861 7884 2042
f 1956 5859 7884
f 5859 574 2047
f 7884 2047 33
f 3050 7885 3047
f 572 5860 7885
f 5860 1956 5861
f 7885 5861 569
f 2045 7886 5860
f 37 3051 7886
f 3051 573 5862
f 7886 5862 1956
f 5865 7887 2040
f 5865 1957 5863
f 7887 5863 556
f 2040 7887 3034
f 3048 7888 3045
f 570 5864 7888
f 5864 1957 5865
f 7888 5865 567
f 2043 7889 5864
f 36 3049 7889
f 3049 571 5866
f 7889 5866 1957
f 553 5869 7890
f 5869 1958 5867
f 5867 562 3040
f 2026 7890 3040
f 25 3046 7891
f 568 5868 7891
f 7891 5868 1958
f 3031 7891 5869
f 2041 7892 5868
f 35 3047 7892
f 3047 569 5870
f 7892 5870 1958
f 5873 7893 3043
f 1959 5871 7893
f 5871 561 3039
f 7893 3039 30
f 3044 7894 2038
f 566 5872 7894
f 5872 1959 5873
f 7894 5873 565
f 2039 7895 5872
f 34 3045 7895
f 3045 567 5874
f 7895 5874 1959
f 5877 7896 2031
f 1960 5875 7896
f 5875 564 2037
f 7896 2037 29
f 3040 7897 3036
f 562 5876 7897
f 5876 1960 5877
f 7897 5877 558
f 2035 7898 5876
f 33 3041 7898
f 3041 563 5878
f 7898 5878 1960
f 560 5881 7899
f 5881 1961 5879
f 7899 5879 546
f 3038 7899 3024
f 3039 7900 2033
f 561 5880 7900
f 5880 1961 5881
f 7900 5881 560
f 2034 7901 5880
f 28 2028 7901
f 2028 555 5882
f 7901 5882 1961
f 543 5885 7902
f 5885 1962 5883
f 7902 5883 559
f 2016 7902 2032
f 21 2027 7903
f 2027 554 5884
f 7903 5884 1962
f 3021 7903 5885
f 3032 7904 5884
f 27 3036 7904
f 3036 558 5886
f 7904 5886 1962
f 555 5889 7905
f 5889 1963 5887
f 7905 5887 550
f 3033 7905 3028
f 3034 7906 2028
f 556 5888 7906
f 5888 1963 5889
f 7906 5889 555
f 2029 7907 5888
f 26 3035 7907
f 3035 557 5890
f 7907 5890 1963
f 549 5893 7908
f 5893 1964 5891
f 7908 5891 554
f 2022 7908 2027
f 23 3030 7909
f 3030 552 5892
f 7909 5892 1964
f 3027 7909 5893
f 2025 7910 5892
f 25 3031 7910
f 3031 553 5894
f 7910 5894 1964
f 547 5897 7911
f 5897 1965 5895
f 7911 5895 536
f 2020 7911 3014
f 3028 7912 3025
f 550 5896 7912
f 5896 1965 5897
f 7912 5897 547
f 2023 7913 5896
f 24 3029 7913
f 3029 551 5898
f 7913 5898 1965
f 533 5901 7914
f 5901 1966 5899
f 7914 5899 542
f 2006 7914 3020
f 13 3026 7915
f 3026 548 5900
f 7915 5900 1966
f 3011 7915 5901
f 2021 7916 5900
f 23 3027 7916
f 3027 549 5902
f 7916 5902 1966
f 545 5905 7917
f 5905 1967 5903
f 7917 5903 541
f 3023 7917 3019
f 3024 7918 2018
f 546 5904 7918
f 5904 1967 5905
f 7918 5905 545
f 2019 7919 5904
f 22 3025 7919
f 3025 547 5906
f 7919 5906 1967
f 538 5909 7920
f 5909 1968 5907
f 7920 5907 544
f 2011 7920 2017
f 15 3020 7921
f 3020 542 5908
f 7921 5908 1968
f 3016 7921 5909
f 2015 7922 5908
f 21 3021 7922
f 3021 543 5910
f 7922 5910 1968
f 540 5913 7923
f 5913 1969 5911
f 7923 5911 526
f 3018 7923 3004
f 18 3019 7924
f 3019 541 5912
f 7924 5912 1969
f 2013 7924 5913
f 541 2014 7925
f 2014 16 2008
f 7925 2008 535
f 5912 7925 5914
f 523 5917 7926
f 5917 1970 5915
f 7926 5915 539
f 1996 7926 2012
f 9 2007 7927
f 2007 534 5916
f 7927 5916 1970
f 3001 7927 5917
f 534 3012 7928
f 3012 15 3016
f 7928 3016 538
f 5916 7928 5918
f 535 5921 7929
f 5921 1971 5919
f 7929 5919 530
f 3013 7929 3008
f 16 3014 7930
f 536 5920 7930
f 7930 5920 1971
f 2008 7930 5921
f 2009 7931 5920
f 2009 14 3015
f 7931 3015 537
f 5920 7931 5922
f 529 5925 7932
f 5925 1972 5923
f 7932 5923 534
f 2002 7932 2007
f 11 3010 7933
f 3010 532 5924
f 7933 5924 1972
f 3007 7933 5925
f 532 2005 7934
f 2005 13 3011
f 3011 533 5926
f 5924 7934 5926
f 527 5929 7935
f 5929 1973 5927
f 7935 5927 513
f 2000 7935 2991
f 10 3008 7936
f 3008 530 5928
f 7936 5928 1973
f 3005 7936 5929
f 530 2003 7937
f 2003 12 3009
f 7937 3009 531
f 5928 7937 5930
f 510 5933 7938
f 5933 1974 5931
f 7938 5931 522
f 1983 7938 3000
f 1 3006 7939
f 3006 528 5932
f 7939 5932 1974
f 2988 7939 5933
f 528 2001 7940
f 2001 11 3007
f 7940 3007 529
f 5932 7940 5934
f 525 5937 7941
f 5937 1975 5935
f 7941 5935 520
f 3003 7941 2998
f 8 3004 7942
f 3004 526 5936
f 7942 5936 1975
f 1998 7942 5937
f 526 1999 7943
f 1999 10 3005
f 7943 3005 527
f 5936 7943 5938
f 517 5941 7944
f 5941 1976 5939
f 7944 5939 524
f 1990 7944 1997
f 3 3000 7945
f 3000 522 5940
f 7945 5940 1976
f 2995 7945 5941
f 522 1995 7946
f 1995 9 3001
f 7946 3001 523
f 5940 7946 5942
f 519 5945 7947
f 5945 1977 5943
f 7947 5943 521
f 2997 7947 1994
f 6 2998 7948
f 2998 520 5944
f 7948 5944 1977
f 1992 7948 5945
f 520 1993 7949
f 1993 4 1985
f 7949 1985 512
f 5944 7949 5946
f 516 5949 7950
f 5949 1978 5947
f 7950 5947 518
f 2994 7950 1991
f 45 1984 7951
f 1984 511 5948
f 7951 5948 1978
f 1989 7951 5949
f 511 2989 7952
f 2989 3 2995
f 7952 2995 517
f 5948 7952 5950
f 512 5953 7953
f 5953 1979 5951
f 7953 5951 515
f 2990 7953 1988
f 4 2991 7954
f 2991 513 5952
f 5952 1979 5953
f 1985 7954 5953
f 1986 7955 5952
f 1986 2 2992
f 2992 514 5954
f 7955 5954 1979
f 508 5957 7956
f 5957 1980 5955
f 7956 5955 511
f 2986 7956 1984
f 47 2987 7957
f 2987 509 5956
f 7957 5956 1980
f 1981 7957 5957
f 1982 7958 5956
f 1982 1 2988
f 2988 510 5958
f 7958 5958 1980
